INSTALL PLUGIN rapid SONAME "ha_rapid.so";
set sql_log_bin = on;
SET SESSION debug='+d,test_ignore_lower_case_check';
#
# test data type - integer
#
create table t1 (
c1 tinyint, c2 tinyint unsigned,
c3 smallint, c4 smallint unsigned,
c5 mediumint, c6 mediumint unsigned,
c7 int, c8 int unsigned,
c9 bigint, c10 bigint unsigned
);
insert into t1 values(-128, 0, -32768, 0, -8388608, 0, -2147483648, 0, -9223372036854775808, 0);
insert into t1 values(127, 255, 32767, 65535, 8388607, 16777215, 2147483647, 4294967295, 9223372036854775807, 18446744073709551615);
alter table t1 secondary_engine=rapid;
alter table t1 secondary_load;
set use_secondary_engine = off;
select -c1 from t1;
-c1
128
-127
select -c2 from t1;
-c2
0
-255
select -c3 from t1;
-c3
32768
-32767
select -c4 from t1;
-c4
0
-65535
select -c5 from t1;
-c5
8388608
-8388607
select -c6 from t1;
-c6
0
-16777215
select -c7 from t1;
-c7
2147483648
-2147483647
select -c8 from t1;
-c8
0
-4294967295
select -c9 from t1;
ERROR 22003: BIGINT value is out of range in '-(`test`.`t1`.`c9`)'
select -c9 from t1 where c9 = 9223372036854775807;
-c9
-9223372036854775807
select -c10 from t1;
ERROR 22003: BIGINT value is out of range in '-(`test`.`t1`.`c10`)'
set use_secondary_engine = forced;
select -c1 from t1;
-c1
128
-127
select -c2 from t1;
-c2
0
-255
select -c3 from t1;
-c3
32768
-32767
select -c4 from t1;
-c4
0
-65535
select -c5 from t1;
-c5
8388608
-8388607
select -c6 from t1;
-c6
0
-16777215
select -c7 from t1;
-c7
2147483648
-2147483647
select -c8 from t1;
-c8
0
-4294967295
select -c9 from t1;
ERROR HY000: Out of Range Error: Overflow in negation of integer!
select -c9 from t1 where c9 = 9223372036854775807;
-c9
-9223372036854775807
select -c10 from t1;
ERROR HY000: Out of Range Error: Overflow in negation of integer!
drop table t1;
#
# test data type - datetime
#
CREATE TABLE t1 (
a DATETIME(6)
);
INSERT INTO t1 VALUES ( '2015-01-01 10:30:00.01010' );
INSERT INTO t1 VALUES ( '2015-01-01 10:30:00.01010+01:00' );
alter table t1 secondary_engine=rapid;
alter table t1 secondary_load;
set use_secondary_engine = off;
SELECT * FROM t1;
a
2015-01-01 10:30:00.010100
2015-01-01 12:30:00.010100
SELECT * FROM t1 where a = '2015-01-01 10:30:00.01010';
a
2015-01-01 10:30:00.010100
SELECT * FROM t1 where a = '2015-01-01 12:30:00.01010';
a
2015-01-01 12:30:00.010100
SELECT * FROM t1 where a = '2015-01-01 11:30:00.01010+04:00';
a
2015-01-01 10:30:00.010100
SELECT * FROM t1 where a = '2015-01-01 13:30:00.01010+04:00';
a
2015-01-01 12:30:00.010100
set use_secondary_engine = forced;
SELECT * FROM t1;
a
2015-01-01 10:30:00.010100
2015-01-01 12:30:00.010100
SELECT * FROM t1 where a = '2015-01-01 10:30:00.01010';
a
2015-01-01 10:30:00.010100
SELECT * FROM t1 where a = '2015-01-01 12:30:00.01010';
a
2015-01-01 12:30:00.010100
SELECT * FROM t1 where a = '2015-01-01 11:30:00.01010+04:00';
a
2015-01-01 10:30:00.010100
SELECT * FROM t1 where a = '2015-01-01 13:30:00.01010+04:00';
a
2015-01-01 12:30:00.010100
SET time_zone = '+02:00';
alter table t1 secondary_unload;
INSERT INTO t1 VALUES ( '2015-01-01 10:30:00.01010' );
INSERT INTO t1 VALUES ( '2015-01-01 10:30:00.01010+01:00' );
alter table t1 secondary_load;
set use_secondary_engine = off;
SELECT * FROM t1;
a
2015-01-01 10:30:00.010100
2015-01-01 12:30:00.010100
2015-01-01 10:30:00.010100
2015-01-01 11:30:00.010100
SELECT * FROM t1 where a = '2015-01-01 10:30:00.01010';
a
2015-01-01 10:30:00.010100
2015-01-01 10:30:00.010100
SELECT * FROM t1 where a = '2015-01-01 11:30:00.01010';
a
2015-01-01 11:30:00.010100
SELECT * FROM t1 where a = '2015-01-01 12:30:00.01010';
a
2015-01-01 12:30:00.010100
SELECT * FROM t1 where a = '2015-01-01 11:30:00.01010+03:00';
a
2015-01-01 10:30:00.010100
2015-01-01 10:30:00.010100
SELECT * FROM t1 where a = '2015-01-01 12:30:00.01010+03:00';
a
2015-01-01 11:30:00.010100
SELECT * FROM t1 where a = '2015-01-01 13:30:00.01010+03:00';
a
2015-01-01 12:30:00.010100
set use_secondary_engine = forced;
SELECT * FROM t1;
a
2015-01-01 10:30:00.010100
2015-01-01 12:30:00.010100
2015-01-01 10:30:00.010100
2015-01-01 11:30:00.010100
SELECT * FROM t1 where a = '2015-01-01 10:30:00.01010';
a
2015-01-01 10:30:00.010100
2015-01-01 10:30:00.010100
SELECT * FROM t1 where a = '2015-01-01 11:30:00.01010';
a
2015-01-01 11:30:00.010100
SELECT * FROM t1 where a = '2015-01-01 12:30:00.01010';
a
2015-01-01 12:30:00.010100
SELECT * FROM t1 where a = '2015-01-01 11:30:00.01010+03:00';
a
2015-01-01 10:30:00.010100
2015-01-01 10:30:00.010100
SELECT * FROM t1 where a = '2015-01-01 12:30:00.01010+03:00';
a
2015-01-01 11:30:00.010100
SELECT * FROM t1 where a = '2015-01-01 13:30:00.01010+03:00';
a
2015-01-01 12:30:00.010100
drop table t1;
SET time_zone = default;
#
# test data type - timestamp
#
CREATE TABLE t1 (
a TIMESTAMP(6)
);
INSERT INTO t1 VALUES ( '2015-01-01 10:30:00.01010' );
INSERT INTO t1 VALUES ( '2015-01-01 10:30:00.01010+01:00' );
alter table t1 secondary_engine=rapid;
alter table t1 secondary_load;
set use_secondary_engine = off;
SELECT * FROM t1;
a
2015-01-01 10:30:00.010100
2015-01-01 12:30:00.010100
SELECT * FROM t1 where a = '2015-01-01 10:30:00.01010';
a
2015-01-01 10:30:00.010100
SELECT * FROM t1 where a = '2015-01-01 12:30:00.01010';
a
2015-01-01 12:30:00.010100
SELECT * FROM t1 where a = '2015-01-01 11:30:00.01010+04:00';
a
2015-01-01 10:30:00.010100
SELECT * FROM t1 where a = '2015-01-01 13:30:00.01010+04:00';
a
2015-01-01 12:30:00.010100
set use_secondary_engine = forced;
SELECT * FROM t1;
a
2015-01-01 10:30:00.010100
2015-01-01 12:30:00.010100
SELECT * FROM t1 where a = '2015-01-01 10:30:00.01010';
a
2015-01-01 10:30:00.010100
SELECT * FROM t1 where a = '2015-01-01 12:30:00.01010';
a
2015-01-01 12:30:00.010100
SELECT * FROM t1 where a = '2015-01-01 11:30:00.01010+04:00';
a
2015-01-01 10:30:00.010100
SELECT * FROM t1 where a = '2015-01-01 13:30:00.01010+04:00';
a
2015-01-01 12:30:00.010100
SET time_zone = '+02:00';
alter table t1 secondary_unload;
INSERT INTO t1 VALUES ( '2015-01-01 10:30:00.01010' );
INSERT INTO t1 VALUES ( '2015-01-01 10:30:00.01010+01:00' );
alter table t1 secondary_load;
set use_secondary_engine = off;
SELECT * FROM t1;
a
2015-01-01 09:30:00.010100
2015-01-01 11:30:00.010100
2015-01-01 10:30:00.010100
2015-01-01 11:30:00.010100
SELECT * FROM t1 where a = '2015-01-01 09:30:00.01010';
a
2015-01-01 09:30:00.010100
SELECT * FROM t1 where a = '2015-01-01 10:30:00.01010';
a
2015-01-01 10:30:00.010100
SELECT * FROM t1 where a = '2015-01-01 11:30:00.01010';
a
2015-01-01 11:30:00.010100
2015-01-01 11:30:00.010100
SELECT * FROM t1 where a = '2015-01-01 10:30:00.01010+03:00';
a
2015-01-01 09:30:00.010100
SELECT * FROM t1 where a = '2015-01-01 11:30:00.01010+03:00';
a
2015-01-01 10:30:00.010100
SELECT * FROM t1 where a = '2015-01-01 12:30:00.01010+03:00';
a
2015-01-01 11:30:00.010100
2015-01-01 11:30:00.010100
set use_secondary_engine = forced;
SELECT * FROM t1;
a
2015-01-01 09:30:00.010100
2015-01-01 11:30:00.010100
2015-01-01 10:30:00.010100
2015-01-01 11:30:00.010100
SELECT * FROM t1 where a = '2015-01-01 09:30:00.01010';
a
2015-01-01 09:30:00.010100
SELECT * FROM t1 where a = '2015-01-01 10:30:00.01010';
a
2015-01-01 10:30:00.010100
SELECT * FROM t1 where a = '2015-01-01 11:30:00.01010';
a
2015-01-01 11:30:00.010100
2015-01-01 11:30:00.010100
SELECT * FROM t1 where a = '2015-01-01 10:30:00.01010+03:00';
a
2015-01-01 09:30:00.010100
SELECT * FROM t1 where a = '2015-01-01 11:30:00.01010+03:00';
a
2015-01-01 10:30:00.010100
SELECT * FROM t1 where a = '2015-01-01 12:30:00.01010+03:00';
a
2015-01-01 11:30:00.010100
2015-01-01 11:30:00.010100
drop table t1;
SET time_zone = default;
#
# test zerofill
#
CREATE TABLE t1 (
c_tiny tinyint zerofill,
c_short smallint zerofill,
c_medium mediumint zerofill,
c_int int zerofill,
c_bigint bigint zerofill,
c_float float zerofill,
c_double double zerofill
);
Warnings:
Warning	1681	The ZEROFILL attribute is deprecated and will be removed in a future release. Use the LPAD function to zero-pad numbers, or store the formatted numbers in a CHAR column.
Warning	1681	The ZEROFILL attribute is deprecated and will be removed in a future release. Use the LPAD function to zero-pad numbers, or store the formatted numbers in a CHAR column.
Warning	1681	The ZEROFILL attribute is deprecated and will be removed in a future release. Use the LPAD function to zero-pad numbers, or store the formatted numbers in a CHAR column.
Warning	1681	The ZEROFILL attribute is deprecated and will be removed in a future release. Use the LPAD function to zero-pad numbers, or store the formatted numbers in a CHAR column.
Warning	1681	The ZEROFILL attribute is deprecated and will be removed in a future release. Use the LPAD function to zero-pad numbers, or store the formatted numbers in a CHAR column.
Warning	1681	The ZEROFILL attribute is deprecated and will be removed in a future release. Use the LPAD function to zero-pad numbers, or store the formatted numbers in a CHAR column.
Warning	1681	The ZEROFILL attribute is deprecated and will be removed in a future release. Use the LPAD function to zero-pad numbers, or store the formatted numbers in a CHAR column.
INSERT INTO t1 VALUES (1, 1, 1, 1, 1, 1.1, 1.111);
INSERT INTO t1 VALUES (22, 22, 22, 22, 22, 22.22, 22.22222);
alter table t1 secondary_engine=rapid;
alter table t1 secondary_load;
set use_secondary_engine = off;
SELECT * FROM t1;
c_tiny	c_short	c_medium	c_int	c_bigint	c_float	c_double
001	00001	00000001	0000000001	00000000000000000001	0000000001.1	000000000000000001.111
022	00022	00000022	0000000022	00000000000000000022	000000022.22	0000000000000022.22222
set use_secondary_engine = forced;
SELECT * FROM t1;
c_tiny	c_short	c_medium	c_int	c_bigint	c_float	c_double
001	00001	00000001	0000000001	00000000000000000001	0000000001.1	000000000000000001.111
022	00022	00000022	0000000022	00000000000000000022	000000022.22	0000000000000022.22222
drop table t1;
UNINSTALL PLUGIN rapid;
