CREATE TABLE test_table_rocksdb(id INT NOT NULL PRIMARY KEY, value CHAR(32)) ENGINE=ROCKSDB;
INSERT INTO test_table_rocksdb VALUES(1, 'one');
SET SESSION rocksdb_lock_wait_timeout=10;
BEGIN;
SELECT /*+ MAX_EXECUTION_TIME(5) */ * FROM test_table_rocksdb WHERE id=1 FOR UPDATE;
id	value
1	one
SELECT /*+ MAX_EXECUTION_TIME(5) */ * FROM test_table_rocksdb WHERE id=1 FOR UPDATE;
ERROR HY000: Query execution was interrupted, maximum statement execution time exceeded
SELECT * FROM test_table_rocksdb WHERE id=1 FOR UPDATE;
ERROR HY000: Lock wait timeout exceeded; try restarting transaction
SET SESSION rocksdb_lock_wait_timeout=5;
SELECT /*+ MAX_EXECUTION_TIME(20000) */ * FROM test_table_rocksdb WHERE id=1 FOR UPDATE;
ERROR HY000: Lock wait timeout exceeded; try restarting transaction
set max_execution_time=2000;
SELECT * FROM test_table_rocksdb WHERE id=1 FOR UPDATE;
ERROR HY000: Query execution was interrupted, maximum statement execution time exceeded
DROP table test_table_rocksdb;
