create table tt (id int primary key, x int) engine = tokudb;
set session sql_mode=(select replace(@@sql_mode,'STRICT_TRANS_TABLES',''));
Warnings:
Warning	3135	'NO_ZERO_DATE', 'NO_ZERO_IN_DATE' and 'ERROR_FOR_DIVISION_BY_ZERO' sql modes should be used with strict mode. They will be merged with strict mode in a future release.
set session sql_mode=(select replace(@@sql_mode,'STRICT_ALL_TABLES',''));
Warnings:
Warning	3135	'NO_ZERO_DATE', 'NO_ZERO_IN_DATE' and 'ERROR_FOR_DIVISION_BY_ZERO' sql modes should be used with strict mode. They will be merged with strict mode in a future release.
set session tokudb_enable_fast_update=1;
set session tokudb_enable_fast_upsert=1;
insert into tt values (1,0);
insert into tt values (1,0) on duplicate key update x=x+1;
ERROR 42000: Table 'tt' uses an extension that doesn't exist in this XYZ version
insert into tt values (2,0) on duplicate key update x=x+1;
ERROR 42000: Table 'tt' uses an extension that doesn't exist in this XYZ version
update tt set x=x+1 where id=1;
ERROR 42000: Table 'tt' uses an extension that doesn't exist in this XYZ version
update tt set x=x+1 where id=2;
ERROR 42000: Table 'tt' uses an extension that doesn't exist in this XYZ version
drop table tt;
