SET @@use_secondary_engine = ON;
CREATE TABLE t1 (a INT, b INT NOT SECONDARY) secondary_engine=rapid;
alter table t1 secondary_load;
ERROR HY000: The column marked as NOT SECONDARY is not supported
ALTER TABLE t1 SECONDARY_ENGINE NULL;
ALTER TABLE t1 MODIFY b INT;
ALTER TABLE t1 SECONDARY_ENGINE=rapid;
insert into t1 values(1,2),(3,4);
alter table t1 secondary_load;
set use_secondary_engine=forced;
explain select * from t1;
id	select_type	table	partitions	type	possible_keys	key	key_len	ref	rows	filtered	Extra
1	SIMPLE	t1	NULL	ALL	NULL	NULL	NULL	NULL	2	100.00	Using secondary engine RAPID
Warnings:
Note	1003	/* select#1 */ select `test`.`t1`.`a` AS `a`,`test`.`t1`.`b` AS `b` from `test`.`t1`
select * from t1;
a	b
1	2
3	4
drop table t1;
CREATE TABLE t1 (c1 int, c2 double, c3 decimal(15,2), c4 varchar(5), c5 char(2), c6 date) secondary_engine rapid;
insert into t1 values(1, 1.2, 3.4, 'abc', 'de', '20230421');
insert into t1 values(2, 11.22, 33.44, 'abcde', 'ab', '20230420');
alter table t1 secondary_load;
set use_secondary_engine=forced;
explain select * from t1;
id	select_type	table	partitions	type	possible_keys	key	key_len	ref	rows	filtered	Extra
1	SIMPLE	t1	NULL	ALL	NULL	NULL	NULL	NULL	2	100.00	Using secondary engine RAPID
Warnings:
Note	1003	/* select#1 */ select `test`.`t1`.`c1` AS `c1`,`test`.`t1`.`c2` AS `c2`,`test`.`t1`.`c3` AS `c3`,`test`.`t1`.`c4` AS `c4`,`test`.`t1`.`c5` AS `c5`,`test`.`t1`.`c6` AS `c6` from `test`.`t1`
select * from t1;
c1	c2	c3	c4	c5	c6
1	1.2	3.40	abc	de	2023-04-21
2	11.22	33.44	abcde	ab	2023-04-20
drop table t1;
CREATE TABLE t1 (c1 text) secondary_engine rapid;
insert into t1 values('abcde');
alter table t1 secondary_load;
ERROR HY000: The data type is not yet supported
drop table t1;
UNINSTALL PLUGIN rapid;
