show variables like 'log_output';
Variable_name	Value
log_output	FILE
set global log_output='TABLE';
set global slow_query_log='ON';
SET GLOBAL long_query_time = 2;
########################################################################################
ALTER RENAME COLUMN-----------lock_ddl_polling_mode = off----------------
'----[connect default]'
drop table if exists t1;
create table t1 (id int);
insert into t1 values (1),(2),(3);
begin;
insert into t1 values (4);
----[connect addconroot]
SET lock_wait_timeout = 5;
alter table t1 rename column  id to id1, ALGORITHM=INPLACE, LOCK=NONE;;
----[connect addconroot2]
select STATE,INFO from information_schema.processlist where state like "%Waiting for table metadata lock%";
STATE	INFO
Waiting for table metadata lock	alter table t1 rename column  id to id1, ALGORITHM=INPLACE, LOCK=NONE
select * from t1;;
----[connect default]
select STATE,INFO from information_schema.processlist where state like "%Waiting for table metadata lock%";
STATE	INFO
Waiting for table metadata lock	alter table t1 rename column  id to id1, ALGORITHM=INPLACE, LOCK=NONE
Waiting for table metadata lock	select * from t1
show create table t1;
Table	Create Table
t1	CREATE TABLE `t1` (
  `id` int DEFAULT NULL
) ENGINE=InnoDB DEFAULT CHARSET=utf8mb4 COLLATE=utf8mb4_0900_ai_ci
select sql_text FROM mysql.slow_log where sql_text = 'select * from t1' and TIME_TO_SEC(query_time) >= 2;
sql_text
select * from t1
----[connect addconroot]
ERROR HY000: Lock wait timeout exceeded; try restarting transaction
----[connect addconroot2]
id
1
2
3
########################################################################################
ALTER RENAME COLUMN-----------lock_ddl_polling_mode = on----------------
----[connect default]
TRUNCATE TABLE mysql.general_log;
TRUNCATE TABLE mysql.slow_log;
drop table if exists t1;
create table t1 (id int);
insert into t1 values (1),(2),(3);
begin;
insert into t1 values (4);
----[connect addconroot]
SET lock_wait_timeout = 5;
SET lock_ddl_polling_mode=on;
SET lock_ddl_polling_runtime=1000;
alter table t1 rename column  id to id1, ALGORITHM=INPLACE, LOCK=NONE;;
----[connect addconroot2]
select STATE,INFO from information_schema.processlist where state like "%Waiting for table metadata lock%";
STATE	INFO
Waiting for table metadata lock	alter table t1 rename column  id to id1, ALGORITHM=INPLACE, LOCK=NONE
select * from t1;
id
1
2
3
----[connect default]
select STATE,INFO from information_schema.processlist where state like "%Waiting for table metadata lock%";
STATE	INFO
Waiting for table metadata lock	alter table t1 rename column  id to id1, ALGORITHM=INPLACE, LOCK=NONE
show create table t1;
Table	Create Table
t1	CREATE TABLE `t1` (
  `id` int DEFAULT NULL
) ENGINE=InnoDB DEFAULT CHARSET=utf8mb4 COLLATE=utf8mb4_0900_ai_ci
do sleep(2);
select sql_text FROM mysql.slow_log where sql_text = 'select * from t1';
sql_text
----[connect addconroot]
ERROR HY000: Lock wait timeout exceeded; try restarting transaction
########################################################################################
ALTER RENAME TABLE-----------lock_ddl_polling_mode = off----------------
'----[connect default]'
drop table if exists t1;
create table t1 (id int);
insert into t1 values (1),(2),(3);
begin;
insert into t1 values (4);
----[connect addconroot]
SET lock_wait_timeout = 5;
SET lock_ddl_polling_mode=off;
alter table t1 rename to t11;;
----[connect addconroot2]
select STATE,INFO from information_schema.processlist where state like "%Waiting for table metadata lock%";
STATE	INFO
Waiting for table metadata lock	alter table t1 rename to t11
select * from t1;;
----[connect default]
select STATE,INFO from information_schema.processlist where state like "%Waiting for table metadata lock%";
STATE	INFO
Waiting for table metadata lock	alter table t1 rename to t11
Waiting for table metadata lock	select * from t1
show create table t1;
Table	Create Table
t1	CREATE TABLE `t1` (
  `id` int DEFAULT NULL
) ENGINE=InnoDB DEFAULT CHARSET=utf8mb4 COLLATE=utf8mb4_0900_ai_ci
select sql_text FROM mysql.slow_log where sql_text = 'select * from t1' and TIME_TO_SEC(query_time) >= 2;
sql_text
select * from t1
----[connect addconroot]
ERROR HY000: Lock wait timeout exceeded; try restarting transaction
----[connect addconroot2]
id
1
2
3
########################################################################################
ALTER RENAME TABLE-----------lock_ddl_polling_mode = on----------------
----[connect default]
TRUNCATE TABLE mysql.general_log;
TRUNCATE TABLE mysql.slow_log;
drop table if exists t1;
create table t1 (id int);
insert into t1 values (1),(2),(3);
begin;
insert into t1 values (4);
----[connect addconroot]
SET lock_wait_timeout = 5;
SET lock_ddl_polling_mode=on;
SET lock_ddl_polling_runtime=1000;
alter table t1 rename to t11;;
----[connect addconroot2]
select STATE,INFO from information_schema.processlist where state like "%Waiting for table metadata lock%";
STATE	INFO
Waiting for table metadata lock	alter table t1 rename to t11
select * from t1;
id
1
2
3
----[connect default]
select STATE,INFO from information_schema.processlist where state like "%Waiting for table metadata lock%";
STATE	INFO
Waiting for table metadata lock	alter table t1 rename to t11
show create table t1;
Table	Create Table
t1	CREATE TABLE `t1` (
  `id` int DEFAULT NULL
) ENGINE=InnoDB DEFAULT CHARSET=utf8mb4 COLLATE=utf8mb4_0900_ai_ci
do sleep(2);
select sql_text FROM mysql.slow_log where sql_text = 'select * from t1';
sql_text
----[connect addconroot]
ERROR HY000: Lock wait timeout exceeded; try restarting transaction
########################################################################################
ALTER ADD COLUMN-----------lock_ddl_polling_mode = off----------------
'----[connect default]'
drop table if exists t1;
create table t1 (id int);
insert into t1 values (1),(2),(3);
begin;
insert into t1 values (4);
----[connect addconroot]
SET lock_wait_timeout = 5;
SET lock_ddl_polling_mode=off;
alter table t1 add column name varchar(100);;
----[connect addconroot2]
select STATE,INFO from information_schema.processlist where state like "%Waiting for table metadata lock%";
STATE	INFO
Waiting for table metadata lock	alter table t1 add column name varchar(100)
select * from t1;;
----[connect default]
select STATE,INFO from information_schema.processlist where state like "%Waiting for table metadata lock%";
STATE	INFO
Waiting for table metadata lock	alter table t1 add column name varchar(100)
Waiting for table metadata lock	select * from t1
show create table t1;
Table	Create Table
t1	CREATE TABLE `t1` (
  `id` int DEFAULT NULL
) ENGINE=InnoDB DEFAULT CHARSET=utf8mb4 COLLATE=utf8mb4_0900_ai_ci
select sql_text FROM mysql.slow_log where sql_text = 'select * from t1' and TIME_TO_SEC(query_time) >= 2;
sql_text
select * from t1
----[connect addconroot]
ERROR HY000: Lock wait timeout exceeded; try restarting transaction
----[connect addconroot2]
id
1
2
3
########################################################################################
ALTER ADD COLUMN-----------lock_ddl_polling_mode = on----------------
----[connect default]
TRUNCATE TABLE mysql.general_log;
TRUNCATE TABLE mysql.slow_log;
drop table if exists t1;
create table t1 (id int);
insert into t1 values (1),(2),(3);
begin;
insert into t1 values (4);
----[connect addconroot]
SET lock_wait_timeout = 5;
SET lock_ddl_polling_mode=on;
SET lock_ddl_polling_runtime=1000;
alter table t1 add column name varchar(100);;
----[connect addconroot2]
select STATE,INFO from information_schema.processlist where state like "%Waiting for table metadata lock%";
STATE	INFO
Waiting for table metadata lock	alter table t1 add column name varchar(100)
select * from t1;
id
1
2
3
----[connect default]
select STATE,INFO from information_schema.processlist where state like "%Waiting for table metadata lock%";
STATE	INFO
Waiting for table metadata lock	alter table t1 add column name varchar(100)
show create table t1;
Table	Create Table
t1	CREATE TABLE `t1` (
  `id` int DEFAULT NULL
) ENGINE=InnoDB DEFAULT CHARSET=utf8mb4 COLLATE=utf8mb4_0900_ai_ci
do sleep(2);
select sql_text FROM mysql.slow_log where sql_text = 'select * from t1';
sql_text
----[connect addconroot]
ERROR HY000: Lock wait timeout exceeded; try restarting transaction
########################################################################################
ALTER DROP COLUMN-----------lock_ddl_polling_mode = off----------------
'----[connect default]'
drop table if exists t1;
create table t1 (id int,name varchar(100));
insert into t1 values (1,'name1'),(2,'name2'),(3,'name3');
begin;
insert into t1 values (4,'name4');
----[connect addconroot]
SET lock_wait_timeout = 5;
SET lock_ddl_polling_mode=off;
alter table t1 drop column name;;
----[connect addconroot2]
----[connect addconroot2]
select STATE,INFO from information_schema.processlist where state like "%Waiting for table metadata lock%";
STATE	INFO
Waiting for table metadata lock	alter table t1 drop column name
select * from t1;;
----[connect default]
select STATE,INFO from information_schema.processlist where state like "%Waiting for table metadata lock%";
STATE	INFO
Waiting for table metadata lock	alter table t1 drop column name
Waiting for table metadata lock	select * from t1
show create table t1;
Table	Create Table
t1	CREATE TABLE `t1` (
  `id` int DEFAULT NULL,
  `name` varchar(100) DEFAULT NULL
) ENGINE=InnoDB DEFAULT CHARSET=utf8mb4 COLLATE=utf8mb4_0900_ai_ci
select sql_text FROM mysql.slow_log where sql_text = 'select * from t1' and TIME_TO_SEC(query_time) >= 2;
sql_text
select * from t1
----[connect addconroot]
ERROR HY000: Lock wait timeout exceeded; try restarting transaction
----[connect addconroot2]
id	name
1	name1
2	name2
3	name3
########################################################################################
ALTER DROP COLUMN-----------lock_ddl_polling_mode = on----------------
----[connect default]
TRUNCATE TABLE mysql.general_log;
TRUNCATE TABLE mysql.slow_log;
drop table if exists t1;
create table t1 (id int,name varchar(100));
insert into t1 values (1,'name1'),(2,'name2'),(3,'name3');
begin;
insert into t1 values (4,'name4');
----[connect addconroot]
SET lock_wait_timeout = 5;
SET lock_ddl_polling_mode=on;
SET lock_ddl_polling_runtime=1000;
alter table t1 drop column name;;
----[connect addconroot2]
select STATE,INFO from information_schema.processlist where state like "%Waiting for table metadata lock%";
STATE	INFO
Waiting for table metadata lock	alter table t1 drop column name
select * from t1;
id	name
1	name1
2	name2
3	name3
----[connect default]
select STATE,INFO from information_schema.processlist where state like "%Waiting for table metadata lock%";
STATE	INFO
Waiting for table metadata lock	alter table t1 drop column name
show create table t1;
Table	Create Table
t1	CREATE TABLE `t1` (
  `id` int DEFAULT NULL,
  `name` varchar(100) DEFAULT NULL
) ENGINE=InnoDB DEFAULT CHARSET=utf8mb4 COLLATE=utf8mb4_0900_ai_ci
do sleep(2);
select sql_text FROM mysql.slow_log where sql_text = 'select * from t1';
sql_text
----[connect addconroot]
ERROR HY000: Lock wait timeout exceeded; try restarting transaction
########################################################################################
ALTER ADD PRIMARY KEY-----------lock_ddl_polling_mode = off----------------
'----[connect default]'
drop table if exists t1;
create table t1 (id int,name varchar(100));
insert into t1 values (1,'name1'),(2,'name2'),(3,'name3');
begin;
insert into t1 values (4,'name4');
----[connect addconroot]
SET lock_wait_timeout = 5;
SET lock_ddl_polling_mode=off;
ALTER TABLE t1 ADD PRIMARY KEY (id);;
----[connect addconroot2]
select STATE,INFO from information_schema.processlist where state like "%Waiting for table metadata lock%";
STATE	INFO
Waiting for table metadata lock	ALTER TABLE t1 ADD PRIMARY KEY (id)
select * from t1;;
----[connect default]
select STATE,INFO from information_schema.processlist where state like "%Waiting for table metadata lock%";
STATE	INFO
Waiting for table metadata lock	ALTER TABLE t1 ADD PRIMARY KEY (id)
Waiting for table metadata lock	select * from t1
show create table t1;
Table	Create Table
t1	CREATE TABLE `t1` (
  `id` int DEFAULT NULL,
  `name` varchar(100) DEFAULT NULL
) ENGINE=InnoDB DEFAULT CHARSET=utf8mb4 COLLATE=utf8mb4_0900_ai_ci
select sql_text FROM mysql.slow_log where sql_text = 'select * from t1' and TIME_TO_SEC(query_time) >= 2;
sql_text
select * from t1
----[connect addconroot]
ERROR HY000: Lock wait timeout exceeded; try restarting transaction
----[connect addconroot2]
id	name
1	name1
2	name2
3	name3
########################################################################################
ALTER ADD PRIMARY KEY-----------lock_ddl_polling_mode = on----------------
----[connect default]
TRUNCATE TABLE mysql.general_log;
TRUNCATE TABLE mysql.slow_log;
drop table if exists t1;
create table t1 (id int,name varchar(100));
insert into t1 values (1,'name1'),(2,'name2'),(3,'name3');
begin;
insert into t1 values (4,'name4');
----[connect addconroot]
SET lock_wait_timeout = 5;
SET lock_ddl_polling_mode=on;
SET lock_ddl_polling_runtime=1000;
ALTER TABLE t1 ADD PRIMARY KEY (id);;
----[connect addconroot2]
select STATE,INFO from information_schema.processlist where state like "%Waiting for table metadata lock%";
STATE	INFO
Waiting for table metadata lock	ALTER TABLE t1 ADD PRIMARY KEY (id)
select * from t1;
id	name
1	name1
2	name2
3	name3
----[connect default]
select STATE,INFO from information_schema.processlist where state like "%Waiting for table metadata lock%";
STATE	INFO
Waiting for table metadata lock	ALTER TABLE t1 ADD PRIMARY KEY (id)
show create table t1;
Table	Create Table
t1	CREATE TABLE `t1` (
  `id` int DEFAULT NULL,
  `name` varchar(100) DEFAULT NULL
) ENGINE=InnoDB DEFAULT CHARSET=utf8mb4 COLLATE=utf8mb4_0900_ai_ci
do sleep(2);
select sql_text FROM mysql.slow_log where sql_text = 'select * from t1';
sql_text
----[connect addconroot]
ERROR HY000: Lock wait timeout exceeded; try restarting transaction
########################################################################################
ALTER ADD INDEX-----------lock_ddl_polling_mode = off----------------
'----[connect default]'
drop table if exists t1;
create table t1 (id int,name varchar(100));
insert into t1 values (1,'name1'),(2,'name2'),(3,'name3');
begin;
insert into t1 values (4,'name4');
----[connect addconroot]
SET lock_wait_timeout = 5;
SET lock_ddl_polling_mode=off;
alter table t1 add index index_name(name);;
----[connect addconroot2]
select STATE,INFO from information_schema.processlist where state like "%Waiting for table metadata lock%";
STATE	INFO
Waiting for table metadata lock	alter table t1 add index index_name(name)
select * from t1;;
----[connect default]
select STATE,INFO from information_schema.processlist where state like "%Waiting for table metadata lock%";
STATE	INFO
Waiting for table metadata lock	alter table t1 add index index_name(name)
Waiting for table metadata lock	select * from t1
show create table t1;
Table	Create Table
t1	CREATE TABLE `t1` (
  `id` int DEFAULT NULL,
  `name` varchar(100) DEFAULT NULL
) ENGINE=InnoDB DEFAULT CHARSET=utf8mb4 COLLATE=utf8mb4_0900_ai_ci
select sql_text FROM mysql.slow_log where sql_text = 'select * from t1' and TIME_TO_SEC(query_time) >= 2;
sql_text
select * from t1
----[connect addconroot]
ERROR HY000: Lock wait timeout exceeded; try restarting transaction
----[connect addconroot2]
id	name
1	name1
2	name2
3	name3
######################################################################################## 
ALTER ADD INDEX-----------lock_ddl_polling_mode = on----------------
----[connect default]
TRUNCATE TABLE mysql.general_log;
TRUNCATE TABLE mysql.slow_log;
drop table if exists t1;
create table t1 (id int,name varchar(100));
insert into t1 values (1,'name1'),(2,'name2'),(3,'name3');
begin;
insert into t1 values (4,'name4');
----[connect addconroot]
SET lock_wait_timeout = 5;
SET lock_ddl_polling_mode=on;
SET lock_ddl_polling_runtime=1000;
alter table t1 add index index_name(name);;
----[connect addconroot2]
select STATE,INFO from information_schema.processlist where state like "%Waiting for table metadata lock%";
STATE	INFO
Waiting for table metadata lock	alter table t1 add index index_name(name)
select * from t1;
id	name
1	name1
2	name2
3	name3
----[connect default]
select STATE,INFO from information_schema.processlist where state like "%Waiting for table metadata lock%";
STATE	INFO
Waiting for table metadata lock	alter table t1 add index index_name(name)
show create table t1;
Table	Create Table
t1	CREATE TABLE `t1` (
  `id` int DEFAULT NULL,
  `name` varchar(100) DEFAULT NULL
) ENGINE=InnoDB DEFAULT CHARSET=utf8mb4 COLLATE=utf8mb4_0900_ai_ci
do sleep(2);
select sql_text FROM mysql.slow_log where sql_text = 'select * from t1';
sql_text
----[connect addconroot]
ERROR HY000: Lock wait timeout exceeded; try restarting transaction
########################################################################################
CREATE INDEX-----------lock_ddl_polling_mode = off----------------
'----[connect default]'
drop table if exists t1;
create table t1 (id int,name varchar(100));
insert into t1 values (1,'name1'),(2,'name2'),(3,'name3');
begin;
insert into t1 values (4,'name4');
----[connect addconroot]
SET lock_wait_timeout = 5;
SET lock_ddl_polling_mode=off;
create index index_name on t1(name);;
----[connect addconroot2]
select STATE,INFO from information_schema.processlist where state like "%Waiting for table metadata lock%";
STATE	INFO
Waiting for table metadata lock	create index index_name on t1(name)
select * from t1;;
----[connect default]
select STATE,INFO from information_schema.processlist where state like "%Waiting for table metadata lock%";
STATE	INFO
Waiting for table metadata lock	create index index_name on t1(name)
Waiting for table metadata lock	select * from t1
show create table t1;
Table	Create Table
t1	CREATE TABLE `t1` (
  `id` int DEFAULT NULL,
  `name` varchar(100) DEFAULT NULL
) ENGINE=InnoDB DEFAULT CHARSET=utf8mb4 COLLATE=utf8mb4_0900_ai_ci
select sql_text FROM mysql.slow_log where sql_text = 'select * from t1' and TIME_TO_SEC(query_time) >= 2;
sql_text
select * from t1
----[connect addconroot]
ERROR HY000: Lock wait timeout exceeded; try restarting transaction
----[connect addconroot2]
id	name
1	name1
2	name2
3	name3
######################################################################################## 
CREATE INDEX-----------lock_ddl_polling_mode = on----------------
----[connect default]
TRUNCATE TABLE mysql.general_log;
TRUNCATE TABLE mysql.slow_log;
drop table if exists t1;
create table t1 (id int,name varchar(100));
insert into t1 values (1,'name1'),(2,'name2'),(3,'name3');
begin;
insert into t1 values (4,'name4');
----[connect addconroot]
SET lock_wait_timeout = 5;
SET lock_ddl_polling_mode=on;
SET lock_ddl_polling_runtime=1000;
create index index_name on t1(name);;
----[connect addconroot2]
select STATE,INFO from information_schema.processlist where state like "%Waiting for table metadata lock%";
STATE	INFO
Waiting for table metadata lock	create index index_name on t1(name)
select * from t1;
id	name
1	name1
2	name2
3	name3
----[connect default]
select STATE,INFO from information_schema.processlist where state like "%Waiting for table metadata lock%";
STATE	INFO
Waiting for table metadata lock	create index index_name on t1(name)
show create table t1;
Table	Create Table
t1	CREATE TABLE `t1` (
  `id` int DEFAULT NULL,
  `name` varchar(100) DEFAULT NULL
) ENGINE=InnoDB DEFAULT CHARSET=utf8mb4 COLLATE=utf8mb4_0900_ai_ci
do sleep(2);
select sql_text FROM mysql.slow_log where sql_text = 'select * from t1';
sql_text
----[connect addconroot]
ERROR HY000: Lock wait timeout exceeded; try restarting transaction
########################################################################################
ALTER DROP INDEX-----------lock_ddl_polling_mode = off----------------
'----[connect default]'
drop table if exists t1;
create table t1 (id int,name varchar(100),index index_name(name));
insert into t1 values (1,'name1'),(2,'name2'),(3,'name3');
begin;
insert into t1 values (4,'name4');
----[connect addconroot]
SET lock_wait_timeout = 5;
SET lock_ddl_polling_mode=off;
alter table t1 drop index index_name;;
----[connect addconroot2]
select STATE,INFO from information_schema.processlist where state like "%Waiting for table metadata lock%";
STATE	INFO
Waiting for table metadata lock	alter table t1 drop index index_name
select * from t1;;
----[connect default]
select STATE,INFO from information_schema.processlist where state like "%Waiting for table metadata lock%";
STATE	INFO
Waiting for table metadata lock	alter table t1 drop index index_name
Waiting for table metadata lock	select * from t1
show create table t1;
Table	Create Table
t1	CREATE TABLE `t1` (
  `id` int DEFAULT NULL,
  `name` varchar(100) DEFAULT NULL,
  KEY `index_name` (`name`)
) ENGINE=InnoDB DEFAULT CHARSET=utf8mb4 COLLATE=utf8mb4_0900_ai_ci
select sql_text FROM mysql.slow_log where sql_text = 'select * from t1' and TIME_TO_SEC(query_time) >= 2;
sql_text
select * from t1
----[connect addconroot]
ERROR HY000: Lock wait timeout exceeded; try restarting transaction
----[connect addconroot2]
id	name
1	name1
2	name2
3	name3
########################################################################################
ALTER DROP INDEX-----------lock_ddl_polling_mode = on----------------
----[connect default]
TRUNCATE TABLE mysql.general_log;
TRUNCATE TABLE mysql.slow_log;
drop table if exists t1;
create table t1 (id int,name varchar(100),index index_name(name));
insert into t1 values (1,'name1'),(2,'name2'),(3,'name3');
begin;
insert into t1 values (4,'name4');
----[connect addconroot]
SET lock_wait_timeout = 5;
SET lock_ddl_polling_mode=on;
SET lock_ddl_polling_runtime=1000;
alter table t1 drop index index_name;;
----[connect addconroot2]
select STATE,INFO from information_schema.processlist where state like "%Waiting for table metadata lock%";
STATE	INFO
Waiting for table metadata lock	alter table t1 drop index index_name
select * from t1;
id	name
1	name1
2	name2
3	name3
----[connect default]
select STATE,INFO from information_schema.processlist where state like "%Waiting for table metadata lock%";
STATE	INFO
Waiting for table metadata lock	alter table t1 drop index index_name
show create table t1;
Table	Create Table
t1	CREATE TABLE `t1` (
  `id` int DEFAULT NULL,
  `name` varchar(100) DEFAULT NULL,
  KEY `index_name` (`name`)
) ENGINE=InnoDB DEFAULT CHARSET=utf8mb4 COLLATE=utf8mb4_0900_ai_ci
do sleep(2);
select sql_text FROM mysql.slow_log where sql_text = 'select * from t1';
sql_text
----[connect addconroot]
ERROR HY000: Lock wait timeout exceeded; try restarting transaction
########################################################################################
DROP INDEX-----------lock_ddl_polling_mode = off----------------
'----[connect default]'
drop table if exists t1;
create table t1 (id int,name varchar(100),index index_name(name));
insert into t1 values (1,'name1'),(2,'name2'),(3,'name3');
begin;
insert into t1 values (4,'name4');
----[connect addconroot]
SET lock_wait_timeout = 5;
SET lock_ddl_polling_mode=off;
drop index index_name on t1;;
----[connect addconroot2]
select STATE,INFO from information_schema.processlist where state like "%Waiting for table metadata lock%";
STATE	INFO
Waiting for table metadata lock	drop index index_name on t1
select * from t1;;
----[connect default]
select STATE,INFO from information_schema.processlist where state like "%Waiting for table metadata lock%";
STATE	INFO
Waiting for table metadata lock	drop index index_name on t1
Waiting for table metadata lock	select * from t1
show create table t1;
Table	Create Table
t1	CREATE TABLE `t1` (
  `id` int DEFAULT NULL,
  `name` varchar(100) DEFAULT NULL,
  KEY `index_name` (`name`)
) ENGINE=InnoDB DEFAULT CHARSET=utf8mb4 COLLATE=utf8mb4_0900_ai_ci
select sql_text FROM mysql.slow_log where sql_text = 'select * from t1' and TIME_TO_SEC(query_time) >= 2;
sql_text
select * from t1
----[connect addconroot]
ERROR HY000: Lock wait timeout exceeded; try restarting transaction
----[connect addconroot2]
id	name
1	name1
2	name2
3	name3
########################################################################################
DROP INDEX-----------lock_ddl_polling_mode = on----------------
----[connect default]
TRUNCATE TABLE mysql.general_log;
TRUNCATE TABLE mysql.slow_log;
drop table if exists t1;
create table t1 (id int,name varchar(100),index index_name(name));
insert into t1 values (1,'name1'),(2,'name2'),(3,'name3');
begin;
insert into t1 values (4,'name4');
----[connect addconroot]
SET lock_wait_timeout = 5;
SET lock_ddl_polling_mode=on;
SET lock_ddl_polling_runtime=1000;
drop index index_name on t1;;
----[connect addconroot2]
select STATE,INFO from information_schema.processlist where state like "%Waiting for table metadata lock%";
STATE	INFO
Waiting for table metadata lock	drop index index_name on t1
select * from t1;
id	name
1	name1
2	name2
3	name3
----[connect default]
select STATE,INFO from information_schema.processlist where state like "%Waiting for table metadata lock%";
STATE	INFO
Waiting for table metadata lock	drop index index_name on t1
show create table t1;
Table	Create Table
t1	CREATE TABLE `t1` (
  `id` int DEFAULT NULL,
  `name` varchar(100) DEFAULT NULL,
  KEY `index_name` (`name`)
) ENGINE=InnoDB DEFAULT CHARSET=utf8mb4 COLLATE=utf8mb4_0900_ai_ci
do sleep(2);
select sql_text FROM mysql.slow_log where sql_text = 'select * from t1';
sql_text
----[connect addconroot]
ERROR HY000: Lock wait timeout exceeded; try restarting transaction
########################################################################################
ALTER ADD PARTITION-----------lock_ddl_polling_mode = off----------------
----[connect default]
drop table if exists t1;
CREATE TABLE t1 (
id INT ,
name VARCHAR(50),
sale_date DATE
)
PARTITION BY RANGE (YEAR(sale_date)) (
PARTITION p0 VALUES LESS THAN (2020),
PARTITION p1 VALUES LESS THAN (2021),
PARTITION p2 VALUES LESS THAN (2022),
PARTITION p3 VALUES LESS THAN (2099)
);
insert into t1 values (1,'name1',sysdate);
begin;
insert into t1 values (2,'name3',sysdate);
----[connect addconroot]
SET lock_wait_timeout = 5;
SET lock_ddl_polling_mode=off;
ALTER TABLE t1 ADD PARTITION (PARTITION p5 VALUES LESS THAN (2100));;
----[connect addconroot2]
select STATE,INFO from information_schema.processlist where state like "%Waiting for table metadata lock%";
STATE	INFO
Waiting for table metadata lock	ALTER TABLE t1 ADD PARTITION (PARTITION p5 VALUES LESS THAN (2100))
select id from t1;;
----[connect default]
select STATE,INFO from information_schema.processlist where state like "%Waiting for table metadata lock%";
STATE	INFO
Waiting for table metadata lock	ALTER TABLE t1 ADD PARTITION (PARTITION p5 VALUES LESS THAN (2100))
Waiting for table metadata lock	select id from t1
show create table t1;
Table	Create Table
t1	CREATE TABLE `t1` (
  `id` int DEFAULT NULL,
  `name` varchar(50) DEFAULT NULL,
  `sale_date` date DEFAULT NULL
) ENGINE=InnoDB DEFAULT CHARSET=utf8mb4 COLLATE=utf8mb4_0900_ai_ci
/*!50100 PARTITION BY RANGE (year(`sale_date`))
(PARTITION p0 VALUES LESS THAN (2020) ENGINE = InnoDB,
 PARTITION p1 VALUES LESS THAN (2021) ENGINE = InnoDB,
 PARTITION p2 VALUES LESS THAN (2022) ENGINE = InnoDB,
 PARTITION p3 VALUES LESS THAN (2099) ENGINE = InnoDB) */
select sql_text FROM mysql.slow_log where sql_text = 'select id from t1' and TIME_TO_SEC(query_time) >= 2;
sql_text
select id from t1
----[connect addconroot]
ERROR HY000: Lock wait timeout exceeded; try restarting transaction
----[connect addconroot2]
id
1
########################################################################################
ALTER ADD PARTITION-----------lock_ddl_polling_mode = on----------------
----[connect default]
TRUNCATE TABLE mysql.general_log;
TRUNCATE TABLE mysql.slow_log;
drop table if exists t1;
CREATE TABLE t1 (
id INT ,
name VARCHAR(50),
sale_date DATE
)
PARTITION BY RANGE (YEAR(sale_date)) (
PARTITION p0 VALUES LESS THAN (2020),
PARTITION p1 VALUES LESS THAN (2021),
PARTITION p2 VALUES LESS THAN (2022),
PARTITION p3 VALUES LESS THAN (2099)
);
insert into t1 values (1,'name1',sysdate);
begin;
insert into t1 values (2,'name3',sysdate);
----[connect addconroot]
SET lock_wait_timeout = 5;
SET lock_ddl_polling_mode=on;
SET lock_ddl_polling_runtime=1000;
ALTER TABLE t1 ADD PARTITION (PARTITION p5 VALUES LESS THAN (2100));;
----[connect addconroot2]
select STATE,INFO from information_schema.processlist where state like "%Waiting for table metadata lock%";
STATE	INFO
Waiting for table metadata lock	ALTER TABLE t1 ADD PARTITION (PARTITION p5 VALUES LESS THAN (2100))
select id from t1;
id
1
----[connect default]
select STATE,INFO from information_schema.processlist where state like "%Waiting for table metadata lock%";
STATE	INFO
Waiting for table metadata lock	ALTER TABLE t1 ADD PARTITION (PARTITION p5 VALUES LESS THAN (2100))
show create table t1;
Table	Create Table
t1	CREATE TABLE `t1` (
  `id` int DEFAULT NULL,
  `name` varchar(50) DEFAULT NULL,
  `sale_date` date DEFAULT NULL
) ENGINE=InnoDB DEFAULT CHARSET=utf8mb4 COLLATE=utf8mb4_0900_ai_ci
/*!50100 PARTITION BY RANGE (year(`sale_date`))
(PARTITION p0 VALUES LESS THAN (2020) ENGINE = InnoDB,
 PARTITION p1 VALUES LESS THAN (2021) ENGINE = InnoDB,
 PARTITION p2 VALUES LESS THAN (2022) ENGINE = InnoDB,
 PARTITION p3 VALUES LESS THAN (2099) ENGINE = InnoDB) */
do sleep(2);
select sql_text FROM mysql.slow_log where sql_text = 'select id from t1';
sql_text
----[connect addconroot]
ERROR HY000: Lock wait timeout exceeded; try restarting transaction
########################################################################################
ALTER DROP PARTITION-----------lock_ddl_polling_mode = off----------------
----[connect default]
drop table if exists t1;
CREATE TABLE t1 (
id INT ,
name VARCHAR(50),
sale_date DATE
)
PARTITION BY RANGE (YEAR(sale_date)) (
PARTITION p0 VALUES LESS THAN (2020),
PARTITION p1 VALUES LESS THAN (2021),
PARTITION p2 VALUES LESS THAN (2022),
PARTITION p3 VALUES LESS THAN (2099)
);
insert into t1 values (1,'name1',sysdate);
begin;
insert into t1 values (2,'name3',sysdate);
----[connect addconroot]
SET lock_wait_timeout = 5;
SET lock_ddl_polling_mode=off;
ALTER TABLE t1 DROP PARTITION p0;;
----[connect addconroot2]
select STATE,INFO from information_schema.processlist where state like "%Waiting for table metadata lock%";
STATE	INFO
Waiting for table metadata lock	ALTER TABLE t1 DROP PARTITION p0
select id from t1;;
----[connect default]
select STATE,INFO from information_schema.processlist where state like "%Waiting for table metadata lock%";
STATE	INFO
Waiting for table metadata lock	ALTER TABLE t1 DROP PARTITION p0
Waiting for table metadata lock	select id from t1
show create table t1;
Table	Create Table
t1	CREATE TABLE `t1` (
  `id` int DEFAULT NULL,
  `name` varchar(50) DEFAULT NULL,
  `sale_date` date DEFAULT NULL
) ENGINE=InnoDB DEFAULT CHARSET=utf8mb4 COLLATE=utf8mb4_0900_ai_ci
/*!50100 PARTITION BY RANGE (year(`sale_date`))
(PARTITION p0 VALUES LESS THAN (2020) ENGINE = InnoDB,
 PARTITION p1 VALUES LESS THAN (2021) ENGINE = InnoDB,
 PARTITION p2 VALUES LESS THAN (2022) ENGINE = InnoDB,
 PARTITION p3 VALUES LESS THAN (2099) ENGINE = InnoDB) */
select sql_text FROM mysql.slow_log where sql_text = 'select id from t1' and TIME_TO_SEC(query_time) >= 2;
sql_text
select id from t1
----[connect addconroot]
ERROR HY000: Lock wait timeout exceeded; try restarting transaction
----[connect addconroot2]
id
1
########################################################################################
ALTER DROP PARTITION-----------lock_ddl_polling_mode = on----------------
----[connect default]
TRUNCATE TABLE mysql.general_log;
TRUNCATE TABLE mysql.slow_log;
drop table if exists t1;
CREATE TABLE t1 (
id INT ,
name VARCHAR(50),
sale_date DATE
)
PARTITION BY RANGE (YEAR(sale_date)) (
PARTITION p0 VALUES LESS THAN (2020),
PARTITION p1 VALUES LESS THAN (2021),
PARTITION p2 VALUES LESS THAN (2022),
PARTITION p3 VALUES LESS THAN (2099)
);
insert into t1 values (1,'name1',sysdate);
begin;
insert into t1 values (2,'name3',sysdate);
----[connect addconroot]
SET lock_wait_timeout = 5;
SET lock_ddl_polling_mode=on;
SET lock_ddl_polling_runtime=1000;
ALTER TABLE t1 DROP PARTITION p0;;
----[connect addconroot2]
select STATE,INFO from information_schema.processlist where state like "%Waiting for table metadata lock%";
STATE	INFO
Waiting for table metadata lock	ALTER TABLE t1 DROP PARTITION p0
select id from t1;
id
1
----[connect default]
select STATE,INFO from information_schema.processlist where state like "%Waiting for table metadata lock%";
STATE	INFO
Waiting for table metadata lock	ALTER TABLE t1 DROP PARTITION p0
show create table t1;
Table	Create Table
t1	CREATE TABLE `t1` (
  `id` int DEFAULT NULL,
  `name` varchar(50) DEFAULT NULL,
  `sale_date` date DEFAULT NULL
) ENGINE=InnoDB DEFAULT CHARSET=utf8mb4 COLLATE=utf8mb4_0900_ai_ci
/*!50100 PARTITION BY RANGE (year(`sale_date`))
(PARTITION p0 VALUES LESS THAN (2020) ENGINE = InnoDB,
 PARTITION p1 VALUES LESS THAN (2021) ENGINE = InnoDB,
 PARTITION p2 VALUES LESS THAN (2022) ENGINE = InnoDB,
 PARTITION p3 VALUES LESS THAN (2099) ENGINE = InnoDB) */
do sleep(2);
select sql_text FROM mysql.slow_log where sql_text = 'select id from t1';
sql_text
----[connect addconroot]
ERROR HY000: Lock wait timeout exceeded; try restarting transaction
########################################################################################
OPTIMIZE-----------lock_ddl_polling_mode = off----------------
'----[connect default]'
drop table if exists t2;
create table t2 (id int);
insert into t2 values (1),(2),(3);
begin;
insert into t2 values (4);
----[connect addconroot]
SET lock_wait_timeout = 5;
SET lock_ddl_polling_mode=off;
OPTIMIZE TABLE t2;;
----[connect addconroot2]
select STATE,INFO from information_schema.processlist where state like "%Waiting for table metadata lock%";
STATE	INFO
Waiting for table metadata lock	OPTIMIZE TABLE t2
select * from t2;;
----[connect default]
select STATE,INFO from information_schema.processlist where state like "%Waiting for table metadata lock%";
STATE	INFO
Waiting for table metadata lock	OPTIMIZE TABLE t2
Waiting for table metadata lock	select * from t2
show create table t2;
Table	Create Table
t2	CREATE TABLE `t2` (
  `id` int DEFAULT NULL
) ENGINE=InnoDB DEFAULT CHARSET=utf8mb4 COLLATE=utf8mb4_0900_ai_ci
select sql_text FROM mysql.slow_log where sql_text = 'select * from t2' and TIME_TO_SEC(query_time) >= 2;
sql_text
select * from t2
----[connect addconroot]
Table	Op	Msg_type	Msg_text
test.t2	optimize	Error	Lock wait timeout exceeded; try restarting transaction
test.t2	optimize	status	Operation failed
----[connect addconroot2]
id
1
2
3
########################################################################################
OPTIMIZE-----------lock_ddl_polling_mode = on----------------
----[connect default]
TRUNCATE TABLE mysql.general_log;
TRUNCATE TABLE mysql.slow_log;
drop table if exists t2;
create table t2 (id int);
insert into t2 values (1),(2),(3);
begin;
insert into t2 values (4);
----[connect addconroot]
SET lock_wait_timeout = 5;
SET lock_ddl_polling_mode=on;
SET lock_ddl_polling_runtime=1000;
OPTIMIZE TABLE t2;;
----[connect addconroot2]
select STATE,INFO from information_schema.processlist where state like "%Waiting for table metadata lock%";
STATE	INFO
Waiting for table metadata lock	OPTIMIZE TABLE t2
select * from t2;
id
1
2
3
----[connect default]
select STATE,INFO from information_schema.processlist where state like "%Waiting for table metadata lock%";
STATE	INFO
Waiting for table metadata lock	OPTIMIZE TABLE t2
show create table t1;
Table	Create Table
t1	CREATE TABLE `t1` (
  `id` int DEFAULT NULL,
  `name` varchar(50) DEFAULT NULL,
  `sale_date` date DEFAULT NULL
) ENGINE=InnoDB DEFAULT CHARSET=utf8mb4 COLLATE=utf8mb4_0900_ai_ci
/*!50100 PARTITION BY RANGE (year(`sale_date`))
(PARTITION p0 VALUES LESS THAN (2020) ENGINE = InnoDB,
 PARTITION p1 VALUES LESS THAN (2021) ENGINE = InnoDB,
 PARTITION p2 VALUES LESS THAN (2022) ENGINE = InnoDB,
 PARTITION p3 VALUES LESS THAN (2099) ENGINE = InnoDB) */
do sleep(2);
select sql_text FROM mysql.slow_log where sql_text = 'select * from t2';
sql_text
----[connect addconroot]
Table	Op	Msg_type	Msg_text
test.t2	optimize	Error	Lock wait timeout exceeded; try restarting transaction
test.t2	optimize	status	Operation failed
########################################################################################
TRUNCATE-----------lock_ddl_polling_mode = off----------------
----[connect default]
drop table if exists t3;
create table t3 (id int);
insert into t3 values (1),(2),(3);
begin;
insert into t3 values (4);
----[connect addconroot]
SET lock_wait_timeout = 5;
SET lock_ddl_polling_mode=off;
TRUNCATE TABLE t3;;
----[connect addconroot2]
select STATE,INFO from information_schema.processlist where state like "%Waiting for table metadata lock%";
STATE	INFO
Waiting for table metadata lock	TRUNCATE TABLE t3
select * from t3;;
----[connect default]
select STATE,INFO from information_schema.processlist where state like "%Waiting for table metadata lock%";
STATE	INFO
Waiting for table metadata lock	TRUNCATE TABLE t3
Waiting for table metadata lock	select * from t3
show create table t3;
Table	Create Table
t3	CREATE TABLE `t3` (
  `id` int DEFAULT NULL
) ENGINE=InnoDB DEFAULT CHARSET=utf8mb4 COLLATE=utf8mb4_0900_ai_ci
select sql_text FROM mysql.slow_log where sql_text = 'select * from t3' and TIME_TO_SEC(query_time) >= 2;
sql_text
select * from t3
----[connect addconroot]
ERROR HY000: Lock wait timeout exceeded; try restarting transaction
----[connect addconroot2]
id
1
2
3
########################################################################################
TRUNCATE-----------lock_ddl_polling_mode = on----------------
----[connect default]
TRUNCATE TABLE mysql.general_log;
TRUNCATE TABLE mysql.slow_log;
drop table if exists t3;
create table t3 (id int);
insert into t3 values (1),(2),(3);
begin;
insert into t3 values (4);
----[connect addconroot]
SET lock_wait_timeout = 5;
SET lock_ddl_polling_mode=on;
SET lock_ddl_polling_runtime=1000;
TRUNCATE TABLE t3;;
----[connect addconroot2]
select STATE,INFO from information_schema.processlist where state like "%Waiting for table metadata lock%";
STATE	INFO
Waiting for table metadata lock	TRUNCATE TABLE t3
select * from t3;
id
1
2
3
----[connect default]
select STATE,INFO from information_schema.processlist where state like "%Waiting for table metadata lock%";
STATE	INFO
Waiting for table metadata lock	TRUNCATE TABLE t3
show create table t3;
Table	Create Table
t3	CREATE TABLE `t3` (
  `id` int DEFAULT NULL
) ENGINE=InnoDB DEFAULT CHARSET=utf8mb4 COLLATE=utf8mb4_0900_ai_ci
do sleep(2);
select sql_text FROM mysql.slow_log where sql_text = 'select * from t3';
sql_text
----[connect addconroot]
ERROR HY000: Lock wait timeout exceeded; try restarting transaction
----[connect default]
SET GLOBAL long_query_time = 10;
set global log_output='FILE';
TRUNCATE TABLE mysql.general_log;
TRUNCATE TABLE mysql.slow_log;
drop table t1,t2,t3;
