set sql_mode=default;
CREATE PROCEDURE p1()
begin
declare a VARCHAR(200) DEFAULT 'Only MyISAM tables';
declare b LONGTEXT DEFAULT 'support collections';
set @bb = match(a,b) AGAINST('collections');
prepare stmt1 from 'select * from t1 where ?';
EXECUTE stmt1 using @bb;
end;
$$
call p1;
ERROR HY000: Incorrect arguments to MATCH
call p1;
ERROR HY000: Incorrect arguments to MATCH
set sql_mode=default;
CREATE  PROCEDURE p2()
begin
declare a VARCHAR(200) DEFAULT 'Only MyISAM tables';
declare b LONGTEXT DEFAULT 'support collections';
set @bb = grouping(b) ;
prepare stmt1 from 'select * from t1 where ?';
EXECUTE stmt1 using @bb;
end;
$$
call p2;
ERROR HY000: Invalid use of group function
call p2;
ERROR HY000: Invalid use of group function
drop procedure p1;
drop procedure p2;
