create table test (
c1 decimal(10,6) default '-100.12',
c2 decimal(10,6) default '-100.123',
c3 decimal(10,6) default '-100.1234',
c4 decimal(10,6) default '100.12345',
c5 decimal(10,6) default '100.123456',
c6 decimal(10,6) default '100.1234567'
    );
insert into test values();
insert into test values(1.1,2.123,3.1234,-4.123456,-5.1234567,-6.1234567);
select * from test;
c1	c2	c3	c4	c5	c6
-100.120000	-100.123000	-100.123400	100.123450	100.123456	100.123457
1.100000	2.123000	3.123400	-4.123456	-5.123457	-6.123457
set sql_mode=oracle;
select * from test;
c1	c2	c3	c4	c5	c6
-100.12	-100.123	-100.1234	100.12345	100.123456	100.123457
1.1	2.123	3.1234	-4.123456	-5.123457	-6.123457
drop table test;
