SET sql_mode=ORACLE;
CREATE TABLE t1(c1 YEAR DEFAULT (DATE '2021-03-17'));
INSERT INTO t1 VALUES();
SELECT HEX(c1), c1 FROM t1;
HEX(c1)	c1
7E5	2021
CREATE PROCEDURE p1(a YEAR DEFAULT DATE '2021-03-17')
AS
BEGIN
SELECT a;
END|
CREATE FUNCTION f1(a YEAR DEFAULT DATE '2021-03-17') RETURN YEAR
AS
BEGIN
RETURN a;
END|
CALL p1(DATE '2021-03-17');
a
2021
CALL p1();
a
2021
SELECT f1(DATE '2021-03-17');
f1(DATE '2021-03-17')
2021
SELECT f1();
f1()
2021
DROP PROCEDURE p1;
DROP FUNCTION f1;
DROP TABLE t1;
SET sql_mode=ORACLE;
CREATE TABLE t1(c1 YEAR DEFAULT (TIMESTAMP '2021-10-23 01:02:03'));
INSERT INTO t1 VALUES();
SELECT HEX(c1), c1 FROM t1;
HEX(c1)	c1
7E5	2021
CREATE PROCEDURE p1(a YEAR DEFAULT TIMESTAMP '2021-10-23 01:02:03')
AS
BEGIN
SELECT a;
END|
CREATE FUNCTION f1(a YEAR DEFAULT TIMESTAMP '2021-10-23 01:02:03') RETURN YEAR
AS
BEGIN
RETURN a;
END|
CALL p1(TIMESTAMP '2021-10-23 01:02:03');
a
2021
CALL p1();
a
2021
SELECT f1(TIMESTAMP '2021-10-23 01:02:03');
f1(TIMESTAMP '2021-10-23 01:02:03')
2021
SELECT f1();
f1()
2021
DROP PROCEDURE p1;
DROP FUNCTION f1;
DROP TABLE t1;
SET sql_mode=ORACLE;
CREATE TABLE t1(c1 YEAR DEFAULT (DATE '20210317'));
INSERT INTO t1 VALUES();
SELECT HEX(c1), c1 FROM t1;
HEX(c1)	c1
7E5	2021
CREATE PROCEDURE p1(a YEAR DEFAULT DATE '20210317')
AS
BEGIN
SELECT a;
END|
CREATE FUNCTION f1(a YEAR DEFAULT DATE '20210317') RETURN YEAR
AS
BEGIN
RETURN a;
END|
CALL p1(DATE '20210317');
a
2021
CALL p1();
a
2021
SELECT f1(DATE '20210317');
f1(DATE '20210317')
2021
SELECT f1();
f1()
2021
DROP PROCEDURE p1;
DROP FUNCTION f1;
DROP TABLE t1;
SET sql_mode=ORACLE;
CREATE TABLE t1(c1 TIME DEFAULT (TIME '08:10:23'));
INSERT INTO t1 VALUES();
SELECT HEX(c1), c1 FROM t1;
HEX(c1)	c1
30383A31303A3233	08:10:23
CREATE PROCEDURE p1(a TIME DEFAULT TIME '08:10:23')
AS
BEGIN
SELECT a;
END|
CREATE FUNCTION f1(a TIME DEFAULT TIME '08:10:23') RETURN TIME
AS
BEGIN
RETURN a;
END|
CALL p1(TIME '08:10:23');
a
08:10:23
CALL p1();
a
08:10:23
SELECT f1(TIME '08:10:23');
f1(TIME '08:10:23')
08:10:23
SELECT f1();
f1()
08:10:23
DROP PROCEDURE p1;
DROP FUNCTION f1;
DROP TABLE t1;
SET sql_mode=ORACLE;
CREATE TABLE t1(c1 TIME DEFAULT (TIMESTAMP '2021-10-23 01:02:03'));
INSERT INTO t1 VALUES();
SELECT HEX(c1), c1 FROM t1;
HEX(c1)	c1
30313A30323A3033	01:02:03
CREATE PROCEDURE p1(a TIME DEFAULT TIMESTAMP '2021-10-23 01:02:03')
AS
BEGIN
SELECT a;
END|
CREATE FUNCTION f1(a TIME DEFAULT TIMESTAMP '2021-10-23 01:02:03') RETURN TIME
AS
BEGIN
RETURN a;
END|
CALL p1(TIMESTAMP '2021-10-23 01:02:03');
a
01:02:03
CALL p1();
a
01:02:03
SELECT f1(TIMESTAMP '2021-10-23 01:02:03');
f1(TIMESTAMP '2021-10-23 01:02:03')
01:02:03
SELECT f1();
f1()
01:02:03
DROP PROCEDURE p1;
DROP FUNCTION f1;
DROP TABLE t1;
SET sql_mode=ORACLE;
CREATE TABLE t1(c1 DATETIME DEFAULT (TIMESTAMP '2021-10-23 01:02:03'));
INSERT INTO t1 VALUES();
SELECT HEX(c1), c1 FROM t1;
HEX(c1)	c1
323032312D31302D32332030313A30323A3033	2021-10-23 01:02:03
CREATE PROCEDURE p1(a DATETIME DEFAULT TIMESTAMP '2021-10-23 01:02:03')
AS
BEGIN
SELECT a;
END|
CREATE FUNCTION f1(a DATETIME DEFAULT TIMESTAMP '2021-10-23 01:02:03') RETURN DATETIME
AS
BEGIN
RETURN a;
END|
CALL p1(TIMESTAMP '2021-10-23 01:02:03');
a
2021-10-23 01:02:03
CALL p1();
a
2021-10-23 01:02:03
SELECT f1(TIMESTAMP '2021-10-23 01:02:03');
f1(TIMESTAMP '2021-10-23 01:02:03')
2021-10-23 01:02:03
SELECT f1();
f1()
2021-10-23 01:02:03
DROP PROCEDURE p1;
DROP FUNCTION f1;
DROP TABLE t1;
SET sql_mode=ORACLE;
CREATE TABLE t1(c1 TIMESTAMP DEFAULT (TIMESTAMP '2021-10-23 01:02:03'));
INSERT INTO t1 VALUES();
SELECT HEX(c1), c1 FROM t1;
HEX(c1)	c1
323032312D31302D32332030313A30323A3033	2021-10-23 01:02:03
CREATE PROCEDURE p1(a TIMESTAMP DEFAULT TIMESTAMP '2021-10-23 01:02:03')
AS
BEGIN
SELECT a;
END|
CREATE FUNCTION f1(a TIMESTAMP DEFAULT TIMESTAMP '2021-10-23 01:02:03') RETURN TIMESTAMP
AS
BEGIN
RETURN a;
END|
CALL p1(TIMESTAMP '2021-10-23 01:02:03');
a
2021-10-23 01:02:03
CALL p1();
a
2021-10-23 01:02:03
SELECT f1(TIMESTAMP '2021-10-23 01:02:03');
f1(TIMESTAMP '2021-10-23 01:02:03')
2021-10-23 01:02:03
SELECT f1();
f1()
2021-10-23 01:02:03
DROP PROCEDURE p1;
DROP FUNCTION f1;
DROP TABLE t1;
