SET sql_mode=ORACLE;
CREATE TABLE t1(c1 INT DEFAULT NULL);
INSERT INTO t1 VALUES();
SELECT HEX(c1), c1 FROM t1;
HEX(c1)	c1
NULL	NULL
CREATE PROCEDURE p1(a INT DEFAULT NULL)
AS BEGIN
SELECT a;
END|
CREATE FUNCTION f1(a INT DEFAULT NULL) RETURN INT
AS BEGIN
RETURN a;
END|
CALL p1(NULL);
a
NULL
CALL p1();
a
NULL
SELECT f1(NULL);
f1(NULL)
NULL
SELECT f1();
f1()
NULL
DROP PROCEDURE p1;
DROP FUNCTION f1;
DROP TABLE t1;
SET sql_mode=ORACLE;
CREATE TABLE t1(c1 INT DEFAULT 0);
INSERT INTO t1 VALUES();
SELECT HEX(c1), c1 FROM t1;
HEX(c1)	c1
0	0
CREATE PROCEDURE p1(a INT DEFAULT 0)
AS BEGIN
SELECT a;
END|
CREATE FUNCTION f1(a INT DEFAULT 0) RETURN INT
AS BEGIN
RETURN a;
END|
CALL p1(0);
a
0
CALL p1();
a
0
SELECT f1(0);
f1(0)
0
SELECT f1();
f1()
0
DROP PROCEDURE p1;
DROP FUNCTION f1;
DROP TABLE t1;
SET sql_mode=ORACLE;
CREATE TABLE t1(c1 INT DEFAULT 1);
INSERT INTO t1 VALUES();
SELECT HEX(c1), c1 FROM t1;
HEX(c1)	c1
1	1
CREATE PROCEDURE p1(a INT DEFAULT 1)
AS BEGIN
SELECT a;
END|
CREATE FUNCTION f1(a INT DEFAULT 1) RETURN INT
AS BEGIN
RETURN a;
END|
CALL p1(1);
a
1
CALL p1();
a
1
SELECT f1(1);
f1(1)
1
SELECT f1();
f1()
1
DROP PROCEDURE p1;
DROP FUNCTION f1;
DROP TABLE t1;
SET sql_mode=ORACLE;
CREATE TABLE t1(c1 INT DEFAULT -1);
INSERT INTO t1 VALUES();
SELECT HEX(c1), c1 FROM t1;
HEX(c1)	c1
FFFFFFFFFFFFFFFF	-1
CREATE PROCEDURE p1(a INT DEFAULT -1)
AS BEGIN
SELECT a;
END|
CREATE FUNCTION f1(a INT DEFAULT -1) RETURN INT
AS BEGIN
RETURN a;
END|
CALL p1(-1);
a
-1
CALL p1();
a
-1
SELECT f1(-1);
f1(-1)
-1
SELECT f1();
f1()
-1
DROP PROCEDURE p1;
DROP FUNCTION f1;
DROP TABLE t1;
SET sql_mode=ORACLE;
CREATE TABLE t1(c1 INT DEFAULT 1.1);
INSERT INTO t1 VALUES();
SELECT HEX(c1), c1 FROM t1;
HEX(c1)	c1
1	1
CREATE PROCEDURE p1(a INT DEFAULT 1.1)
AS BEGIN
SELECT a;
END|
CREATE FUNCTION f1(a INT DEFAULT 1.1) RETURN INT
AS BEGIN
RETURN a;
END|
CALL p1(1.1);
a
1
CALL p1();
a
1
SELECT f1(1.1);
f1(1.1)
1
SELECT f1();
f1()
1
DROP PROCEDURE p1;
DROP FUNCTION f1;
DROP TABLE t1;
SET sql_mode=ORACLE;
CREATE TABLE t1(c1 INT DEFAULT 1.2E3);
INSERT INTO t1 VALUES();
SELECT HEX(c1), c1 FROM t1;
HEX(c1)	c1
4B0	1200
CREATE PROCEDURE p1(a INT DEFAULT 1.2E3)
AS BEGIN
SELECT a;
END|
CREATE FUNCTION f1(a INT DEFAULT 1.2E3) RETURN INT
AS BEGIN
RETURN a;
END|
CALL p1(1.2E3);
a
1200
CALL p1();
a
1200
SELECT f1(1.2E3);
f1(1.2E3)
1200
SELECT f1();
f1()
1200
DROP PROCEDURE p1;
DROP FUNCTION f1;
DROP TABLE t1;
SET sql_mode=ORACLE;
CREATE TABLE t1(c1 INT DEFAULT 1.1E0);
INSERT INTO t1 VALUES();
SELECT HEX(c1), c1 FROM t1;
HEX(c1)	c1
1	1
CREATE PROCEDURE p1(a INT DEFAULT 1.1E0)
AS BEGIN
SELECT a;
END|
CREATE FUNCTION f1(a INT DEFAULT 1.1E0) RETURN INT
AS BEGIN
RETURN a;
END|
CALL p1(1.1E0);
a
1
CALL p1();
a
1
SELECT f1(1.1E0);
f1(1.1E0)
1
SELECT f1();
f1()
1
DROP PROCEDURE p1;
DROP FUNCTION f1;
DROP TABLE t1;
SET sql_mode=ORACLE;
CREATE TABLE t1(c1 INT DEFAULT 0x10);
INSERT INTO t1 VALUES();
SELECT HEX(c1), c1 FROM t1;
HEX(c1)	c1
10	16
CREATE PROCEDURE p1(a INT DEFAULT 0x10)
AS BEGIN
SELECT a;
END|
CREATE FUNCTION f1(a INT DEFAULT 0x10) RETURN INT
AS BEGIN
RETURN a;
END|
CALL p1(0x10);
a
16
CALL p1();
a
16
SELECT f1(0x10);
f1(0x10)
16
SELECT f1();
f1()
16
DROP PROCEDURE p1;
DROP FUNCTION f1;
DROP TABLE t1;
SET sql_mode=ORACLE;
CREATE TABLE t1(c1 INT DEFAULT 0b10);
INSERT INTO t1 VALUES();
SELECT HEX(c1), c1 FROM t1;
HEX(c1)	c1
2	2
CREATE PROCEDURE p1(a INT DEFAULT 0b10)
AS BEGIN
SELECT a;
END|
CREATE FUNCTION f1(a INT DEFAULT 0b10) RETURN INT
AS BEGIN
RETURN a;
END|
CALL p1(0b10);
a
2
CALL p1();
a
2
SELECT f1(0b10);
f1(0b10)
2
SELECT f1();
f1()
2
DROP PROCEDURE p1;
DROP FUNCTION f1;
DROP TABLE t1;
SET sql_mode=ORACLE;
CREATE TABLE t1(c1 INT DEFAULT '100');
INSERT INTO t1 VALUES();
SELECT HEX(c1), c1 FROM t1;
HEX(c1)	c1
64	100
CREATE PROCEDURE p1(a INT DEFAULT '100')
AS BEGIN
SELECT a;
END|
CREATE FUNCTION f1(a INT DEFAULT '100') RETURN INT
AS BEGIN
RETURN a;
END|
CALL p1('100');
a
100
CALL p1();
a
100
SELECT f1('100');
f1('100')
100
SELECT f1();
f1()
100
DROP PROCEDURE p1;
DROP FUNCTION f1;
DROP TABLE t1;
SET sql_mode=ORACLE;
CREATE TABLE t1(c1 INT DEFAULT '-100');
INSERT INTO t1 VALUES();
SELECT HEX(c1), c1 FROM t1;
HEX(c1)	c1
FFFFFFFFFFFFFF9C	-100
CREATE PROCEDURE p1(a INT DEFAULT '-100')
AS BEGIN
SELECT a;
END|
CREATE FUNCTION f1(a INT DEFAULT '-100') RETURN INT
AS BEGIN
RETURN a;
END|
CALL p1('-100');
a
-100
CALL p1();
a
-100
SELECT f1('-100');
f1('-100')
-100
SELECT f1();
f1()
-100
DROP PROCEDURE p1;
DROP FUNCTION f1;
DROP TABLE t1;
SET sql_mode=ORACLE;
CREATE TABLE t1(c1 SMALLINT DEFAULT NULL);
INSERT INTO t1 VALUES();
SELECT HEX(c1), c1 FROM t1;
HEX(c1)	c1
NULL	NULL
CREATE PROCEDURE p1(a SMALLINT DEFAULT NULL)
AS BEGIN
SELECT a;
END|
CREATE FUNCTION f1(a SMALLINT DEFAULT NULL) RETURN SMALLINT
AS BEGIN
RETURN a;
END|
CALL p1(NULL);
a
NULL
CALL p1();
a
NULL
SELECT f1(NULL);
f1(NULL)
NULL
SELECT f1();
f1()
NULL
DROP PROCEDURE p1;
DROP FUNCTION f1;
DROP TABLE t1;
SET sql_mode=ORACLE;
CREATE TABLE t1(c1 SMALLINT DEFAULT 0);
INSERT INTO t1 VALUES();
SELECT HEX(c1), c1 FROM t1;
HEX(c1)	c1
0	0
CREATE PROCEDURE p1(a SMALLINT DEFAULT 0)
AS BEGIN
SELECT a;
END|
CREATE FUNCTION f1(a SMALLINT DEFAULT 0) RETURN SMALLINT
AS BEGIN
RETURN a;
END|
CALL p1(0);
a
0
CALL p1();
a
0
SELECT f1(0);
f1(0)
0
SELECT f1();
f1()
0
DROP PROCEDURE p1;
DROP FUNCTION f1;
DROP TABLE t1;
SET sql_mode=ORACLE;
CREATE TABLE t1(c1 SMALLINT DEFAULT 1);
INSERT INTO t1 VALUES();
SELECT HEX(c1), c1 FROM t1;
HEX(c1)	c1
1	1
CREATE PROCEDURE p1(a SMALLINT DEFAULT 1)
AS BEGIN
SELECT a;
END|
CREATE FUNCTION f1(a SMALLINT DEFAULT 1) RETURN SMALLINT
AS BEGIN
RETURN a;
END|
CALL p1(1);
a
1
CALL p1();
a
1
SELECT f1(1);
f1(1)
1
SELECT f1();
f1()
1
DROP PROCEDURE p1;
DROP FUNCTION f1;
DROP TABLE t1;
SET sql_mode=ORACLE;
CREATE TABLE t1(c1 SMALLINT DEFAULT -1);
INSERT INTO t1 VALUES();
SELECT HEX(c1), c1 FROM t1;
HEX(c1)	c1
FFFFFFFFFFFFFFFF	-1
CREATE PROCEDURE p1(a SMALLINT DEFAULT -1)
AS BEGIN
SELECT a;
END|
CREATE FUNCTION f1(a SMALLINT DEFAULT -1) RETURN SMALLINT
AS BEGIN
RETURN a;
END|
CALL p1(-1);
a
-1
CALL p1();
a
-1
SELECT f1(-1);
f1(-1)
-1
SELECT f1();
f1()
-1
DROP PROCEDURE p1;
DROP FUNCTION f1;
DROP TABLE t1;
SET sql_mode=ORACLE;
CREATE TABLE t1(c1 SMALLINT DEFAULT 1.1);
INSERT INTO t1 VALUES();
SELECT HEX(c1), c1 FROM t1;
HEX(c1)	c1
1	1
CREATE PROCEDURE p1(a SMALLINT DEFAULT 1.1)
AS BEGIN
SELECT a;
END|
CREATE FUNCTION f1(a SMALLINT DEFAULT 1.1) RETURN SMALLINT
AS BEGIN
RETURN a;
END|
CALL p1(1.1);
a
1
CALL p1();
a
1
SELECT f1(1.1);
f1(1.1)
1
SELECT f1();
f1()
1
DROP PROCEDURE p1;
DROP FUNCTION f1;
DROP TABLE t1;
SET sql_mode=ORACLE;
CREATE TABLE t1(c1 SMALLINT DEFAULT 1.2E3);
INSERT INTO t1 VALUES();
SELECT HEX(c1), c1 FROM t1;
HEX(c1)	c1
4B0	1200
CREATE PROCEDURE p1(a SMALLINT DEFAULT 1.2E3)
AS BEGIN
SELECT a;
END|
CREATE FUNCTION f1(a SMALLINT DEFAULT 1.2E3) RETURN SMALLINT
AS BEGIN
RETURN a;
END|
CALL p1(1.2E3);
a
1200
CALL p1();
a
1200
SELECT f1(1.2E3);
f1(1.2E3)
1200
SELECT f1();
f1()
1200
DROP PROCEDURE p1;
DROP FUNCTION f1;
DROP TABLE t1;
SET sql_mode=ORACLE;
CREATE TABLE t1(c1 SMALLINT DEFAULT 1.1E0);
INSERT INTO t1 VALUES();
SELECT HEX(c1), c1 FROM t1;
HEX(c1)	c1
1	1
CREATE PROCEDURE p1(a SMALLINT DEFAULT 1.1E0)
AS BEGIN
SELECT a;
END|
CREATE FUNCTION f1(a SMALLINT DEFAULT 1.1E0) RETURN SMALLINT
AS BEGIN
RETURN a;
END|
CALL p1(1.1E0);
a
1
CALL p1();
a
1
SELECT f1(1.1E0);
f1(1.1E0)
1
SELECT f1();
f1()
1
DROP PROCEDURE p1;
DROP FUNCTION f1;
DROP TABLE t1;
SET sql_mode=ORACLE;
CREATE TABLE t1(c1 SMALLINT DEFAULT 0x10);
INSERT INTO t1 VALUES();
SELECT HEX(c1), c1 FROM t1;
HEX(c1)	c1
10	16
CREATE PROCEDURE p1(a SMALLINT DEFAULT 0x10)
AS BEGIN
SELECT a;
END|
CREATE FUNCTION f1(a SMALLINT DEFAULT 0x10) RETURN SMALLINT
AS BEGIN
RETURN a;
END|
CALL p1(0x10);
a
16
CALL p1();
a
16
SELECT f1(0x10);
f1(0x10)
16
SELECT f1();
f1()
16
DROP PROCEDURE p1;
DROP FUNCTION f1;
DROP TABLE t1;
SET sql_mode=ORACLE;
CREATE TABLE t1(c1 SMALLINT DEFAULT 0b10);
INSERT INTO t1 VALUES();
SELECT HEX(c1), c1 FROM t1;
HEX(c1)	c1
2	2
CREATE PROCEDURE p1(a SMALLINT DEFAULT 0b10)
AS BEGIN
SELECT a;
END|
CREATE FUNCTION f1(a SMALLINT DEFAULT 0b10) RETURN SMALLINT
AS BEGIN
RETURN a;
END|
CALL p1(0b10);
a
2
CALL p1();
a
2
SELECT f1(0b10);
f1(0b10)
2
SELECT f1();
f1()
2
DROP PROCEDURE p1;
DROP FUNCTION f1;
DROP TABLE t1;
SET sql_mode=ORACLE;
CREATE TABLE t1(c1 SMALLINT DEFAULT '100');
INSERT INTO t1 VALUES();
SELECT HEX(c1), c1 FROM t1;
HEX(c1)	c1
64	100
CREATE PROCEDURE p1(a SMALLINT DEFAULT '100')
AS BEGIN
SELECT a;
END|
CREATE FUNCTION f1(a SMALLINT DEFAULT '100') RETURN SMALLINT
AS BEGIN
RETURN a;
END|
CALL p1('100');
a
100
CALL p1();
a
100
SELECT f1('100');
f1('100')
100
SELECT f1();
f1()
100
DROP PROCEDURE p1;
DROP FUNCTION f1;
DROP TABLE t1;
SET sql_mode=ORACLE;
CREATE TABLE t1(c1 SMALLINT DEFAULT '-100');
INSERT INTO t1 VALUES();
SELECT HEX(c1), c1 FROM t1;
HEX(c1)	c1
FFFFFFFFFFFFFF9C	-100
CREATE PROCEDURE p1(a SMALLINT DEFAULT '-100')
AS BEGIN
SELECT a;
END|
CREATE FUNCTION f1(a SMALLINT DEFAULT '-100') RETURN SMALLINT
AS BEGIN
RETURN a;
END|
CALL p1('-100');
a
-100
CALL p1();
a
-100
SELECT f1('-100');
f1('-100')
-100
SELECT f1();
f1()
-100
DROP PROCEDURE p1;
DROP FUNCTION f1;
DROP TABLE t1;
SET sql_mode=ORACLE;
CREATE TABLE t1(c1 MEDIUMINT DEFAULT NULL);
INSERT INTO t1 VALUES();
SELECT HEX(c1), c1 FROM t1;
HEX(c1)	c1
NULL	NULL
CREATE PROCEDURE p1(a MEDIUMINT DEFAULT NULL)
AS BEGIN
SELECT a;
END|
CREATE FUNCTION f1(a MEDIUMINT DEFAULT NULL) RETURN MEDIUMINT
AS BEGIN
RETURN a;
END|
CALL p1(NULL);
a
NULL
CALL p1();
a
NULL
SELECT f1(NULL);
f1(NULL)
NULL
SELECT f1();
f1()
NULL
DROP PROCEDURE p1;
DROP FUNCTION f1;
DROP TABLE t1;
SET sql_mode=ORACLE;
CREATE TABLE t1(c1 MEDIUMINT DEFAULT 0);
INSERT INTO t1 VALUES();
SELECT HEX(c1), c1 FROM t1;
HEX(c1)	c1
0	0
CREATE PROCEDURE p1(a MEDIUMINT DEFAULT 0)
AS BEGIN
SELECT a;
END|
CREATE FUNCTION f1(a MEDIUMINT DEFAULT 0) RETURN MEDIUMINT
AS BEGIN
RETURN a;
END|
CALL p1(0);
a
0
CALL p1();
a
0
SELECT f1(0);
f1(0)
0
SELECT f1();
f1()
0
DROP PROCEDURE p1;
DROP FUNCTION f1;
DROP TABLE t1;
SET sql_mode=ORACLE;
CREATE TABLE t1(c1 MEDIUMINT DEFAULT 1);
INSERT INTO t1 VALUES();
SELECT HEX(c1), c1 FROM t1;
HEX(c1)	c1
1	1
CREATE PROCEDURE p1(a MEDIUMINT DEFAULT 1)
AS BEGIN
SELECT a;
END|
CREATE FUNCTION f1(a MEDIUMINT DEFAULT 1) RETURN MEDIUMINT
AS BEGIN
RETURN a;
END|
CALL p1(1);
a
1
CALL p1();
a
1
SELECT f1(1);
f1(1)
1
SELECT f1();
f1()
1
DROP PROCEDURE p1;
DROP FUNCTION f1;
DROP TABLE t1;
SET sql_mode=ORACLE;
CREATE TABLE t1(c1 MEDIUMINT DEFAULT -1);
INSERT INTO t1 VALUES();
SELECT HEX(c1), c1 FROM t1;
HEX(c1)	c1
FFFFFFFFFFFFFFFF	-1
CREATE PROCEDURE p1(a MEDIUMINT DEFAULT -1)
AS BEGIN
SELECT a;
END|
CREATE FUNCTION f1(a MEDIUMINT DEFAULT -1) RETURN MEDIUMINT
AS BEGIN
RETURN a;
END|
CALL p1(-1);
a
-1
CALL p1();
a
-1
SELECT f1(-1);
f1(-1)
-1
SELECT f1();
f1()
-1
DROP PROCEDURE p1;
DROP FUNCTION f1;
DROP TABLE t1;
SET sql_mode=ORACLE;
CREATE TABLE t1(c1 MEDIUMINT DEFAULT 1.1);
INSERT INTO t1 VALUES();
SELECT HEX(c1), c1 FROM t1;
HEX(c1)	c1
1	1
CREATE PROCEDURE p1(a MEDIUMINT DEFAULT 1.1)
AS BEGIN
SELECT a;
END|
CREATE FUNCTION f1(a MEDIUMINT DEFAULT 1.1) RETURN MEDIUMINT
AS BEGIN
RETURN a;
END|
CALL p1(1.1);
a
1
CALL p1();
a
1
SELECT f1(1.1);
f1(1.1)
1
SELECT f1();
f1()
1
DROP PROCEDURE p1;
DROP FUNCTION f1;
DROP TABLE t1;
SET sql_mode=ORACLE;
CREATE TABLE t1(c1 MEDIUMINT DEFAULT 1.2E3);
INSERT INTO t1 VALUES();
SELECT HEX(c1), c1 FROM t1;
HEX(c1)	c1
4B0	1200
CREATE PROCEDURE p1(a MEDIUMINT DEFAULT 1.2E3)
AS BEGIN
SELECT a;
END|
CREATE FUNCTION f1(a MEDIUMINT DEFAULT 1.2E3) RETURN MEDIUMINT
AS BEGIN
RETURN a;
END|
CALL p1(1.2E3);
a
1200
CALL p1();
a
1200
SELECT f1(1.2E3);
f1(1.2E3)
1200
SELECT f1();
f1()
1200
DROP PROCEDURE p1;
DROP FUNCTION f1;
DROP TABLE t1;
SET sql_mode=ORACLE;
CREATE TABLE t1(c1 MEDIUMINT DEFAULT 1.1E0);
INSERT INTO t1 VALUES();
SELECT HEX(c1), c1 FROM t1;
HEX(c1)	c1
1	1
CREATE PROCEDURE p1(a MEDIUMINT DEFAULT 1.1E0)
AS BEGIN
SELECT a;
END|
CREATE FUNCTION f1(a MEDIUMINT DEFAULT 1.1E0) RETURN MEDIUMINT
AS BEGIN
RETURN a;
END|
CALL p1(1.1E0);
a
1
CALL p1();
a
1
SELECT f1(1.1E0);
f1(1.1E0)
1
SELECT f1();
f1()
1
DROP PROCEDURE p1;
DROP FUNCTION f1;
DROP TABLE t1;
SET sql_mode=ORACLE;
CREATE TABLE t1(c1 MEDIUMINT DEFAULT 0x10);
INSERT INTO t1 VALUES();
SELECT HEX(c1), c1 FROM t1;
HEX(c1)	c1
10	16
CREATE PROCEDURE p1(a MEDIUMINT DEFAULT 0x10)
AS BEGIN
SELECT a;
END|
CREATE FUNCTION f1(a MEDIUMINT DEFAULT 0x10) RETURN MEDIUMINT
AS BEGIN
RETURN a;
END|
CALL p1(0x10);
a
16
CALL p1();
a
16
SELECT f1(0x10);
f1(0x10)
16
SELECT f1();
f1()
16
DROP PROCEDURE p1;
DROP FUNCTION f1;
DROP TABLE t1;
SET sql_mode=ORACLE;
CREATE TABLE t1(c1 MEDIUMINT DEFAULT 0b10);
INSERT INTO t1 VALUES();
SELECT HEX(c1), c1 FROM t1;
HEX(c1)	c1
2	2
CREATE PROCEDURE p1(a MEDIUMINT DEFAULT 0b10)
AS BEGIN
SELECT a;
END|
CREATE FUNCTION f1(a MEDIUMINT DEFAULT 0b10) RETURN MEDIUMINT
AS BEGIN
RETURN a;
END|
CALL p1(0b10);
a
2
CALL p1();
a
2
SELECT f1(0b10);
f1(0b10)
2
SELECT f1();
f1()
2
DROP PROCEDURE p1;
DROP FUNCTION f1;
DROP TABLE t1;
SET sql_mode=ORACLE;
CREATE TABLE t1(c1 MEDIUMINT DEFAULT '100');
INSERT INTO t1 VALUES();
SELECT HEX(c1), c1 FROM t1;
HEX(c1)	c1
64	100
CREATE PROCEDURE p1(a MEDIUMINT DEFAULT '100')
AS BEGIN
SELECT a;
END|
CREATE FUNCTION f1(a MEDIUMINT DEFAULT '100') RETURN MEDIUMINT
AS BEGIN
RETURN a;
END|
CALL p1('100');
a
100
CALL p1();
a
100
SELECT f1('100');
f1('100')
100
SELECT f1();
f1()
100
DROP PROCEDURE p1;
DROP FUNCTION f1;
DROP TABLE t1;
SET sql_mode=ORACLE;
CREATE TABLE t1(c1 MEDIUMINT DEFAULT '-100');
INSERT INTO t1 VALUES();
SELECT HEX(c1), c1 FROM t1;
HEX(c1)	c1
FFFFFFFFFFFFFF9C	-100
CREATE PROCEDURE p1(a MEDIUMINT DEFAULT '-100')
AS BEGIN
SELECT a;
END|
CREATE FUNCTION f1(a MEDIUMINT DEFAULT '-100') RETURN MEDIUMINT
AS BEGIN
RETURN a;
END|
CALL p1('-100');
a
-100
CALL p1();
a
-100
SELECT f1('-100');
f1('-100')
-100
SELECT f1();
f1()
-100
DROP PROCEDURE p1;
DROP FUNCTION f1;
DROP TABLE t1;
SET sql_mode=ORACLE;
CREATE TABLE t1(c1 BIGINT DEFAULT NULL);
INSERT INTO t1 VALUES();
SELECT HEX(c1), c1 FROM t1;
HEX(c1)	c1
NULL	NULL
CREATE PROCEDURE p1(a BIGINT DEFAULT NULL)
AS BEGIN
SELECT a;
END|
CREATE FUNCTION f1(a BIGINT DEFAULT NULL) RETURN BIGINT
AS BEGIN
RETURN a;
END|
CALL p1(NULL);
a
NULL
CALL p1();
a
NULL
SELECT f1(NULL);
f1(NULL)
NULL
SELECT f1();
f1()
NULL
DROP PROCEDURE p1;
DROP FUNCTION f1;
DROP TABLE t1;
SET sql_mode=ORACLE;
CREATE TABLE t1(c1 BIGINT DEFAULT 0);
INSERT INTO t1 VALUES();
SELECT HEX(c1), c1 FROM t1;
HEX(c1)	c1
0	0
CREATE PROCEDURE p1(a BIGINT DEFAULT 0)
AS BEGIN
SELECT a;
END|
CREATE FUNCTION f1(a BIGINT DEFAULT 0) RETURN BIGINT
AS BEGIN
RETURN a;
END|
CALL p1(0);
a
0
CALL p1();
a
0
SELECT f1(0);
f1(0)
0
SELECT f1();
f1()
0
DROP PROCEDURE p1;
DROP FUNCTION f1;
DROP TABLE t1;
SET sql_mode=ORACLE;
CREATE TABLE t1(c1 BIGINT DEFAULT 1);
INSERT INTO t1 VALUES();
SELECT HEX(c1), c1 FROM t1;
HEX(c1)	c1
1	1
CREATE PROCEDURE p1(a BIGINT DEFAULT 1)
AS BEGIN
SELECT a;
END|
CREATE FUNCTION f1(a BIGINT DEFAULT 1) RETURN BIGINT
AS BEGIN
RETURN a;
END|
CALL p1(1);
a
1
CALL p1();
a
1
SELECT f1(1);
f1(1)
1
SELECT f1();
f1()
1
DROP PROCEDURE p1;
DROP FUNCTION f1;
DROP TABLE t1;
SET sql_mode=ORACLE;
CREATE TABLE t1(c1 BIGINT DEFAULT -1);
INSERT INTO t1 VALUES();
SELECT HEX(c1), c1 FROM t1;
HEX(c1)	c1
FFFFFFFFFFFFFFFF	-1
CREATE PROCEDURE p1(a BIGINT DEFAULT -1)
AS BEGIN
SELECT a;
END|
CREATE FUNCTION f1(a BIGINT DEFAULT -1) RETURN BIGINT
AS BEGIN
RETURN a;
END|
CALL p1(-1);
a
-1
CALL p1();
a
-1
SELECT f1(-1);
f1(-1)
-1
SELECT f1();
f1()
-1
DROP PROCEDURE p1;
DROP FUNCTION f1;
DROP TABLE t1;
SET sql_mode=ORACLE;
CREATE TABLE t1(c1 BIGINT DEFAULT 1.1);
INSERT INTO t1 VALUES();
SELECT HEX(c1), c1 FROM t1;
HEX(c1)	c1
1	1
CREATE PROCEDURE p1(a BIGINT DEFAULT 1.1)
AS BEGIN
SELECT a;
END|
CREATE FUNCTION f1(a BIGINT DEFAULT 1.1) RETURN BIGINT
AS BEGIN
RETURN a;
END|
CALL p1(1.1);
a
1
CALL p1();
a
1
SELECT f1(1.1);
f1(1.1)
1
SELECT f1();
f1()
1
DROP PROCEDURE p1;
DROP FUNCTION f1;
DROP TABLE t1;
SET sql_mode=ORACLE;
CREATE TABLE t1(c1 BIGINT DEFAULT 1.2E3);
INSERT INTO t1 VALUES();
SELECT HEX(c1), c1 FROM t1;
HEX(c1)	c1
4B0	1200
CREATE PROCEDURE p1(a BIGINT DEFAULT 1.2E3)
AS BEGIN
SELECT a;
END|
CREATE FUNCTION f1(a BIGINT DEFAULT 1.2E3) RETURN BIGINT
AS BEGIN
RETURN a;
END|
CALL p1(1.2E3);
a
1200
CALL p1();
a
1200
SELECT f1(1.2E3);
f1(1.2E3)
1200
SELECT f1();
f1()
1200
DROP PROCEDURE p1;
DROP FUNCTION f1;
DROP TABLE t1;
SET sql_mode=ORACLE;
CREATE TABLE t1(c1 BIGINT DEFAULT 1.1E0);
INSERT INTO t1 VALUES();
SELECT HEX(c1), c1 FROM t1;
HEX(c1)	c1
1	1
CREATE PROCEDURE p1(a BIGINT DEFAULT 1.1E0)
AS BEGIN
SELECT a;
END|
CREATE FUNCTION f1(a BIGINT DEFAULT 1.1E0) RETURN BIGINT
AS BEGIN
RETURN a;
END|
CALL p1(1.1E0);
a
1
CALL p1();
a
1
SELECT f1(1.1E0);
f1(1.1E0)
1
SELECT f1();
f1()
1
DROP PROCEDURE p1;
DROP FUNCTION f1;
DROP TABLE t1;
SET sql_mode=ORACLE;
CREATE TABLE t1(c1 BIGINT DEFAULT 0x10);
INSERT INTO t1 VALUES();
SELECT HEX(c1), c1 FROM t1;
HEX(c1)	c1
10	16
CREATE PROCEDURE p1(a BIGINT DEFAULT 0x10)
AS BEGIN
SELECT a;
END|
CREATE FUNCTION f1(a BIGINT DEFAULT 0x10) RETURN BIGINT
AS BEGIN
RETURN a;
END|
CALL p1(0x10);
a
16
CALL p1();
a
16
SELECT f1(0x10);
f1(0x10)
16
SELECT f1();
f1()
16
DROP PROCEDURE p1;
DROP FUNCTION f1;
DROP TABLE t1;
SET sql_mode=ORACLE;
CREATE TABLE t1(c1 BIGINT DEFAULT 0b10);
INSERT INTO t1 VALUES();
SELECT HEX(c1), c1 FROM t1;
HEX(c1)	c1
2	2
CREATE PROCEDURE p1(a BIGINT DEFAULT 0b10)
AS BEGIN
SELECT a;
END|
CREATE FUNCTION f1(a BIGINT DEFAULT 0b10) RETURN BIGINT
AS BEGIN
RETURN a;
END|
CALL p1(0b10);
a
2
CALL p1();
a
2
SELECT f1(0b10);
f1(0b10)
2
SELECT f1();
f1()
2
DROP PROCEDURE p1;
DROP FUNCTION f1;
DROP TABLE t1;
SET sql_mode=ORACLE;
CREATE TABLE t1(c1 BIGINT DEFAULT '1000000');
INSERT INTO t1 VALUES();
SELECT HEX(c1), c1 FROM t1;
HEX(c1)	c1
F4240	1000000
CREATE PROCEDURE p1(a BIGINT DEFAULT '1000000')
AS BEGIN
SELECT a;
END|
CREATE FUNCTION f1(a BIGINT DEFAULT '1000000') RETURN BIGINT
AS BEGIN
RETURN a;
END|
CALL p1('1000000');
a
1000000
CALL p1();
a
1000000
SELECT f1('1000000');
f1('1000000')
1000000
SELECT f1();
f1()
1000000
DROP PROCEDURE p1;
DROP FUNCTION f1;
DROP TABLE t1;
SET sql_mode=ORACLE;
CREATE TABLE t1(c1 BIGINT DEFAULT '-1000000');
INSERT INTO t1 VALUES();
SELECT HEX(c1), c1 FROM t1;
HEX(c1)	c1
FFFFFFFFFFF0BDC0	-1000000
CREATE PROCEDURE p1(a BIGINT DEFAULT '-1000000')
AS BEGIN
SELECT a;
END|
CREATE FUNCTION f1(a BIGINT DEFAULT '-1000000') RETURN BIGINT
AS BEGIN
RETURN a;
END|
CALL p1('-1000000');
a
-1000000
CALL p1();
a
-1000000
SELECT f1('-1000000');
f1('-1000000')
-1000000
SELECT f1();
f1()
-1000000
DROP PROCEDURE p1;
DROP FUNCTION f1;
DROP TABLE t1;
SET sql_mode=ORACLE;
CREATE TABLE t1(c1 FLOAT DEFAULT NULL);
INSERT INTO t1 VALUES();
SELECT HEX(c1), c1 FROM t1;
HEX(c1)	c1
NULL	NULL
CREATE PROCEDURE p1(a FLOAT DEFAULT NULL)
AS BEGIN
SELECT a;
END|
CREATE FUNCTION f1(a FLOAT DEFAULT NULL) RETURN FLOAT
AS BEGIN
RETURN a;
END|
CALL p1(NULL);
a
NULL
CALL p1();
a
NULL
SELECT f1(NULL);
f1(NULL)
NULL
SELECT f1();
f1()
NULL
DROP PROCEDURE p1;
DROP FUNCTION f1;
DROP TABLE t1;
SET sql_mode=ORACLE;
CREATE TABLE t1(c1 FLOAT DEFAULT 0);
INSERT INTO t1 VALUES();
SELECT HEX(c1), c1 FROM t1;
HEX(c1)	c1
0	0
CREATE PROCEDURE p1(a FLOAT DEFAULT 0)
AS BEGIN
SELECT a;
END|
CREATE FUNCTION f1(a FLOAT DEFAULT 0) RETURN FLOAT
AS BEGIN
RETURN a;
END|
CALL p1(0);
a
0
CALL p1();
a
0
SELECT f1(0);
f1(0)
0
SELECT f1();
f1()
0
DROP PROCEDURE p1;
DROP FUNCTION f1;
DROP TABLE t1;
SET sql_mode=ORACLE;
CREATE TABLE t1(c1 FLOAT DEFAULT 1);
INSERT INTO t1 VALUES();
SELECT HEX(c1), c1 FROM t1;
HEX(c1)	c1
1	1
CREATE PROCEDURE p1(a FLOAT DEFAULT 1)
AS BEGIN
SELECT a;
END|
CREATE FUNCTION f1(a FLOAT DEFAULT 1) RETURN FLOAT
AS BEGIN
RETURN a;
END|
CALL p1(1);
a
1
CALL p1();
a
1
SELECT f1(1);
f1(1)
1
SELECT f1();
f1()
1
DROP PROCEDURE p1;
DROP FUNCTION f1;
DROP TABLE t1;
SET sql_mode=ORACLE;
CREATE TABLE t1(c1 FLOAT DEFAULT -1);
INSERT INTO t1 VALUES();
SELECT HEX(c1), c1 FROM t1;
HEX(c1)	c1
FFFFFFFFFFFFFFFF	-1
CREATE PROCEDURE p1(a FLOAT DEFAULT -1)
AS BEGIN
SELECT a;
END|
CREATE FUNCTION f1(a FLOAT DEFAULT -1) RETURN FLOAT
AS BEGIN
RETURN a;
END|
CALL p1(-1);
a
-1
CALL p1();
a
-1
SELECT f1(-1);
f1(-1)
-1
SELECT f1();
f1()
-1
DROP PROCEDURE p1;
DROP FUNCTION f1;
DROP TABLE t1;
SET sql_mode=ORACLE;
CREATE TABLE t1(c1 FLOAT DEFAULT 1.1);
INSERT INTO t1 VALUES();
SELECT HEX(c1), c1 FROM t1;
HEX(c1)	c1
1	1.1
CREATE PROCEDURE p1(a FLOAT DEFAULT 1.1)
AS BEGIN
SELECT a;
END|
CREATE FUNCTION f1(a FLOAT DEFAULT 1.1) RETURN FLOAT
AS BEGIN
RETURN a;
END|
CALL p1(1.1);
a
1.1
CALL p1();
a
1.1
SELECT f1(1.1);
f1(1.1)
1.1
SELECT f1();
f1()
1.1
DROP PROCEDURE p1;
DROP FUNCTION f1;
DROP TABLE t1;
SET sql_mode=ORACLE;
CREATE TABLE t1(c1 FLOAT DEFAULT 1.2E3);
INSERT INTO t1 VALUES();
SELECT HEX(c1), c1 FROM t1;
HEX(c1)	c1
4B0	1200
CREATE PROCEDURE p1(a FLOAT DEFAULT 1.2E3)
AS BEGIN
SELECT a;
END|
CREATE FUNCTION f1(a FLOAT DEFAULT 1.2E3) RETURN FLOAT
AS BEGIN
RETURN a;
END|
CALL p1(1.2E3);
a
1200
CALL p1();
a
1200
SELECT f1(1.2E3);
f1(1.2E3)
1200
SELECT f1();
f1()
1200
DROP PROCEDURE p1;
DROP FUNCTION f1;
DROP TABLE t1;
SET sql_mode=ORACLE;
CREATE TABLE t1(c1 FLOAT DEFAULT 1.1E0);
INSERT INTO t1 VALUES();
SELECT HEX(c1), c1 FROM t1;
HEX(c1)	c1
1	1.1
CREATE PROCEDURE p1(a FLOAT DEFAULT 1.1E0)
AS BEGIN
SELECT a;
END|
CREATE FUNCTION f1(a FLOAT DEFAULT 1.1E0) RETURN FLOAT
AS BEGIN
RETURN a;
END|
CALL p1(1.1E0);
a
1.1
CALL p1();
a
1.1
SELECT f1(1.1E0);
f1(1.1E0)
1.1
SELECT f1();
f1()
1.1
DROP PROCEDURE p1;
DROP FUNCTION f1;
DROP TABLE t1;
SET sql_mode=ORACLE;
CREATE TABLE t1(c1 FLOAT DEFAULT 0x10);
INSERT INTO t1 VALUES();
SELECT HEX(c1), c1 FROM t1;
HEX(c1)	c1
10	16
CREATE PROCEDURE p1(a FLOAT DEFAULT 0x10)
AS BEGIN
SELECT a;
END|
CREATE FUNCTION f1(a FLOAT DEFAULT 0x10) RETURN FLOAT
AS BEGIN
RETURN a;
END|
CALL p1(0x10);
a
16
CALL p1();
a
16
SELECT f1(0x10);
f1(0x10)
16
SELECT f1();
f1()
16
DROP PROCEDURE p1;
DROP FUNCTION f1;
DROP TABLE t1;
SET sql_mode=ORACLE;
CREATE TABLE t1(c1 FLOAT DEFAULT 0b10);
INSERT INTO t1 VALUES();
SELECT HEX(c1), c1 FROM t1;
HEX(c1)	c1
2	2
CREATE PROCEDURE p1(a FLOAT DEFAULT 0b10)
AS BEGIN
SELECT a;
END|
CREATE FUNCTION f1(a FLOAT DEFAULT 0b10) RETURN FLOAT
AS BEGIN
RETURN a;
END|
CALL p1(0b10);
a
2
CALL p1();
a
2
SELECT f1(0b10);
f1(0b10)
2
SELECT f1();
f1()
2
DROP PROCEDURE p1;
DROP FUNCTION f1;
DROP TABLE t1;
SET sql_mode=ORACLE;
CREATE TABLE t1(c1 FLOAT DEFAULT '100.01');
INSERT INTO t1 VALUES();
SELECT HEX(c1), c1 FROM t1;
HEX(c1)	c1
64	100.01
CREATE PROCEDURE p1(a FLOAT DEFAULT '100.01')
AS BEGIN
SELECT a;
END|
CREATE FUNCTION f1(a FLOAT DEFAULT '100.01') RETURN FLOAT
AS BEGIN
RETURN a;
END|
CALL p1('100.01');
a
100.01
CALL p1();
a
100.01
SELECT f1('100.01');
f1('100.01')
100.01
SELECT f1();
f1()
100.01
DROP PROCEDURE p1;
DROP FUNCTION f1;
DROP TABLE t1;
SET sql_mode=ORACLE;
CREATE TABLE t1(c1 FLOAT DEFAULT '-100.05');
INSERT INTO t1 VALUES();
SELECT HEX(c1), c1 FROM t1;
HEX(c1)	c1
FFFFFFFFFFFFFF9C	-100.05
CREATE PROCEDURE p1(a FLOAT DEFAULT '-100.05')
AS BEGIN
SELECT a;
END|
CREATE FUNCTION f1(a FLOAT DEFAULT '-100.05') RETURN FLOAT
AS BEGIN
RETURN a;
END|
CALL p1('-100.05');
a
-100.05
CALL p1();
a
-100.05
SELECT f1('-100.05');
f1('-100.05')
-100.05
SELECT f1();
f1()
-100.05
DROP PROCEDURE p1;
DROP FUNCTION f1;
DROP TABLE t1;
SET sql_mode=ORACLE;
CREATE TABLE t1(c1 DOUBLE DEFAULT NULL);
INSERT INTO t1 VALUES();
SELECT HEX(c1), c1 FROM t1;
HEX(c1)	c1
NULL	NULL
CREATE PROCEDURE p1(a DOUBLE DEFAULT NULL)
AS BEGIN
SELECT a;
END|
CREATE FUNCTION f1(a DOUBLE DEFAULT NULL) RETURN DOUBLE
AS BEGIN
RETURN a;
END|
CALL p1(NULL);
a
NULL
CALL p1();
a
NULL
SELECT f1(NULL);
f1(NULL)
NULL
SELECT f1();
f1()
NULL
DROP PROCEDURE p1;
DROP FUNCTION f1;
DROP TABLE t1;
SET sql_mode=ORACLE;
CREATE TABLE t1(c1 DOUBLE DEFAULT 0);
INSERT INTO t1 VALUES();
SELECT HEX(c1), c1 FROM t1;
HEX(c1)	c1
0	0
CREATE PROCEDURE p1(a DOUBLE DEFAULT 0)
AS BEGIN
SELECT a;
END|
CREATE FUNCTION f1(a DOUBLE DEFAULT 0) RETURN DOUBLE
AS BEGIN
RETURN a;
END|
CALL p1(0);
a
0
CALL p1();
a
0
SELECT f1(0);
f1(0)
0
SELECT f1();
f1()
0
DROP PROCEDURE p1;
DROP FUNCTION f1;
DROP TABLE t1;
SET sql_mode=ORACLE;
CREATE TABLE t1(c1 DOUBLE DEFAULT 1);
INSERT INTO t1 VALUES();
SELECT HEX(c1), c1 FROM t1;
HEX(c1)	c1
1	1
CREATE PROCEDURE p1(a DOUBLE DEFAULT 1)
AS BEGIN
SELECT a;
END|
CREATE FUNCTION f1(a DOUBLE DEFAULT 1) RETURN DOUBLE
AS BEGIN
RETURN a;
END|
CALL p1(1);
a
1
CALL p1();
a
1
SELECT f1(1);
f1(1)
1
SELECT f1();
f1()
1
DROP PROCEDURE p1;
DROP FUNCTION f1;
DROP TABLE t1;
SET sql_mode=ORACLE;
CREATE TABLE t1(c1 DOUBLE DEFAULT -1);
INSERT INTO t1 VALUES();
SELECT HEX(c1), c1 FROM t1;
HEX(c1)	c1
FFFFFFFFFFFFFFFF	-1
CREATE PROCEDURE p1(a DOUBLE DEFAULT -1)
AS BEGIN
SELECT a;
END|
CREATE FUNCTION f1(a DOUBLE DEFAULT -1) RETURN DOUBLE
AS BEGIN
RETURN a;
END|
CALL p1(-1);
a
-1
CALL p1();
a
-1
SELECT f1(-1);
f1(-1)
-1
SELECT f1();
f1()
-1
DROP PROCEDURE p1;
DROP FUNCTION f1;
DROP TABLE t1;
SET sql_mode=ORACLE;
CREATE TABLE t1(c1 DOUBLE DEFAULT 1.1);
INSERT INTO t1 VALUES();
SELECT HEX(c1), c1 FROM t1;
HEX(c1)	c1
1	1.1
CREATE PROCEDURE p1(a DOUBLE DEFAULT 1.1)
AS BEGIN
SELECT a;
END|
CREATE FUNCTION f1(a DOUBLE DEFAULT 1.1) RETURN DOUBLE
AS BEGIN
RETURN a;
END|
CALL p1(1.1);
a
1.1
CALL p1();
a
1.1
SELECT f1(1.1);
f1(1.1)
1.1
SELECT f1();
f1()
1.1
DROP PROCEDURE p1;
DROP FUNCTION f1;
DROP TABLE t1;
SET sql_mode=ORACLE;
CREATE TABLE t1(c1 DOUBLE DEFAULT 1.2E3);
INSERT INTO t1 VALUES();
SELECT HEX(c1), c1 FROM t1;
HEX(c1)	c1
4B0	1200
CREATE PROCEDURE p1(a DOUBLE DEFAULT 1.2E3)
AS BEGIN
SELECT a;
END|
CREATE FUNCTION f1(a DOUBLE DEFAULT 1.2E3) RETURN DOUBLE
AS BEGIN
RETURN a;
END|
CALL p1(1.2E3);
a
1200
CALL p1();
a
1200
SELECT f1(1.2E3);
f1(1.2E3)
1200
SELECT f1();
f1()
1200
DROP PROCEDURE p1;
DROP FUNCTION f1;
DROP TABLE t1;
SET sql_mode=ORACLE;
CREATE TABLE t1(c1 DOUBLE DEFAULT 1.1E0);
INSERT INTO t1 VALUES();
SELECT HEX(c1), c1 FROM t1;
HEX(c1)	c1
1	1.1
CREATE PROCEDURE p1(a DOUBLE DEFAULT 1.1E0)
AS BEGIN
SELECT a;
END|
CREATE FUNCTION f1(a DOUBLE DEFAULT 1.1E0) RETURN DOUBLE
AS BEGIN
RETURN a;
END|
CALL p1(1.1E0);
a
1.1
CALL p1();
a
1.1
SELECT f1(1.1E0);
f1(1.1E0)
1.1
SELECT f1();
f1()
1.1
DROP PROCEDURE p1;
DROP FUNCTION f1;
DROP TABLE t1;
SET sql_mode=ORACLE;
CREATE TABLE t1(c1 DOUBLE DEFAULT 0x10);
INSERT INTO t1 VALUES();
SELECT HEX(c1), c1 FROM t1;
HEX(c1)	c1
10	16
CREATE PROCEDURE p1(a DOUBLE DEFAULT 0x10)
AS BEGIN
SELECT a;
END|
CREATE FUNCTION f1(a DOUBLE DEFAULT 0x10) RETURN DOUBLE
AS BEGIN
RETURN a;
END|
CALL p1(0x10);
a
16
CALL p1();
a
16
SELECT f1(0x10);
f1(0x10)
16
SELECT f1();
f1()
16
DROP PROCEDURE p1;
DROP FUNCTION f1;
DROP TABLE t1;
SET sql_mode=ORACLE;
CREATE TABLE t1(c1 DOUBLE DEFAULT 0b10);
INSERT INTO t1 VALUES();
SELECT HEX(c1), c1 FROM t1;
HEX(c1)	c1
2	2
CREATE PROCEDURE p1(a DOUBLE DEFAULT 0b10)
AS BEGIN
SELECT a;
END|
CREATE FUNCTION f1(a DOUBLE DEFAULT 0b10) RETURN DOUBLE
AS BEGIN
RETURN a;
END|
CALL p1(0b10);
a
2
CALL p1();
a
2
SELECT f1(0b10);
f1(0b10)
2
SELECT f1();
f1()
2
DROP PROCEDURE p1;
DROP FUNCTION f1;
DROP TABLE t1;
SET sql_mode=ORACLE;
CREATE TABLE t1(c1 DOUBLE DEFAULT '100.01');
INSERT INTO t1 VALUES();
SELECT HEX(c1), c1 FROM t1;
HEX(c1)	c1
64	100.01
CREATE PROCEDURE p1(a DOUBLE DEFAULT '100.01')
AS BEGIN
SELECT a;
END|
CREATE FUNCTION f1(a DOUBLE DEFAULT '100.01') RETURN DOUBLE
AS BEGIN
RETURN a;
END|
CALL p1('100.01');
a
100.01
CALL p1();
a
100.01
SELECT f1('100.01');
f1('100.01')
100.01
SELECT f1();
f1()
100.01
DROP PROCEDURE p1;
DROP FUNCTION f1;
DROP TABLE t1;
SET sql_mode=ORACLE;
CREATE TABLE t1(c1 DOUBLE DEFAULT '-100.05');
INSERT INTO t1 VALUES();
SELECT HEX(c1), c1 FROM t1;
HEX(c1)	c1
FFFFFFFFFFFFFF9C	-100.05
CREATE PROCEDURE p1(a DOUBLE DEFAULT '-100.05')
AS BEGIN
SELECT a;
END|
CREATE FUNCTION f1(a DOUBLE DEFAULT '-100.05') RETURN DOUBLE
AS BEGIN
RETURN a;
END|
CALL p1('-100.05');
a
-100.05
CALL p1();
a
-100.05
SELECT f1('-100.05');
f1('-100.05')
-100.05
SELECT f1();
f1()
-100.05
DROP PROCEDURE p1;
DROP FUNCTION f1;
DROP TABLE t1;
SET sql_mode=ORACLE;
CREATE TABLE t1(c1 DECIMAL(5,2) DEFAULT NULL);
INSERT INTO t1 VALUES();
SELECT HEX(c1), c1 FROM t1;
HEX(c1)	c1
NULL	NULL
CREATE PROCEDURE p1(a DECIMAL(5,2) DEFAULT NULL)
AS BEGIN
SELECT a;
END|
CREATE FUNCTION f1(a DECIMAL(5,2) DEFAULT NULL) RETURN DECIMAL(5,2)
AS BEGIN
RETURN a;
END|
CALL p1(NULL);
a
NULL
CALL p1();
a
NULL
SELECT f1(NULL);
f1(NULL)
NULL
SELECT f1();
f1()
NULL
DROP PROCEDURE p1;
DROP FUNCTION f1;
DROP TABLE t1;
SET sql_mode=ORACLE;
CREATE TABLE t1(c1 DECIMAL(5,2) DEFAULT 0);
INSERT INTO t1 VALUES();
SELECT HEX(c1), c1 FROM t1;
HEX(c1)	c1
0	0
CREATE PROCEDURE p1(a DECIMAL(5,2) DEFAULT 0)
AS BEGIN
SELECT a;
END|
CREATE FUNCTION f1(a DECIMAL(5,2) DEFAULT 0) RETURN DECIMAL(5,2)
AS BEGIN
RETURN a;
END|
CALL p1(0);
a
0
CALL p1();
a
0
SELECT f1(0);
f1(0)
0
SELECT f1();
f1()
0
DROP PROCEDURE p1;
DROP FUNCTION f1;
DROP TABLE t1;
SET sql_mode=ORACLE;
CREATE TABLE t1(c1 DECIMAL(5,2) DEFAULT 1);
INSERT INTO t1 VALUES();
SELECT HEX(c1), c1 FROM t1;
HEX(c1)	c1
1	1
CREATE PROCEDURE p1(a DECIMAL(5,2) DEFAULT 1)
AS BEGIN
SELECT a;
END|
CREATE FUNCTION f1(a DECIMAL(5,2) DEFAULT 1) RETURN DECIMAL(5,2)
AS BEGIN
RETURN a;
END|
CALL p1(1);
a
1
CALL p1();
a
1
SELECT f1(1);
f1(1)
1
SELECT f1();
f1()
1
DROP PROCEDURE p1;
DROP FUNCTION f1;
DROP TABLE t1;
SET sql_mode=ORACLE;
CREATE TABLE t1(c1 DECIMAL(5,2) DEFAULT -1);
INSERT INTO t1 VALUES();
SELECT HEX(c1), c1 FROM t1;
HEX(c1)	c1
FFFFFFFFFFFFFFFF	-1
CREATE PROCEDURE p1(a DECIMAL(5,2) DEFAULT -1)
AS BEGIN
SELECT a;
END|
CREATE FUNCTION f1(a DECIMAL(5,2) DEFAULT -1) RETURN DECIMAL(5,2)
AS BEGIN
RETURN a;
END|
CALL p1(-1);
a
-1
CALL p1();
a
-1
SELECT f1(-1);
f1(-1)
-1
SELECT f1();
f1()
-1
DROP PROCEDURE p1;
DROP FUNCTION f1;
DROP TABLE t1;
SET sql_mode=ORACLE;
CREATE TABLE t1(c1 DECIMAL(5,2) DEFAULT 1.1);
INSERT INTO t1 VALUES();
SELECT HEX(c1), c1 FROM t1;
HEX(c1)	c1
1	1.1
CREATE PROCEDURE p1(a DECIMAL(5,2) DEFAULT 1.1)
AS BEGIN
SELECT a;
END|
CREATE FUNCTION f1(a DECIMAL(5,2) DEFAULT 1.1) RETURN DECIMAL(5,2)
AS BEGIN
RETURN a;
END|
CALL p1(1.1);
a
1.1
CALL p1();
a
1.1
SELECT f1(1.1);
f1(1.1)
1.1
SELECT f1();
f1()
1.1
DROP PROCEDURE p1;
DROP FUNCTION f1;
DROP TABLE t1;
SET sql_mode=ORACLE;
CREATE TABLE t1(c1 DECIMAL(5,2) DEFAULT 0x10);
INSERT INTO t1 VALUES();
SELECT HEX(c1), c1 FROM t1;
HEX(c1)	c1
10	16
CREATE PROCEDURE p1(a DECIMAL(5,2) DEFAULT 0x10)
AS BEGIN
SELECT a;
END|
CREATE FUNCTION f1(a DECIMAL(5,2) DEFAULT 0x10) RETURN DECIMAL(5,2)
AS BEGIN
RETURN a;
END|
CALL p1(0x10);
a
16
CALL p1();
a
16
SELECT f1(0x10);
f1(0x10)
16
SELECT f1();
f1()
16
DROP PROCEDURE p1;
DROP FUNCTION f1;
DROP TABLE t1;
SET sql_mode=ORACLE;
CREATE TABLE t1(c1 DECIMAL(5,2) DEFAULT 0b10);
INSERT INTO t1 VALUES();
SELECT HEX(c1), c1 FROM t1;
HEX(c1)	c1
2	2
CREATE PROCEDURE p1(a DECIMAL(5,2) DEFAULT 0b10)
AS BEGIN
SELECT a;
END|
CREATE FUNCTION f1(a DECIMAL(5,2) DEFAULT 0b10) RETURN DECIMAL(5,2)
AS BEGIN
RETURN a;
END|
CALL p1(0b10);
a
2
CALL p1();
a
2
SELECT f1(0b10);
f1(0b10)
2
SELECT f1();
f1()
2
DROP PROCEDURE p1;
DROP FUNCTION f1;
DROP TABLE t1;
SET sql_mode=ORACLE;
CREATE TABLE t1(c1 DECIMAL(5,2) DEFAULT '100.01');
INSERT INTO t1 VALUES();
SELECT HEX(c1), c1 FROM t1;
HEX(c1)	c1
64	100.01
CREATE PROCEDURE p1(a DECIMAL(5,2) DEFAULT '100.01')
AS BEGIN
SELECT a;
END|
CREATE FUNCTION f1(a DECIMAL(5,2) DEFAULT '100.01') RETURN DECIMAL(5,2)
AS BEGIN
RETURN a;
END|
CALL p1('100.01');
a
100.01
CALL p1();
a
100.01
SELECT f1('100.01');
f1('100.01')
100.01
SELECT f1();
f1()
100.01
DROP PROCEDURE p1;
DROP FUNCTION f1;
DROP TABLE t1;
SET sql_mode=ORACLE;
CREATE TABLE t1(c1 DECIMAL(5,2) DEFAULT '-100.05');
INSERT INTO t1 VALUES();
SELECT HEX(c1), c1 FROM t1;
HEX(c1)	c1
FFFFFFFFFFFFFF9C	-100.05
CREATE PROCEDURE p1(a DECIMAL(5,2) DEFAULT '-100.05')
AS BEGIN
SELECT a;
END|
CREATE FUNCTION f1(a DECIMAL(5,2) DEFAULT '-100.05') RETURN DECIMAL(5,2)
AS BEGIN
RETURN a;
END|
CALL p1('-100.05');
a
-100.05
CALL p1();
a
-100.05
SELECT f1('-100.05');
f1('-100.05')
-100.05
SELECT f1();
f1()
-100.05
DROP PROCEDURE p1;
DROP FUNCTION f1;
DROP TABLE t1;
SET sql_mode=ORACLE;
CREATE TABLE t1(c1 CHAR(10) DEFAULT '');
INSERT INTO t1 VALUES();
SELECT HEX(c1), c1 FROM t1;
HEX(c1)	c1
	
CREATE PROCEDURE p1(a CHAR(10) DEFAULT '')
AS BEGIN
SELECT a;
END|
CREATE FUNCTION f1(a CHAR(10) DEFAULT '') RETURN CHAR(10)
AS BEGIN
RETURN a;
END|
CALL p1('');
a

CALL p1();
a

SELECT f1('');
f1('')

SELECT f1();
f1()

DROP PROCEDURE p1;
DROP FUNCTION f1;
DROP TABLE t1;
SET sql_mode=ORACLE;
CREATE TABLE t1(c1 CHAR(10) DEFAULT NULL);
INSERT INTO t1 VALUES();
SELECT HEX(c1), c1 FROM t1;
HEX(c1)	c1
NULL	NULL
CREATE PROCEDURE p1(a CHAR(10) DEFAULT NULL)
AS BEGIN
SELECT a;
END|
CREATE FUNCTION f1(a CHAR(10) DEFAULT NULL) RETURN CHAR(10)
AS BEGIN
RETURN a;
END|
CALL p1(NULL);
a
NULL
CALL p1();
a
NULL
SELECT f1(NULL);
f1(NULL)
NULL
SELECT f1();
f1()
NULL
DROP PROCEDURE p1;
DROP FUNCTION f1;
DROP TABLE t1;
SET sql_mode=ORACLE;
CREATE TABLE t1(c1 CHAR(10) DEFAULT 11);
INSERT INTO t1 VALUES();
SELECT HEX(c1), c1 FROM t1;
HEX(c1)	c1
3131	11
CREATE PROCEDURE p1(a CHAR(10) DEFAULT 11)
AS BEGIN
SELECT a;
END|
CREATE FUNCTION f1(a CHAR(10) DEFAULT 11) RETURN CHAR(10)
AS BEGIN
RETURN a;
END|
CALL p1(11);
a
11
CALL p1();
a
11
SELECT f1(11);
f1(11)
11
SELECT f1();
f1()
11
DROP PROCEDURE p1;
DROP FUNCTION f1;
DROP TABLE t1;
SET sql_mode=ORACLE;
CREATE TABLE t1(c1 CHAR(10) DEFAULT '11');
INSERT INTO t1 VALUES();
SELECT HEX(c1), c1 FROM t1;
HEX(c1)	c1
3131	11
CREATE PROCEDURE p1(a CHAR(10) DEFAULT '11')
AS BEGIN
SELECT a;
END|
CREATE FUNCTION f1(a CHAR(10) DEFAULT '11') RETURN CHAR(10)
AS BEGIN
RETURN a;
END|
CALL p1('11');
a
11
CALL p1();
a
11
SELECT f1('11');
f1('11')
11
SELECT f1();
f1()
11
DROP PROCEDURE p1;
DROP FUNCTION f1;
DROP TABLE t1;
SET sql_mode=ORACLE;
CREATE TABLE t1(c1 CHAR(10) DEFAULT NULL);
INSERT INTO t1 VALUES();
SELECT HEX(c1), c1 FROM t1;
HEX(c1)	c1
NULL	NULL
CREATE PROCEDURE p1(a CHAR(10) DEFAULT NULL)
AS BEGIN
SELECT a;
END|
CREATE FUNCTION f1(a CHAR(10) DEFAULT NULL) RETURN CHAR(10)
AS BEGIN
RETURN a;
END|
CALL p1(NULL);
a
NULL
CALL p1();
a
NULL
SELECT f1(NULL);
f1(NULL)
NULL
SELECT f1();
f1()
NULL
DROP PROCEDURE p1;
DROP FUNCTION f1;
DROP TABLE t1;
SET sql_mode=ORACLE;
CREATE TABLE t1(c1 CHAR(10) DEFAULT '');
INSERT INTO t1 VALUES();
SELECT HEX(c1), c1 FROM t1;
HEX(c1)	c1
	
CREATE PROCEDURE p1(a CHAR(10) DEFAULT '')
AS BEGIN
SELECT a;
END|
CREATE FUNCTION f1(a CHAR(10) DEFAULT '') RETURN CHAR(10)
AS BEGIN
RETURN a;
END|
CALL p1('');
a

CALL p1();
a

SELECT f1('');
f1('')

SELECT f1();
f1()

DROP PROCEDURE p1;
DROP FUNCTION f1;
DROP TABLE t1;
SET sql_mode=ORACLE;
CREATE TABLE t1(c1 CHAR(10) DEFAULT '我');
INSERT INTO t1 VALUES();
SELECT HEX(c1), c1 FROM t1;
HEX(c1)	c1
E68891	我
CREATE PROCEDURE p1(a CHAR(10) DEFAULT '我')
AS BEGIN
SELECT a;
END|
CREATE FUNCTION f1(a CHAR(10) DEFAULT '我') RETURN CHAR(10)
AS BEGIN
RETURN a;
END|
CALL p1('我');
a
我
CALL p1();
a
我
SELECT f1('我');
f1('我')
我
SELECT f1();
f1()
我
DROP PROCEDURE p1;
DROP FUNCTION f1;
DROP TABLE t1;
SET sql_mode=ORACLE;
CREATE TABLE t1(c1 CHAR(10) DEFAULT 'a万里b开源c');
INSERT INTO t1 VALUES();
SELECT HEX(c1), c1 FROM t1;
HEX(c1)	c1
61E4B887E9878C62E5BC80E6BA9063	a万里b开源c
CREATE PROCEDURE p1(a CHAR(10) DEFAULT 'a万里b开源c')
AS BEGIN
SELECT a;
END|
CREATE FUNCTION f1(a CHAR(10) DEFAULT 'a万里b开源c') RETURN CHAR(10)
AS BEGIN
RETURN a;
END|
CALL p1('a万里b开源c');
a
a万里b开源c
CALL p1();
a
a万里b开源c
SELECT f1('a万里b开源c');
f1('a万里b开源c')
a万里b开源c
SELECT f1();
f1()
a万里b开源c
DROP PROCEDURE p1;
DROP FUNCTION f1;
DROP TABLE t1;
SET sql_mode=ORACLE;
CREATE TABLE t1(c1 CHAR(10) DEFAULT '万里');
INSERT INTO t1 VALUES();
SELECT HEX(c1), c1 FROM t1;
HEX(c1)	c1
E4B887E9878C	万里
CREATE PROCEDURE p1(a CHAR(10) DEFAULT '万里')
AS BEGIN
SELECT a;
END|
CREATE FUNCTION f1(a CHAR(10) DEFAULT '万里') RETURN CHAR(10)
AS BEGIN
RETURN a;
END|
CALL p1('万里');
a
万里
CALL p1();
a
万里
SELECT f1('万里');
f1('万里')
万里
SELECT f1();
f1()
万里
DROP PROCEDURE p1;
DROP FUNCTION f1;
DROP TABLE t1;
SET sql_mode=ORACLE;
CREATE TABLE t1(c1 CHAR(10) DEFAULT 'SYSDATE');
INSERT INTO t1 VALUES();
SELECT HEX(c1), c1 FROM t1;
HEX(c1)	c1
53595344415445	SYSDATE
CREATE PROCEDURE p1(a CHAR(10) DEFAULT 'SYSDATE')
AS BEGIN
SELECT a;
END|
CREATE FUNCTION f1(a CHAR(10) DEFAULT 'SYSDATE') RETURN CHAR(10)
AS BEGIN
RETURN a;
END|
CALL p1('SYSDATE');
a
SYSDATE
CALL p1();
a
SYSDATE
SELECT f1('SYSDATE');
f1('SYSDATE')
SYSDATE
SELECT f1();
f1()
SYSDATE
DROP PROCEDURE p1;
DROP FUNCTION f1;
DROP TABLE t1;
SET sql_mode=ORACLE;
CREATE TABLE t1(c1 CHAR(10) DEFAULT '%$');
INSERT INTO t1 VALUES();
SELECT HEX(c1), c1 FROM t1;
HEX(c1)	c1
2524	%$
CREATE PROCEDURE p1(a CHAR(10) DEFAULT '%$')
AS BEGIN
SELECT a;
END|
CREATE FUNCTION f1(a CHAR(10) DEFAULT '%$') RETURN CHAR(10)
AS BEGIN
RETURN a;
END|
CALL p1('%$');
a
%$
CALL p1();
a
%$
SELECT f1('%$');
f1('%$')
%$
SELECT f1();
f1()
%$
DROP PROCEDURE p1;
DROP FUNCTION f1;
DROP TABLE t1;
SET sql_mode=ORACLE;
CREATE TABLE t1(c1 VARCHAR(10) DEFAULT '');
INSERT INTO t1 VALUES();
SELECT HEX(c1), c1 FROM t1;
HEX(c1)	c1
	
CREATE PROCEDURE p1(a VARCHAR(10) DEFAULT '')
AS BEGIN
SELECT a;
END|
CREATE FUNCTION f1(a VARCHAR(10) DEFAULT '') RETURN VARCHAR(10)
AS BEGIN
RETURN a;
END|
CALL p1('');
a

CALL p1();
a

SELECT f1('');
f1('')

SELECT f1();
f1()

DROP PROCEDURE p1;
DROP FUNCTION f1;
DROP TABLE t1;
SET sql_mode=ORACLE;
CREATE TABLE t1(c1 VARCHAR(10) DEFAULT NULL);
INSERT INTO t1 VALUES();
SELECT HEX(c1), c1 FROM t1;
HEX(c1)	c1
NULL	NULL
CREATE PROCEDURE p1(a VARCHAR(10) DEFAULT NULL)
AS BEGIN
SELECT a;
END|
CREATE FUNCTION f1(a VARCHAR(10) DEFAULT NULL) RETURN VARCHAR(10)
AS BEGIN
RETURN a;
END|
CALL p1(NULL);
a
NULL
CALL p1();
a
NULL
SELECT f1(NULL);
f1(NULL)
NULL
SELECT f1();
f1()
NULL
DROP PROCEDURE p1;
DROP FUNCTION f1;
DROP TABLE t1;
SET sql_mode=ORACLE;
CREATE TABLE t1(c1 VARCHAR(10) DEFAULT 11);
INSERT INTO t1 VALUES();
SELECT HEX(c1), c1 FROM t1;
HEX(c1)	c1
3131	11
CREATE PROCEDURE p1(a VARCHAR(10) DEFAULT 11)
AS BEGIN
SELECT a;
END|
CREATE FUNCTION f1(a VARCHAR(10) DEFAULT 11) RETURN VARCHAR(10)
AS BEGIN
RETURN a;
END|
CALL p1(11);
a
11
CALL p1();
a
11
SELECT f1(11);
f1(11)
11
SELECT f1();
f1()
11
DROP PROCEDURE p1;
DROP FUNCTION f1;
DROP TABLE t1;
SET sql_mode=ORACLE;
CREATE TABLE t1(c1 VARCHAR(10) DEFAULT '11');
INSERT INTO t1 VALUES();
SELECT HEX(c1), c1 FROM t1;
HEX(c1)	c1
3131	11
CREATE PROCEDURE p1(a VARCHAR(10) DEFAULT '11')
AS BEGIN
SELECT a;
END|
CREATE FUNCTION f1(a VARCHAR(10) DEFAULT '11') RETURN VARCHAR(10)
AS BEGIN
RETURN a;
END|
CALL p1('11');
a
11
CALL p1();
a
11
SELECT f1('11');
f1('11')
11
SELECT f1();
f1()
11
DROP PROCEDURE p1;
DROP FUNCTION f1;
DROP TABLE t1;
SET sql_mode=ORACLE;
CREATE TABLE t1(c1 VARCHAR(10) DEFAULT NULL);
INSERT INTO t1 VALUES();
SELECT HEX(c1), c1 FROM t1;
HEX(c1)	c1
NULL	NULL
CREATE PROCEDURE p1(a VARCHAR(10) DEFAULT NULL)
AS BEGIN
SELECT a;
END|
CREATE FUNCTION f1(a VARCHAR(10) DEFAULT NULL) RETURN VARCHAR(10)
AS BEGIN
RETURN a;
END|
CALL p1(NULL);
a
NULL
CALL p1();
a
NULL
SELECT f1(NULL);
f1(NULL)
NULL
SELECT f1();
f1()
NULL
DROP PROCEDURE p1;
DROP FUNCTION f1;
DROP TABLE t1;
SET sql_mode=ORACLE;
CREATE TABLE t1(c1 VARCHAR(10) DEFAULT '');
INSERT INTO t1 VALUES();
SELECT HEX(c1), c1 FROM t1;
HEX(c1)	c1
	
CREATE PROCEDURE p1(a VARCHAR(10) DEFAULT '')
AS BEGIN
SELECT a;
END|
CREATE FUNCTION f1(a VARCHAR(10) DEFAULT '') RETURN VARCHAR(10)
AS BEGIN
RETURN a;
END|
CALL p1('');
a

CALL p1();
a

SELECT f1('');
f1('')

SELECT f1();
f1()

DROP PROCEDURE p1;
DROP FUNCTION f1;
DROP TABLE t1;
SET sql_mode=ORACLE;
CREATE TABLE t1(c1 VARCHAR(10) DEFAULT '我');
INSERT INTO t1 VALUES();
SELECT HEX(c1), c1 FROM t1;
HEX(c1)	c1
E68891	我
CREATE PROCEDURE p1(a VARCHAR(10) DEFAULT '我')
AS BEGIN
SELECT a;
END|
CREATE FUNCTION f1(a VARCHAR(10) DEFAULT '我') RETURN VARCHAR(10)
AS BEGIN
RETURN a;
END|
CALL p1('我');
a
我
CALL p1();
a
我
SELECT f1('我');
f1('我')
我
SELECT f1();
f1()
我
DROP PROCEDURE p1;
DROP FUNCTION f1;
DROP TABLE t1;
SET sql_mode=ORACLE;
CREATE TABLE t1(c1 VARCHAR(10) DEFAULT 'a万里b开源c');
INSERT INTO t1 VALUES();
SELECT HEX(c1), c1 FROM t1;
HEX(c1)	c1
61E4B887E9878C62E5BC80E6BA9063	a万里b开源c
CREATE PROCEDURE p1(a VARCHAR(10) DEFAULT 'a万里b开源c')
AS BEGIN
SELECT a;
END|
CREATE FUNCTION f1(a VARCHAR(10) DEFAULT 'a万里b开源c') RETURN VARCHAR(10)
AS BEGIN
RETURN a;
END|
CALL p1('a万里b开源c');
a
a万里b开源c
CALL p1();
a
a万里b开源c
SELECT f1('a万里b开源c');
f1('a万里b开源c')
a万里b开源c
SELECT f1();
f1()
a万里b开源c
DROP PROCEDURE p1;
DROP FUNCTION f1;
DROP TABLE t1;
SET sql_mode=ORACLE;
CREATE TABLE t1(c1 VARCHAR(10) DEFAULT '万里');
INSERT INTO t1 VALUES();
SELECT HEX(c1), c1 FROM t1;
HEX(c1)	c1
E4B887E9878C	万里
CREATE PROCEDURE p1(a VARCHAR(10) DEFAULT '万里')
AS BEGIN
SELECT a;
END|
CREATE FUNCTION f1(a VARCHAR(10) DEFAULT '万里') RETURN VARCHAR(10)
AS BEGIN
RETURN a;
END|
CALL p1('万里');
a
万里
CALL p1();
a
万里
SELECT f1('万里');
f1('万里')
万里
SELECT f1();
f1()
万里
DROP PROCEDURE p1;
DROP FUNCTION f1;
DROP TABLE t1;
SET sql_mode=ORACLE;
CREATE TABLE t1(c1 VARCHAR(10) DEFAULT 'SYSDATE');
INSERT INTO t1 VALUES();
SELECT HEX(c1), c1 FROM t1;
HEX(c1)	c1
53595344415445	SYSDATE
CREATE PROCEDURE p1(a VARCHAR(10) DEFAULT 'SYSDATE')
AS BEGIN
SELECT a;
END|
CREATE FUNCTION f1(a VARCHAR(10) DEFAULT 'SYSDATE') RETURN VARCHAR(10)
AS BEGIN
RETURN a;
END|
CALL p1('SYSDATE');
a
SYSDATE
CALL p1();
a
SYSDATE
SELECT f1('SYSDATE');
f1('SYSDATE')
SYSDATE
SELECT f1();
f1()
SYSDATE
DROP PROCEDURE p1;
DROP FUNCTION f1;
DROP TABLE t1;
SET sql_mode=ORACLE;
CREATE TABLE t1(c1 VARCHAR(10) DEFAULT '%$');
INSERT INTO t1 VALUES();
SELECT HEX(c1), c1 FROM t1;
HEX(c1)	c1
2524	%$
CREATE PROCEDURE p1(a VARCHAR(10) DEFAULT '%$')
AS BEGIN
SELECT a;
END|
CREATE FUNCTION f1(a VARCHAR(10) DEFAULT '%$') RETURN VARCHAR(10)
AS BEGIN
RETURN a;
END|
CALL p1('%$');
a
%$
CALL p1();
a
%$
SELECT f1('%$');
f1('%$')
%$
SELECT f1();
f1()
%$
DROP PROCEDURE p1;
DROP FUNCTION f1;
DROP TABLE t1;
SET sql_mode=ORACLE;
CREATE TABLE t1(c1 BINARY(20) DEFAULT '');
INSERT INTO t1 VALUES();
SELECT HEX(c1), c1 FROM t1;
HEX(c1)	c1
0000000000000000000000000000000000000000	                    
CREATE PROCEDURE p1(a BINARY(20) DEFAULT '')
AS BEGIN
SELECT a;
END|
CREATE FUNCTION f1(a BINARY(20) DEFAULT '') RETURN BINARY(20)
AS BEGIN
RETURN a;
END|
CALL p1('');
a
                    
CALL p1();
a
                    
SELECT f1('');
f1('')
                    
SELECT f1();
f1()
                    
DROP PROCEDURE p1;
DROP FUNCTION f1;
DROP TABLE t1;
SET sql_mode=ORACLE;
CREATE TABLE t1(c1 BINARY(20) DEFAULT NULL);
INSERT INTO t1 VALUES();
SELECT HEX(c1), c1 FROM t1;
HEX(c1)	c1
NULL	NULL
CREATE PROCEDURE p1(a BINARY(20) DEFAULT NULL)
AS BEGIN
SELECT a;
END|
CREATE FUNCTION f1(a BINARY(20) DEFAULT NULL) RETURN BINARY(20)
AS BEGIN
RETURN a;
END|
CALL p1(NULL);
a
NULL
CALL p1();
a
NULL
SELECT f1(NULL);
f1(NULL)
NULL
SELECT f1();
f1()
NULL
DROP PROCEDURE p1;
DROP FUNCTION f1;
DROP TABLE t1;
SET sql_mode=ORACLE;
CREATE TABLE t1(c1 BINARY(20) DEFAULT 11);
INSERT INTO t1 VALUES();
SELECT HEX(c1), c1 FROM t1;
HEX(c1)	c1
3131000000000000000000000000000000000000	11                  
CREATE PROCEDURE p1(a BINARY(20) DEFAULT 11)
AS BEGIN
SELECT a;
END|
CREATE FUNCTION f1(a BINARY(20) DEFAULT 11) RETURN BINARY(20)
AS BEGIN
RETURN a;
END|
CALL p1(11);
a
11                  
CALL p1();
a
11                  
SELECT f1(11);
f1(11)
11                  
SELECT f1();
f1()
11                  
DROP PROCEDURE p1;
DROP FUNCTION f1;
DROP TABLE t1;
SET sql_mode=ORACLE;
CREATE TABLE t1(c1 BINARY(20) DEFAULT '11');
INSERT INTO t1 VALUES();
SELECT HEX(c1), c1 FROM t1;
HEX(c1)	c1
3131000000000000000000000000000000000000	11                  
CREATE PROCEDURE p1(a BINARY(20) DEFAULT '11')
AS BEGIN
SELECT a;
END|
CREATE FUNCTION f1(a BINARY(20) DEFAULT '11') RETURN BINARY(20)
AS BEGIN
RETURN a;
END|
CALL p1('11');
a
11                  
CALL p1();
a
11                  
SELECT f1('11');
f1('11')
11                  
SELECT f1();
f1()
11                  
DROP PROCEDURE p1;
DROP FUNCTION f1;
DROP TABLE t1;
SET sql_mode=ORACLE;
CREATE TABLE t1(c1 BINARY(20) DEFAULT NULL);
INSERT INTO t1 VALUES();
SELECT HEX(c1), c1 FROM t1;
HEX(c1)	c1
NULL	NULL
CREATE PROCEDURE p1(a BINARY(20) DEFAULT NULL)
AS BEGIN
SELECT a;
END|
CREATE FUNCTION f1(a BINARY(20) DEFAULT NULL) RETURN BINARY(20)
AS BEGIN
RETURN a;
END|
CALL p1(NULL);
a
NULL
CALL p1();
a
NULL
SELECT f1(NULL);
f1(NULL)
NULL
SELECT f1();
f1()
NULL
DROP PROCEDURE p1;
DROP FUNCTION f1;
DROP TABLE t1;
SET sql_mode=ORACLE;
CREATE TABLE t1(c1 BINARY(20) DEFAULT '');
INSERT INTO t1 VALUES();
SELECT HEX(c1), c1 FROM t1;
HEX(c1)	c1
0000000000000000000000000000000000000000	                    
CREATE PROCEDURE p1(a BINARY(20) DEFAULT '')
AS BEGIN
SELECT a;
END|
CREATE FUNCTION f1(a BINARY(20) DEFAULT '') RETURN BINARY(20)
AS BEGIN
RETURN a;
END|
CALL p1('');
a
                    
CALL p1();
a
                    
SELECT f1('');
f1('')
                    
SELECT f1();
f1()
                    
DROP PROCEDURE p1;
DROP FUNCTION f1;
DROP TABLE t1;
SET sql_mode=ORACLE;
CREATE TABLE t1(c1 BINARY(20) DEFAULT '我');
INSERT INTO t1 VALUES();
SELECT HEX(c1), c1 FROM t1;
HEX(c1)	c1
E688910000000000000000000000000000000000	我                 
CREATE PROCEDURE p1(a BINARY(20) DEFAULT '我')
AS BEGIN
SELECT a;
END|
CREATE FUNCTION f1(a BINARY(20) DEFAULT '我') RETURN BINARY(20)
AS BEGIN
RETURN a;
END|
CALL p1('我');
a
我                 
CALL p1();
a
我                 
SELECT f1('我');
f1('我')
我                 
SELECT f1();
f1()
我                 
DROP PROCEDURE p1;
DROP FUNCTION f1;
DROP TABLE t1;
SET sql_mode=ORACLE;
CREATE TABLE t1(c1 BINARY(20) DEFAULT 'a万里b开源c');
INSERT INTO t1 VALUES();
SELECT HEX(c1), c1 FROM t1;
HEX(c1)	c1
61E4B887E9878C62E5BC80E6BA90630000000000	a万里b开源c     
CREATE PROCEDURE p1(a BINARY(20) DEFAULT 'a万里b开源c')
AS BEGIN
SELECT a;
END|
CREATE FUNCTION f1(a BINARY(20) DEFAULT 'a万里b开源c') RETURN BINARY(20)
AS BEGIN
RETURN a;
END|
CALL p1('a万里b开源c');
a
a万里b开源c     
CALL p1();
a
a万里b开源c     
SELECT f1('a万里b开源c');
f1('a万里b开源c')
a万里b开源c     
SELECT f1();
f1()
a万里b开源c     
DROP PROCEDURE p1;
DROP FUNCTION f1;
DROP TABLE t1;
SET sql_mode=ORACLE;
CREATE TABLE t1(c1 BINARY(20) DEFAULT '万里');
INSERT INTO t1 VALUES();
SELECT HEX(c1), c1 FROM t1;
HEX(c1)	c1
E4B887E9878C0000000000000000000000000000	万里              
CREATE PROCEDURE p1(a BINARY(20) DEFAULT '万里')
AS BEGIN
SELECT a;
END|
CREATE FUNCTION f1(a BINARY(20) DEFAULT '万里') RETURN BINARY(20)
AS BEGIN
RETURN a;
END|
CALL p1('万里');
a
万里              
CALL p1();
a
万里              
SELECT f1('万里');
f1('万里')
万里              
SELECT f1();
f1()
万里              
DROP PROCEDURE p1;
DROP FUNCTION f1;
DROP TABLE t1;
SET sql_mode=ORACLE;
CREATE TABLE t1(c1 BINARY(20) DEFAULT 'SYSDATE');
INSERT INTO t1 VALUES();
SELECT HEX(c1), c1 FROM t1;
HEX(c1)	c1
5359534441544500000000000000000000000000	SYSDATE             
CREATE PROCEDURE p1(a BINARY(20) DEFAULT 'SYSDATE')
AS BEGIN
SELECT a;
END|
CREATE FUNCTION f1(a BINARY(20) DEFAULT 'SYSDATE') RETURN BINARY(20)
AS BEGIN
RETURN a;
END|
CALL p1('SYSDATE');
a
SYSDATE             
CALL p1();
a
SYSDATE             
SELECT f1('SYSDATE');
f1('SYSDATE')
SYSDATE             
SELECT f1();
f1()
SYSDATE             
DROP PROCEDURE p1;
DROP FUNCTION f1;
DROP TABLE t1;
SET sql_mode=ORACLE;
CREATE TABLE t1(c1 BINARY(20) DEFAULT '%$');
INSERT INTO t1 VALUES();
SELECT HEX(c1), c1 FROM t1;
HEX(c1)	c1
2524000000000000000000000000000000000000	%$                  
CREATE PROCEDURE p1(a BINARY(20) DEFAULT '%$')
AS BEGIN
SELECT a;
END|
CREATE FUNCTION f1(a BINARY(20) DEFAULT '%$') RETURN BINARY(20)
AS BEGIN
RETURN a;
END|
CALL p1('%$');
a
%$                  
CALL p1();
a
%$                  
SELECT f1('%$');
f1('%$')
%$                  
SELECT f1();
f1()
%$                  
DROP PROCEDURE p1;
DROP FUNCTION f1;
DROP TABLE t1;
SET sql_mode=ORACLE;
CREATE TABLE t1(c1 VARBINARY(20) DEFAULT '');
INSERT INTO t1 VALUES();
SELECT HEX(c1), c1 FROM t1;
HEX(c1)	c1
	
CREATE PROCEDURE p1(a VARBINARY(20) DEFAULT '')
AS BEGIN
SELECT a;
END|
CREATE FUNCTION f1(a VARBINARY(20) DEFAULT '') RETURN VARBINARY(20)
AS BEGIN
RETURN a;
END|
CALL p1('');
a

CALL p1();
a

SELECT f1('');
f1('')

SELECT f1();
f1()

DROP PROCEDURE p1;
DROP FUNCTION f1;
DROP TABLE t1;
SET sql_mode=ORACLE;
CREATE TABLE t1(c1 VARBINARY(20) DEFAULT NULL);
INSERT INTO t1 VALUES();
SELECT HEX(c1), c1 FROM t1;
HEX(c1)	c1
NULL	NULL
CREATE PROCEDURE p1(a VARBINARY(20) DEFAULT NULL)
AS BEGIN
SELECT a;
END|
CREATE FUNCTION f1(a VARBINARY(20) DEFAULT NULL) RETURN VARBINARY(20)
AS BEGIN
RETURN a;
END|
CALL p1(NULL);
a
NULL
CALL p1();
a
NULL
SELECT f1(NULL);
f1(NULL)
NULL
SELECT f1();
f1()
NULL
DROP PROCEDURE p1;
DROP FUNCTION f1;
DROP TABLE t1;
SET sql_mode=ORACLE;
CREATE TABLE t1(c1 VARBINARY(20) DEFAULT 11);
INSERT INTO t1 VALUES();
SELECT HEX(c1), c1 FROM t1;
HEX(c1)	c1
3131	11
CREATE PROCEDURE p1(a VARBINARY(20) DEFAULT 11)
AS BEGIN
SELECT a;
END|
CREATE FUNCTION f1(a VARBINARY(20) DEFAULT 11) RETURN VARBINARY(20)
AS BEGIN
RETURN a;
END|
CALL p1(11);
a
11
CALL p1();
a
11
SELECT f1(11);
f1(11)
11
SELECT f1();
f1()
11
DROP PROCEDURE p1;
DROP FUNCTION f1;
DROP TABLE t1;
SET sql_mode=ORACLE;
CREATE TABLE t1(c1 VARBINARY(20) DEFAULT '11');
INSERT INTO t1 VALUES();
SELECT HEX(c1), c1 FROM t1;
HEX(c1)	c1
3131	11
CREATE PROCEDURE p1(a VARBINARY(20) DEFAULT '11')
AS BEGIN
SELECT a;
END|
CREATE FUNCTION f1(a VARBINARY(20) DEFAULT '11') RETURN VARBINARY(20)
AS BEGIN
RETURN a;
END|
CALL p1('11');
a
11
CALL p1();
a
11
SELECT f1('11');
f1('11')
11
SELECT f1();
f1()
11
DROP PROCEDURE p1;
DROP FUNCTION f1;
DROP TABLE t1;
SET sql_mode=ORACLE;
CREATE TABLE t1(c1 VARBINARY(20) DEFAULT NULL);
INSERT INTO t1 VALUES();
SELECT HEX(c1), c1 FROM t1;
HEX(c1)	c1
NULL	NULL
CREATE PROCEDURE p1(a VARBINARY(20) DEFAULT NULL)
AS BEGIN
SELECT a;
END|
CREATE FUNCTION f1(a VARBINARY(20) DEFAULT NULL) RETURN VARBINARY(20)
AS BEGIN
RETURN a;
END|
CALL p1(NULL);
a
NULL
CALL p1();
a
NULL
SELECT f1(NULL);
f1(NULL)
NULL
SELECT f1();
f1()
NULL
DROP PROCEDURE p1;
DROP FUNCTION f1;
DROP TABLE t1;
SET sql_mode=ORACLE;
CREATE TABLE t1(c1 VARBINARY(20) DEFAULT '');
INSERT INTO t1 VALUES();
SELECT HEX(c1), c1 FROM t1;
HEX(c1)	c1
	
CREATE PROCEDURE p1(a VARBINARY(20) DEFAULT '')
AS BEGIN
SELECT a;
END|
CREATE FUNCTION f1(a VARBINARY(20) DEFAULT '') RETURN VARBINARY(20)
AS BEGIN
RETURN a;
END|
CALL p1('');
a

CALL p1();
a

SELECT f1('');
f1('')

SELECT f1();
f1()

DROP PROCEDURE p1;
DROP FUNCTION f1;
DROP TABLE t1;
SET sql_mode=ORACLE;
CREATE TABLE t1(c1 VARBINARY(20) DEFAULT '我');
INSERT INTO t1 VALUES();
SELECT HEX(c1), c1 FROM t1;
HEX(c1)	c1
E68891	我
CREATE PROCEDURE p1(a VARBINARY(20) DEFAULT '我')
AS BEGIN
SELECT a;
END|
CREATE FUNCTION f1(a VARBINARY(20) DEFAULT '我') RETURN VARBINARY(20)
AS BEGIN
RETURN a;
END|
CALL p1('我');
a
我
CALL p1();
a
我
SELECT f1('我');
f1('我')
我
SELECT f1();
f1()
我
DROP PROCEDURE p1;
DROP FUNCTION f1;
DROP TABLE t1;
SET sql_mode=ORACLE;
CREATE TABLE t1(c1 VARBINARY(20) DEFAULT 'a万里b开源c');
INSERT INTO t1 VALUES();
SELECT HEX(c1), c1 FROM t1;
HEX(c1)	c1
61E4B887E9878C62E5BC80E6BA9063	a万里b开源c
CREATE PROCEDURE p1(a VARBINARY(20) DEFAULT 'a万里b开源c')
AS BEGIN
SELECT a;
END|
CREATE FUNCTION f1(a VARBINARY(20) DEFAULT 'a万里b开源c') RETURN VARBINARY(20)
AS BEGIN
RETURN a;
END|
CALL p1('a万里b开源c');
a
a万里b开源c
CALL p1();
a
a万里b开源c
SELECT f1('a万里b开源c');
f1('a万里b开源c')
a万里b开源c
SELECT f1();
f1()
a万里b开源c
DROP PROCEDURE p1;
DROP FUNCTION f1;
DROP TABLE t1;
SET sql_mode=ORACLE;
CREATE TABLE t1(c1 VARBINARY(20) DEFAULT '万里');
INSERT INTO t1 VALUES();
SELECT HEX(c1), c1 FROM t1;
HEX(c1)	c1
E4B887E9878C	万里
CREATE PROCEDURE p1(a VARBINARY(20) DEFAULT '万里')
AS BEGIN
SELECT a;
END|
CREATE FUNCTION f1(a VARBINARY(20) DEFAULT '万里') RETURN VARBINARY(20)
AS BEGIN
RETURN a;
END|
CALL p1('万里');
a
万里
CALL p1();
a
万里
SELECT f1('万里');
f1('万里')
万里
SELECT f1();
f1()
万里
DROP PROCEDURE p1;
DROP FUNCTION f1;
DROP TABLE t1;
SET sql_mode=ORACLE;
CREATE TABLE t1(c1 VARBINARY(20) DEFAULT 'SYSDATE');
INSERT INTO t1 VALUES();
SELECT HEX(c1), c1 FROM t1;
HEX(c1)	c1
53595344415445	SYSDATE
CREATE PROCEDURE p1(a VARBINARY(20) DEFAULT 'SYSDATE')
AS BEGIN
SELECT a;
END|
CREATE FUNCTION f1(a VARBINARY(20) DEFAULT 'SYSDATE') RETURN VARBINARY(20)
AS BEGIN
RETURN a;
END|
CALL p1('SYSDATE');
a
SYSDATE
CALL p1();
a
SYSDATE
SELECT f1('SYSDATE');
f1('SYSDATE')
SYSDATE
SELECT f1();
f1()
SYSDATE
DROP PROCEDURE p1;
DROP FUNCTION f1;
DROP TABLE t1;
SET sql_mode=ORACLE;
CREATE TABLE t1(c1 VARBINARY(20) DEFAULT '%$');
INSERT INTO t1 VALUES();
SELECT HEX(c1), c1 FROM t1;
HEX(c1)	c1
2524	%$
CREATE PROCEDURE p1(a VARBINARY(20) DEFAULT '%$')
AS BEGIN
SELECT a;
END|
CREATE FUNCTION f1(a VARBINARY(20) DEFAULT '%$') RETURN VARBINARY(20)
AS BEGIN
RETURN a;
END|
CALL p1('%$');
a
%$
CALL p1();
a
%$
SELECT f1('%$');
f1('%$')
%$
SELECT f1();
f1()
%$
DROP PROCEDURE p1;
DROP FUNCTION f1;
DROP TABLE t1;
SET sql_mode=ORACLE;
CREATE TABLE t1(c1 YEAR DEFAULT (NULL));
INSERT INTO t1 VALUES();
SELECT HEX(c1), c1 FROM t1;
HEX(c1)	c1
NULL	NULL
CREATE PROCEDURE p1(a YEAR DEFAULT NULL)
AS BEGIN
SELECT a;
END|
CREATE FUNCTION f1(a YEAR DEFAULT NULL) RETURN YEAR
AS BEGIN
RETURN a;
END|
CALL p1(NULL);
a
NULL
CALL p1();
a
NULL
SELECT f1(NULL);
f1(NULL)
NULL
SELECT f1();
f1()
NULL
DROP PROCEDURE p1;
DROP FUNCTION f1;
DROP TABLE t1;
SET sql_mode=ORACLE;
CREATE TABLE t1(c1 YEAR DEFAULT ('2021'));
INSERT INTO t1 VALUES();
SELECT HEX(c1), c1 FROM t1;
HEX(c1)	c1
7E5	2021
CREATE PROCEDURE p1(a YEAR DEFAULT '2021')
AS BEGIN
SELECT a;
END|
CREATE FUNCTION f1(a YEAR DEFAULT '2021') RETURN YEAR
AS BEGIN
RETURN a;
END|
CALL p1('2021');
a
2021
CALL p1();
a
2021
SELECT f1('2021');
f1('2021')
2021
SELECT f1();
f1()
2021
DROP PROCEDURE p1;
DROP FUNCTION f1;
DROP TABLE t1;
SET sql_mode=ORACLE;
CREATE TABLE t1(c1 YEAR DEFAULT (2021));
INSERT INTO t1 VALUES();
SELECT HEX(c1), c1 FROM t1;
HEX(c1)	c1
7E5	2021
CREATE PROCEDURE p1(a YEAR DEFAULT 2021)
AS BEGIN
SELECT a;
END|
CREATE FUNCTION f1(a YEAR DEFAULT 2021) RETURN YEAR
AS BEGIN
RETURN a;
END|
CALL p1(2021);
a
2021
CALL p1();
a
2021
SELECT f1(2021);
f1(2021)
2021
SELECT f1();
f1()
2021
DROP PROCEDURE p1;
DROP FUNCTION f1;
DROP TABLE t1;
SET sql_mode=ORACLE;
CREATE TABLE t1(c1 TIME DEFAULT (NULL));
INSERT INTO t1 VALUES();
SELECT HEX(c1), c1 FROM t1;
HEX(c1)	c1
NULL	NULL
CREATE PROCEDURE p1(a TIME DEFAULT NULL)
AS BEGIN
SELECT a;
END|
CREATE FUNCTION f1(a TIME DEFAULT NULL) RETURN TIME
AS BEGIN
RETURN a;
END|
CALL p1(NULL);
a
NULL
CALL p1();
a
NULL
SELECT f1(NULL);
f1(NULL)
NULL
SELECT f1();
f1()
NULL
DROP PROCEDURE p1;
DROP FUNCTION f1;
DROP TABLE t1;
SET sql_mode=ORACLE;
CREATE TABLE t1(c1 TIME DEFAULT ('10:10:23'));
INSERT INTO t1 VALUES();
SELECT HEX(c1), c1 FROM t1;
HEX(c1)	c1
31303A31303A3233	10:10:23
CREATE PROCEDURE p1(a TIME DEFAULT '10:10:23')
AS BEGIN
SELECT a;
END|
CREATE FUNCTION f1(a TIME DEFAULT '10:10:23') RETURN TIME
AS BEGIN
RETURN a;
END|
CALL p1('10:10:23');
a
10:10:23
CALL p1();
a
10:10:23
SELECT f1('10:10:23');
f1('10:10:23')
10:10:23
SELECT f1();
f1()
10:10:23
DROP PROCEDURE p1;
DROP FUNCTION f1;
DROP TABLE t1;
SET sql_mode=ORACLE;
CREATE TABLE t1(c1 TIME DEFAULT (101023));
INSERT INTO t1 VALUES();
SELECT HEX(c1), c1 FROM t1;
HEX(c1)	c1
31303A31303A3233	10:10:23
CREATE PROCEDURE p1(a TIME DEFAULT 101023)
AS BEGIN
SELECT a;
END|
CREATE FUNCTION f1(a TIME DEFAULT 101023) RETURN TIME
AS BEGIN
RETURN a;
END|
CALL p1(101023);
a
10:10:23
CALL p1();
a
10:10:23
SELECT f1(101023);
f1(101023)
10:10:23
SELECT f1();
f1()
10:10:23
DROP PROCEDURE p1;
DROP FUNCTION f1;
DROP TABLE t1;
SET sql_mode=ORACLE;
CREATE TABLE t1(c1 DATETIME DEFAULT (NULL));
INSERT INTO t1 VALUES();
SELECT HEX(c1), c1 FROM t1;
HEX(c1)	c1
NULL	NULL
CREATE PROCEDURE p1(a DATETIME DEFAULT NULL)
AS BEGIN
SELECT a;
END|
CREATE FUNCTION f1(a DATETIME DEFAULT NULL) RETURN DATETIME
AS BEGIN
RETURN a;
END|
CALL p1(NULL);
a
NULL
CALL p1();
a
NULL
SELECT f1(NULL);
f1(NULL)
NULL
SELECT f1();
f1()
NULL
DROP PROCEDURE p1;
DROP FUNCTION f1;
DROP TABLE t1;
SET sql_mode=ORACLE;
CREATE TABLE t1(c1 DATETIME DEFAULT ('2021-03-17 10:10:23'));
INSERT INTO t1 VALUES();
SELECT HEX(c1), c1 FROM t1;
HEX(c1)	c1
323032312D30332D31372031303A31303A3233	2021-03-17 10:10:23
CREATE PROCEDURE p1(a DATETIME DEFAULT '2021-03-17 10:10:23')
AS BEGIN
SELECT a;
END|
CREATE FUNCTION f1(a DATETIME DEFAULT '2021-03-17 10:10:23') RETURN DATETIME
AS BEGIN
RETURN a;
END|
CALL p1('2021-03-17 10:10:23');
a
2021-03-17 10:10:23
CALL p1();
a
2021-03-17 10:10:23
SELECT f1('2021-03-17 10:10:23');
f1('2021-03-17 10:10:23')
2021-03-17 10:10:23
SELECT f1();
f1()
2021-03-17 10:10:23
DROP PROCEDURE p1;
DROP FUNCTION f1;
DROP TABLE t1;
SET sql_mode=ORACLE;
CREATE TABLE t1(c1 DATETIME DEFAULT (20210317101023));
INSERT INTO t1 VALUES();
SELECT HEX(c1), c1 FROM t1;
HEX(c1)	c1
323032312D30332D31372031303A31303A3233	2021-03-17 10:10:23
CREATE PROCEDURE p1(a DATETIME DEFAULT 20210317101023)
AS BEGIN
SELECT a;
END|
CREATE FUNCTION f1(a DATETIME DEFAULT 20210317101023) RETURN DATETIME
AS BEGIN
RETURN a;
END|
CALL p1(20210317101023);
a
2021-03-17 10:10:23
CALL p1();
a
2021-03-17 10:10:23
SELECT f1(20210317101023);
f1(20210317101023)
2021-03-17 10:10:23
SELECT f1();
f1()
2021-03-17 10:10:23
DROP PROCEDURE p1;
DROP FUNCTION f1;
DROP TABLE t1;
SET sql_mode=ORACLE;
CREATE TABLE t1(c1 TIMESTAMP DEFAULT (NULL));
INSERT INTO t1 VALUES();
SELECT HEX(c1), c1 FROM t1;
HEX(c1)	c1
NULL	NULL
CREATE PROCEDURE p1(a TIMESTAMP DEFAULT NULL)
AS BEGIN
SELECT a;
END|
CREATE FUNCTION f1(a TIMESTAMP DEFAULT NULL) RETURN TIMESTAMP
AS BEGIN
RETURN a;
END|
CALL p1(NULL);
a
NULL
CALL p1();
a
NULL
SELECT f1(NULL);
f1(NULL)
NULL
SELECT f1();
f1()
NULL
DROP PROCEDURE p1;
DROP FUNCTION f1;
DROP TABLE t1;
SET sql_mode=ORACLE;
CREATE TABLE t1(c1 TIMESTAMP DEFAULT ('2021-03-17 10:10:23'));
INSERT INTO t1 VALUES();
SELECT HEX(c1), c1 FROM t1;
HEX(c1)	c1
323032312D30332D31372031303A31303A3233	2021-03-17 10:10:23
CREATE PROCEDURE p1(a TIMESTAMP DEFAULT '2021-03-17 10:10:23')
AS BEGIN
SELECT a;
END|
CREATE FUNCTION f1(a TIMESTAMP DEFAULT '2021-03-17 10:10:23') RETURN TIMESTAMP
AS BEGIN
RETURN a;
END|
CALL p1('2021-03-17 10:10:23');
a
2021-03-17 10:10:23
CALL p1();
a
2021-03-17 10:10:23
SELECT f1('2021-03-17 10:10:23');
f1('2021-03-17 10:10:23')
2021-03-17 10:10:23
SELECT f1();
f1()
2021-03-17 10:10:23
DROP PROCEDURE p1;
DROP FUNCTION f1;
DROP TABLE t1;
SET sql_mode=ORACLE;
CREATE TABLE t1(c1 TIMESTAMP DEFAULT (20210317101023));
INSERT INTO t1 VALUES();
SELECT HEX(c1), c1 FROM t1;
HEX(c1)	c1
323032312D30332D31372031303A31303A3233	2021-03-17 10:10:23
CREATE PROCEDURE p1(a TIMESTAMP DEFAULT 20210317101023)
AS BEGIN
SELECT a;
END|
CREATE FUNCTION f1(a TIMESTAMP DEFAULT 20210317101023) RETURN TIMESTAMP
AS BEGIN
RETURN a;
END|
CALL p1(20210317101023);
a
2021-03-17 10:10:23
CALL p1();
a
2021-03-17 10:10:23
SELECT f1(20210317101023);
f1(20210317101023)
2021-03-17 10:10:23
SELECT f1();
f1()
2021-03-17 10:10:23
DROP PROCEDURE p1;
DROP FUNCTION f1;
DROP TABLE t1;
SET sql_mode=ORACLE;
CREATE PROCEDURE p1(a TEXT DEFAULT 'abc')
AS BEGIN
SELECT a;
END|
CREATE FUNCTION f1(a TEXT DEFAULT 'abc') RETURN TEXT
AS BEGIN
RETURN a;
END|
CALL p1('xyz');
a
xyz
CALL p1();
a
abc
SELECT f1('xyz');
f1('xyz')
xyz
SELECT f1();
f1()
abc
DROP PROCEDURE p1;
DROP FUNCTION f1;
SET sql_mode=ORACLE;
CREATE PROCEDURE p1(a BLOB DEFAULT 'abc')
AS BEGIN
SELECT a;
END|
CREATE FUNCTION f1(a BLOB DEFAULT 'abc') RETURN TEXT
AS BEGIN
RETURN a;
END|
CALL p1('xyz');
a
xyz
CALL p1('🀀');
a
🀀
CALL p1();
a
abc
SELECT f1('xyz');
f1('xyz')
xyz
SELECT f1('🀀');
f1('?')
🀀
SELECT f1();
f1()
abc
DROP PROCEDURE p1;
DROP FUNCTION f1;
SET sql_mode=ORACLE;
CREATE OR REPLACE PROCEDURE p1(a TEXT DEFAULT 'a')
AS
BEGIN
SELECT a;
END|
call p1()|
a
a
call p1()|
a
a
CREATE OR REPLACE PROCEDURE p1(a VARCHAR2(1024) DEFAULT 'a')
AS
BEGIN
SELECT a;
END|
call p1()|
a
a
call p1()|
a
a
CREATE OR REPLACE PROCEDURE p1(a int DEFAULT 10)
AS
BEGIN
SELECT a;
END|
call p1()|
a
10
call p1()|
a
10
CREATE OR REPLACE PROCEDURE p1(a TEXT DEFAULT 'a', b TEXT DEFAULT 'b')
AS
BEGIN
SELECT a, b;
END|
call p1()|
a	b
a	b
call p1()|
a	b
a	b
CREATE OR REPLACE PROCEDURE p1(a TEXT, b TEXT DEFAULT 'b')
AS
BEGIN
SELECT a, b;
END|
call p1('a')|
a	b
a	b
call p1('a')|
a	b
a	b
CREATE OR REPLACE PROCEDURE p1(a TEXT, b TEXT)
AS
BEGIN
SELECT a, b;
END|
call p1('a', 'b')|
a	b
a	b
call p1('a', 'b')|
a	b
a	b
CREATE OR REPLACE PROCEDURE p1(a int DEFAULT 10, b TEXT DEFAULT 'b')
AS
BEGIN
SELECT a, b;
END|
call p1()|
a	b
10	b
call p1()|
a	b
10	b
CREATE OR REPLACE PROCEDURE p1(a int, b TEXT DEFAULT 'b')
AS
BEGIN
SELECT a, b;
END|
call p1(10)|
a	b
10	b
call p1(10)|
a	b
10	b
CREATE OR REPLACE PROCEDURE p1(a int, b TEXT)
AS
BEGIN
SELECT a, b;
END|
call p1(10, 'b')|
a	b
10	b
call p1(10, 'b')|
a	b
10	b
DROP PROCEDURE p1|
CREATE OR REPLACE FUNCTION f1(a TEXT DEFAULT 'a') RETURN TEXT
AS
BEGIN
RETURN a;
END|
select f1()|
f1()
a
select f1()|
f1()
a
CREATE OR REPLACE FUNCTION f1(a VARCHAR2(1024) DEFAULT 'a') RETURN VARCHAR2(1024)
AS
BEGIN
RETURN a;
END|
select f1()|
f1()
a
select f1()|
f1()
a
CREATE OR REPLACE FUNCTION f1(a int DEFAULT 10) RETURN int
AS
BEGIN
RETURN a;
END|
select f1()|
f1()
10
select f1()|
f1()
10
CREATE OR REPLACE FUNCTION f1(a TEXT DEFAULT 'a', b TEXT DEFAULT 'b') RETURN VARCHAR2(1024)
AS
BEGIN
RETURN CONCAT(a, b);
END|
select f1()|
f1()
ab
select f1()|
f1()
ab
CREATE OR REPLACE FUNCTION f1(a TEXT, b TEXT DEFAULT 'b') RETURN VARCHAR2(1024)
AS
BEGIN
RETURN CONCAT(a, b);
END|
select f1('a')|
f1('a')
ab
select f1('a')|
f1('a')
ab
CREATE OR REPLACE FUNCTION f1(a TEXT, b TEXT) RETURN VARCHAR2(1024)
AS
BEGIN
RETURN CONCAT(a, b);
END|
select f1('a', 'b')|
f1('a', 'b')
ab
select f1('a', 'b')|
f1('a', 'b')
ab
CREATE OR REPLACE FUNCTION f1(a int DEFAULT 10, b TEXT DEFAULT 'b') RETURN VARCHAR2(1024)
AS
BEGIN
RETURN CONCAT(a, b);
END|
select f1()|
f1()
10b
select f1()|
f1()
10b
CREATE OR REPLACE FUNCTION f1(a int, b TEXT DEFAULT 'b') RETURN VARCHAR2(1024)
AS
BEGIN
RETURN CONCAT(a, b);
END|
select f1(10)|
f1(10)
10b
select f1(10)|
f1(10)
10b
CREATE OR REPLACE FUNCTION f1(a int, b TEXT) RETURN VARCHAR2(1024)
AS
BEGIN
RETURN CONCAT(a, b);
END|
select f1(10, 'b')|
f1(10, 'b')
10b
select f1(10, 'b')|
f1(10, 'b')
10b
DROP FUNCTION f1|
