select '2000-01-01 00:00:00' + INTERVAL '80' SECOND   from dual;
'2000-01-01 00:00:00' + INTERVAL '80' SECOND
2000-01-01 00:01:20
select  INTERVAL '80' SECOND + '2000-01-01 00:00:00'   from dual;
INTERVAL '80' SECOND + '2000-01-01 00:00:00'
2000-01-01 00:01:20
select '2000-01-01 00:00:00' - INTERVAL '80' SECOND   from dual;
'2000-01-01 00:00:00' - INTERVAL '80' SECOND
1999-12-31 23:58:40
select '2000-01-01 00:00:00' + INTERVAL '80' SECOND(2)   from dual;
'2000-01-01 00:00:00' + INTERVAL '80' SECOND(2)
2000-01-01 00:01:20
select  INTERVAL '80' SECOND(2)  + '2000-01-01 00:00:00' from dual;
INTERVAL '80' SECOND(2)  + '2000-01-01 00:00:00'
2000-01-01 00:01:20
select '2000-01-01 00:00:00' - INTERVAL '80' SECOND(2)   from dual;
'2000-01-01 00:00:00' - INTERVAL '80' SECOND(2)
1999-12-31 23:58:40
select '2000-01-01 00:00:00' + INTERVAL '80' MINUTE   from dual;
'2000-01-01 00:00:00' + INTERVAL '80' MINUTE
2000-01-01 01:20:00
select  INTERVAL '80' MINUTE  + '2000-01-01 00:00:00' from dual;
INTERVAL '80' MINUTE  + '2000-01-01 00:00:00'
2000-01-01 01:20:00
select '2000-01-01 00:00:00' - INTERVAL '80' MINUTE   from dual;
'2000-01-01 00:00:00' - INTERVAL '80' MINUTE
1999-12-31 22:40:00
select '2000-01-01 00:00:00' + INTERVAL '80' MINUTE(2)   from dual;
'2000-01-01 00:00:00' + INTERVAL '80' MINUTE(2)
2000-01-01 01:20:00
select  INTERVAL '80' MINUTE(2)  + '2000-01-01 00:00:00' from dual;
INTERVAL '80' MINUTE(2)  + '2000-01-01 00:00:00'
2000-01-01 01:20:00
select '2000-01-01 00:00:00'  - INTERVAL '80' MINUTE(2)   from dual;
'2000-01-01 00:00:00'  - INTERVAL '80' MINUTE(2)
1999-12-31 22:40:00
select '2000-01-01 00:00:00' + INTERVAL '8' HOUR   from dual;
'2000-01-01 00:00:00' + INTERVAL '8' HOUR
2000-01-01 08:00:00
select  INTERVAL '8' HOUR  + '2000-01-01 00:00:00' from dual;
INTERVAL '8' HOUR  + '2000-01-01 00:00:00'
2000-01-01 08:00:00
select '2000-01-01 00:00:00'  - INTERVAL '8' HOUR   from dual;
'2000-01-01 00:00:00'  - INTERVAL '8' HOUR
1999-12-31 16:00:00
select '2000-01-01 00:00:00' + INTERVAL '80' HOUR(2)   from dual;
'2000-01-01 00:00:00' + INTERVAL '80' HOUR(2)
2000-01-04 08:00:00
select  INTERVAL '80' HOUR(2) + '2000-01-01 00:00:00'  from dual;
INTERVAL '80' HOUR(2) + '2000-01-01 00:00:00'
2000-01-04 08:00:00
select '2000-01-01 00:00:00'  - INTERVAL '80' HOUR(2)   from dual;
'2000-01-01 00:00:00'  - INTERVAL '80' HOUR(2)
1999-12-28 16:00:00
select '2000-01-01 00:00:00' + INTERVAL '80' DAY   from dual;
'2000-01-01 00:00:00' + INTERVAL '80' DAY
2000-03-21 00:00:00
select  INTERVAL '80' DAY  + '2000-01-01 00:00:00' from dual;
INTERVAL '80' DAY  + '2000-01-01 00:00:00'
2000-03-21 00:00:00
select '2000-01-01 00:00:00'  - INTERVAL '80' DAY   from dual;
'2000-01-01 00:00:00'  - INTERVAL '80' DAY
1999-10-13 00:00:00
select '2000-01-01 00:00:00' + INTERVAL '80' DAY(3)   from dual;
'2000-01-01 00:00:00' + INTERVAL '80' DAY(3)
2000-03-21 00:00:00
select  INTERVAL '80' DAY(3)  + '2000-01-01 00:00:00' from dual;
INTERVAL '80' DAY(3)  + '2000-01-01 00:00:00'
2000-03-21 00:00:00
select '2000-01-01 00:00:00'  - INTERVAL '80' DAY(3)   from dual;
'2000-01-01 00:00:00'  - INTERVAL '80' DAY(3)
1999-10-13 00:00:00
select '2000-01-01 00:00:00' + INTERVAL '123' month   from dual;
'2000-01-01 00:00:00' + INTERVAL '123' month
2010-04-01 00:00:00
select  INTERVAL '123' month  + '2000-01-01 00:00:00' from dual;
INTERVAL '123' month  + '2000-01-01 00:00:00'
2010-04-01 00:00:00
select '2000-01-01 00:00:00'  - INTERVAL '123' month   from dual;
'2000-01-01 00:00:00'  - INTERVAL '123' month
1989-10-01 00:00:00
select '2000-01-01 00:00:00' + INTERVAL '9600' month(4)   from dual;
'2000-01-01 00:00:00' + INTERVAL '9600' month(4)
2800-01-01 00:00:00
select  INTERVAL '9600' month(4) + '2000-01-01 00:00:00'  from dual;
INTERVAL '9600' month(4) + '2000-01-01 00:00:00'
2800-01-01 00:00:00
select '2000-01-01 00:00:00'  - INTERVAL '9600' month(4)   from dual;
'2000-01-01 00:00:00'  - INTERVAL '9600' month(4)
1200-01-01 00:00:00
select '2000-01-01 00:00:00' + INTERVAL '123' YEAR(3)   from dual;
'2000-01-01 00:00:00' + INTERVAL '123' YEAR(3)
2123-01-01 00:00:00
select  INTERVAL '123' YEAR(3)  + '2000-01-01 00:00:00' from dual;
INTERVAL '123' YEAR(3)  + '2000-01-01 00:00:00'
2123-01-01 00:00:00
select '2000-01-01 00:00:00' - INTERVAL '123' YEAR(3)   from dual;
'2000-01-01 00:00:00' - INTERVAL '123' YEAR(3)
1877-01-01 00:00:00
select '2000-01-01 00:00:00' + INTERVAL '15:30' MINUTE TO SECOND from dual;
'2000-01-01 00:00:00' + INTERVAL '15:30' MINUTE TO SECOND
2000-01-01 00:15:30
select  INTERVAL '15:30' MINUTE TO SECOND + '2000-01-01 00:00:00' from dual;
INTERVAL '15:30' MINUTE TO SECOND + '2000-01-01 00:00:00'
2000-01-01 00:15:30
select '2000-01-01 00:00:00'  - INTERVAL '15:30' MINUTE TO SECOND from dual;
'2000-01-01 00:00:00'  - INTERVAL '15:30' MINUTE TO SECOND
1999-12-31 23:44:30
select '2000-01-01 00:00:00' + INTERVAL '09:08:07'  HOUR to SECOND from dual;
'2000-01-01 00:00:00' + INTERVAL '09:08:07'  HOUR to SECOND
2000-01-01 09:08:07
select  INTERVAL '09:08:07'  HOUR to SECOND  + '2000-01-01 00:00:00' from dual;
INTERVAL '09:08:07'  HOUR to SECOND  + '2000-01-01 00:00:00'
2000-01-01 09:08:07
select '2000-01-01 00:00:00'  - INTERVAL '09:08:07'  HOUR to SECOND from dual;
'2000-01-01 00:00:00'  - INTERVAL '09:08:07'  HOUR to SECOND
1999-12-31 14:51:53
select '2000-01-01 00:00:00' + INTERVAL '09:08:07.666666' HOUR TO SECOND(7) from dual;
'2000-01-01 00:00:00' + INTERVAL '09:08:07.666666' HOUR TO SECOND(7)
NULL
Warnings:
Warning	1441	Datetime function: date_add_interval field overflow
select  INTERVAL '09:08:07.666666' HOUR TO SECOND(7) + '2000-01-01 00:00:00' from dual;
INTERVAL '09:08:07.666666' HOUR TO SECOND(7) + '2000-01-01 00:00:00'
NULL
Warnings:
Warning	1441	Datetime function: date_add_interval field overflow
select '2000-01-01 00:00:00'  - INTERVAL '09:08:07.666666' HOUR TO SECOND(7) from dual;
'2000-01-01 00:00:00'  - INTERVAL '09:08:07.666666' HOUR TO SECOND(7)
NULL
Warnings:
Warning	1441	Datetime function: date_add_interval field overflow
select '2000-01-01 00:00:00' + INTERVAL '09:30' HOUR TO MINUTE from dual;
'2000-01-01 00:00:00' + INTERVAL '09:30' HOUR TO MINUTE
2000-01-01 09:30:00
select  INTERVAL '09:30' HOUR TO MINUTE + '2000-01-01 00:00:00' from dual;
INTERVAL '09:30' HOUR TO MINUTE + '2000-01-01 00:00:00'
2000-01-01 09:30:00
select '2000-01-01 00:00:00'  - INTERVAL '09:30' HOUR TO MINUTE from dual;
'2000-01-01 00:00:00'  - INTERVAL '09:30' HOUR TO MINUTE
1999-12-31 14:30:00
select '2000-01-01 00:00:00' + INTERVAL '09:30' HOUR(2) TO MINUTE from dual;
'2000-01-01 00:00:00' + INTERVAL '09:30' HOUR(2) TO MINUTE
2000-01-01 09:30:00
select  INTERVAL '09:30' HOUR(2) TO MINUTE  + '2000-01-01 00:00:00' from dual;
INTERVAL '09:30' HOUR(2) TO MINUTE  + '2000-01-01 00:00:00'
2000-01-01 09:30:00
select '2000-01-01 00:00:00'  - INTERVAL '09:30' HOUR(2) TO MINUTE from dual;
'2000-01-01 00:00:00'  - INTERVAL '09:30' HOUR(2) TO MINUTE
1999-12-31 14:30:00
select '2000-01-01 00:00:00' + INTERVAL '2 1:3:4' DAY to SECOND from dual;
'2000-01-01 00:00:00' + INTERVAL '2 1:3:4' DAY to SECOND
2000-01-03 01:03:04
select  INTERVAL '2 1:3:4' DAY to SECOND + '2000-01-01 00:00:00' from dual;
INTERVAL '2 1:3:4' DAY to SECOND + '2000-01-01 00:00:00'
2000-01-03 01:03:04
select '2000-01-01 00:00:00'  - INTERVAL '2 1:3:4' DAY to SECOND from dual;
'2000-01-01 00:00:00'  - INTERVAL '2 1:3:4' DAY to SECOND
1999-12-29 22:56:56
select '2000-01-01 00:00:00' + INTERVAL '2 1:3:4' DAY(1) to SECOND(1) from dual;
'2000-01-01 00:00:00' + INTERVAL '2 1:3:4' DAY(1) to SECOND(1)
2000-01-03 01:03:04
select  INTERVAL '2 1:3:4' DAY(1) to SECOND(1) + '2000-01-01 00:00:00' from dual;
INTERVAL '2 1:3:4' DAY(1) to SECOND(1) + '2000-01-01 00:00:00'
2000-01-03 01:03:04
select '2000-01-01 00:00:00'  - INTERVAL '2 1:3:4' DAY(1) to SECOND(1) from dual;
'2000-01-01 00:00:00'  - INTERVAL '2 1:3:4' DAY(1) to SECOND(1)
1999-12-29 22:56:56
select '2000-01-01 00:00:00' + INTERVAL '11 10:09' DAY TO MINUTE from dual;
'2000-01-01 00:00:00' + INTERVAL '11 10:09' DAY TO MINUTE
2000-01-12 10:09:00
select  INTERVAL '11 10:09' DAY TO MINUTE + '2000-01-01 00:00:00' from dual;
INTERVAL '11 10:09' DAY TO MINUTE + '2000-01-01 00:00:00'
2000-01-12 10:09:00
select '2000-01-01 00:00:00'  - INTERVAL '11 10:09' DAY TO MINUTE from dual;
'2000-01-01 00:00:00'  - INTERVAL '11 10:09' DAY TO MINUTE
1999-12-20 13:51:00
select '2000-01-01 00:00:00' + INTERVAL '100 10' DAY(3) TO HOUR from dual;
'2000-01-01 00:00:00' + INTERVAL '100 10' DAY(3) TO HOUR
2000-04-10 10:00:00
select  INTERVAL '100 10' DAY(3) TO HOUR + '2000-01-01 00:00:00' from dual;
INTERVAL '100 10' DAY(3) TO HOUR + '2000-01-01 00:00:00'
2000-04-10 10:00:00
select '2000-01-01 00:00:00'  - INTERVAL '100 10' DAY(3) TO HOUR from dual;
'2000-01-01 00:00:00'  - INTERVAL '100 10' DAY(3) TO HOUR
1999-09-22 14:00:00
select '2000-01-01 00:00:00' + INTERVAL '123-2' YEAR(3) TO MONTH   from dual;
'2000-01-01 00:00:00' + INTERVAL '123-2' YEAR(3) TO MONTH
2123-03-01 00:00:00
select  INTERVAL '123-2' YEAR(3) TO MONTH  + '2000-01-01 00:00:00'  from dual;
INTERVAL '123-2' YEAR(3) TO MONTH  + '2000-01-01 00:00:00'
2123-03-01 00:00:00
select '2000-01-01 00:00:00' - INTERVAL '123-2' YEAR(3) TO MONTH   from dual;
'2000-01-01 00:00:00' - INTERVAL '123-2' YEAR(3) TO MONTH
1876-11-01 00:00:00
select sysdate()  + INTERVAL '80' SECOND   from dual;
sysdate()  + INTERVAL '80' SECOND
#
select  INTERVAL '80' SECOND + sysdate()    from dual;
INTERVAL '80' SECOND + sysdate()
#
select sysdate()  - INTERVAL '80' SECOND   from dual;
sysdate()  - INTERVAL '80' SECOND
#
select sysdate()  + INTERVAL '80' SECOND(2)   from dual;
sysdate()  + INTERVAL '80' SECOND(2)
#
select  INTERVAL '80' SECOND(2)  + sysdate()  from dual;
INTERVAL '80' SECOND(2)  + sysdate()
#
select sysdate()  - INTERVAL '80' SECOND(2)   from dual;
sysdate()  - INTERVAL '80' SECOND(2)
#
select sysdate()  + INTERVAL '80' MINUTE   from dual;
sysdate()  + INTERVAL '80' MINUTE
#
select  INTERVAL '80' MINUTE  + sysdate()  from dual;
INTERVAL '80' MINUTE  + sysdate()
#
select sysdate()  - INTERVAL '80' MINUTE   from dual;
sysdate()  - INTERVAL '80' MINUTE
#
select sysdate()  + INTERVAL '80' MINUTE(2)   from dual;
sysdate()  + INTERVAL '80' MINUTE(2)
#
select  INTERVAL '80' MINUTE(2)  + sysdate()  from dual;
INTERVAL '80' MINUTE(2)  + sysdate()
#
select sysdate()   - INTERVAL '80' MINUTE(2)   from dual;
sysdate()   - INTERVAL '80' MINUTE(2)
#
select sysdate()  + INTERVAL '8' HOUR   from dual;
sysdate()  + INTERVAL '8' HOUR
#
select  INTERVAL '8' HOUR  + sysdate()  from dual;
INTERVAL '8' HOUR  + sysdate()
#
select sysdate()   - INTERVAL '8' HOUR   from dual;
sysdate()   - INTERVAL '8' HOUR
#
select sysdate()  + INTERVAL '80' HOUR(2)   from dual;
sysdate()  + INTERVAL '80' HOUR(2)
#
select  INTERVAL '80' HOUR(2) + sysdate()   from dual;
INTERVAL '80' HOUR(2) + sysdate()
#
select sysdate()   - INTERVAL '80' HOUR(2)   from dual;
sysdate()   - INTERVAL '80' HOUR(2)
#
select sysdate()  + INTERVAL '80' DAY   from dual;
sysdate()  + INTERVAL '80' DAY
#
select  INTERVAL '80' DAY  + sysdate()  from dual;
INTERVAL '80' DAY  + sysdate()
#
select sysdate()   - INTERVAL '80' DAY   from dual;
sysdate()   - INTERVAL '80' DAY
#
select sysdate()  + INTERVAL '80' DAY(3)   from dual;
sysdate()  + INTERVAL '80' DAY(3)
#
select  INTERVAL '80' DAY(3)  + sysdate()  from dual;
INTERVAL '80' DAY(3)  + sysdate()
#
select sysdate()   - INTERVAL '80' DAY(3)   from dual;
sysdate()   - INTERVAL '80' DAY(3)
#
select sysdate()  + INTERVAL '123' month   from dual;
sysdate()  + INTERVAL '123' month
#
select  INTERVAL '123' month  + sysdate()  from dual;
INTERVAL '123' month  + sysdate()
#
select sysdate()   - INTERVAL '123' month   from dual;
sysdate()   - INTERVAL '123' month
#
select sysdate()  + INTERVAL '9600' month(4)   from dual;
sysdate()  + INTERVAL '9600' month(4)
#
select  INTERVAL '9600' month(4) + sysdate()   from dual;
INTERVAL '9600' month(4) + sysdate()
#
select sysdate()   - INTERVAL '9600' month(4)   from dual;
sysdate()   - INTERVAL '9600' month(4)
#
select sysdate()  + INTERVAL '123' YEAR(3)   from dual;
sysdate()  + INTERVAL '123' YEAR(3)
#
select  INTERVAL '123' YEAR(3)  + sysdate()  from dual;
INTERVAL '123' YEAR(3)  + sysdate()
#
select sysdate()  - INTERVAL '123' YEAR(3)   from dual;
sysdate()  - INTERVAL '123' YEAR(3)
#
select sysdate()  + INTERVAL '15:30' MINUTE TO SECOND from dual;
sysdate()  + INTERVAL '15:30' MINUTE TO SECOND
#
select  INTERVAL '15:30' MINUTE TO SECOND + sysdate()  from dual;
INTERVAL '15:30' MINUTE TO SECOND + sysdate()
#
select sysdate()   - INTERVAL '15:30' MINUTE TO SECOND from dual;
sysdate()   - INTERVAL '15:30' MINUTE TO SECOND
#
select sysdate()  + INTERVAL '09:08:07'  HOUR to SECOND from dual;
sysdate()  + INTERVAL '09:08:07'  HOUR to SECOND
#
select  INTERVAL '09:08:07'  HOUR to SECOND  + sysdate()  from dual;
INTERVAL '09:08:07'  HOUR to SECOND  + sysdate()
#
select sysdate()   - INTERVAL '09:08:07'  HOUR to SECOND from dual;
sysdate()   - INTERVAL '09:08:07'  HOUR to SECOND
#
select sysdate()  + INTERVAL '09:08:07.666666' HOUR TO SECOND(7) from dual;
sysdate()  + INTERVAL '09:08:07.666666' HOUR TO SECOND(7)
#
Warnings:
#	1441	Datetime function: date_add_interval field overflow
select  INTERVAL '09:08:07.666666' HOUR TO SECOND(7) + sysdate()  from dual;
INTERVAL '09:08:07.666666' HOUR TO SECOND(7) + sysdate()
#
Warnings:
#	1441	Datetime function: date_add_interval field overflow
select sysdate()   - INTERVAL '09:08:07.666666' HOUR TO SECOND(7) from dual;
sysdate()   - INTERVAL '09:08:07.666666' HOUR TO SECOND(7)
#
Warnings:
#	1441	Datetime function: date_add_interval field overflow
select sysdate()  + INTERVAL '09:30' HOUR TO MINUTE from dual;
sysdate()  + INTERVAL '09:30' HOUR TO MINUTE
#
select  INTERVAL '09:30' HOUR TO MINUTE + sysdate()  from dual;
INTERVAL '09:30' HOUR TO MINUTE + sysdate()
#
select sysdate()   - INTERVAL '09:30' HOUR TO MINUTE from dual;
sysdate()   - INTERVAL '09:30' HOUR TO MINUTE
#
select sysdate()  + INTERVAL '09:30' HOUR(2) TO MINUTE from dual;
sysdate()  + INTERVAL '09:30' HOUR(2) TO MINUTE
#
select  INTERVAL '09:30' HOUR(2) TO MINUTE  + sysdate()  from dual;
INTERVAL '09:30' HOUR(2) TO MINUTE  + sysdate()
#
select sysdate()   - INTERVAL '09:30' HOUR(2) TO MINUTE from dual;
sysdate()   - INTERVAL '09:30' HOUR(2) TO MINUTE
#
select sysdate()  + INTERVAL '2 1:3:4' DAY to SECOND from dual;
sysdate()  + INTERVAL '2 1:3:4' DAY to SECOND
#
select  INTERVAL '2 1:3:4' DAY to SECOND + sysdate()  from dual;
INTERVAL '2 1:3:4' DAY to SECOND + sysdate()
#
select sysdate()   - INTERVAL '2 1:3:4' DAY to SECOND from dual;
sysdate()   - INTERVAL '2 1:3:4' DAY to SECOND
#
select sysdate()  + INTERVAL '2 1:3:4' DAY(1) to SECOND(1) from dual;
sysdate()  + INTERVAL '2 1:3:4' DAY(1) to SECOND(1)
#
select  INTERVAL '2 1:3:4' DAY(1) to SECOND(1) + sysdate()  from dual;
INTERVAL '2 1:3:4' DAY(1) to SECOND(1) + sysdate()
#
select sysdate()   - INTERVAL '2 1:3:4' DAY(1) to SECOND(1) from dual;
sysdate()   - INTERVAL '2 1:3:4' DAY(1) to SECOND(1)
#
select sysdate()  + INTERVAL '11 10:09' DAY TO MINUTE from dual;
sysdate()  + INTERVAL '11 10:09' DAY TO MINUTE
#
select  INTERVAL '11 10:09' DAY TO MINUTE + sysdate()  from dual;
INTERVAL '11 10:09' DAY TO MINUTE + sysdate()
#
select sysdate()   - INTERVAL '11 10:09' DAY TO MINUTE from dual;
sysdate()   - INTERVAL '11 10:09' DAY TO MINUTE
#
select sysdate()  + INTERVAL '100 10' DAY(3) TO HOUR from dual;
sysdate()  + INTERVAL '100 10' DAY(3) TO HOUR
#
select  INTERVAL '100 10' DAY(3) TO HOUR + sysdate()  from dual;
INTERVAL '100 10' DAY(3) TO HOUR + sysdate()
#
select sysdate()   - INTERVAL '100 10' DAY(3) TO HOUR from dual;
sysdate()   - INTERVAL '100 10' DAY(3) TO HOUR
#
select sysdate()  + INTERVAL '123-2' YEAR(3) TO MONTH   from dual;
sysdate()  + INTERVAL '123-2' YEAR(3) TO MONTH
#
select  INTERVAL '123-2' YEAR(3) TO MONTH  + sysdate()   from dual;
INTERVAL '123-2' YEAR(3) TO MONTH  + sysdate()
#
select sysdate()  - INTERVAL '123-2' YEAR(3) TO MONTH   from dual;
sysdate()  - INTERVAL '123-2' YEAR(3) TO MONTH
#
select '0001-01-01 00:00:00'  - INTERVAL '123-2' YEAR(3) TO MONTH   from dual;
'0001-01-01 00:00:00'  - INTERVAL '123-2' YEAR(3) TO MONTH
NULL
Warnings:
Warning	1441	Datetime function: datetime field overflow
select '0001-01-01 00:00:00'  - INTERVAL '100 10' DAY(3) TO HOUR from dual;
'0001-01-01 00:00:00'  - INTERVAL '100 10' DAY(3) TO HOUR
0000-00-00 14:00:00
select '0001-01-01 00:00:00'  - INTERVAL '1' YEAR TO YEAR   from dual;
ERROR HY000: Incorrect Unsupported syntax  value: 'YEAR TO YEAR'
select '0001-01-01 00:00:00'  - INTERVAL '1' YEAR TO DAY   from dual;
ERROR HY000: Incorrect Unsupported syntax  value: 'YEAR TO DAY'
select '0001-01-01 00:00:00'  - INTERVAL '1' YEAR TO MINUTE   from dual;
ERROR HY000: Incorrect Unsupported syntax  value: 'YEAR TO MINUTE'
select '0001-01-01 00:00:00'  - INTERVAL '1' HOUR TO HOUR  from dual;
ERROR HY000: Incorrect Unsupported syntax  value: 'HOUR TO HOUR'
select   add_months(to_date('20240812','YYYYMMDD')+ (INTERVAL '-1' DAY),6), TRUNC(to_date(20240812,'YYYYMMDD'))+ INTERVAL '1' DAY    from dual;
add_months(to_date('20240812','YYYYMMDD')+ (INTERVAL '-1' DAY),6)	TRUNC(to_date(20240812,'YYYYMMDD'))+ INTERVAL '1' DAY
2025-02-11 00:00:00	2024-08-13 00:00:00
select   (INTERVAL '80' SECOND) + to_date('2000-01-01 00:00:00','YYYY-MM-DD HH24:MI:SS'),  INTERVAL '80' SECOND + to_date('2000-01-01 00:00:00','YYYY-MM-DD HH24:MI:SS')  from dual;
(INTERVAL '80' SECOND) + to_date('2000-01-01 00:00:00','YYYY-MM-DD HH24:MI:SS')	INTERVAL '80' SECOND + to_date('2000-01-01 00:00:00','YYYY-MM-DD HH24:MI:SS')
2000-01-01 00:01:20.000000	2000-01-01 00:01:20.000000
select   to_date('2000-01-01 00:00:00','YYYY-MM-DD HH24:MI:SS') - (INTERVAL '80' SECOND),  to_date('2000-01-01 00:00:00','YYYY-MM-DD HH24:MI:SS') - INTERVAL '80' SECOND from dual;
to_date('2000-01-01 00:00:00','YYYY-MM-DD HH24:MI:SS') - (INTERVAL '80' SECOND)	to_date('2000-01-01 00:00:00','YYYY-MM-DD HH24:MI:SS') - INTERVAL '80' SECOND
1999-12-31 23:58:40.000000	1999-12-31 23:58:40.000000
