CREATE TABLE t1 (iv INT, cv VARCHAR(10), ncv VARCHAR(40) CHARACTER SET UTF8MB4);
INSERT INTO t1 VALUES (1, 'a', 'b');
INSERT INTO t1 VALUES (-1, NULL, NULL);
INSERT INTO t1 VALUES (3, 'greatdb', _UTF8MB4 '万里开源');
SELECT iv,LENGTHB(iv),cv,lengthb(cv),ncv,LeNgThB(ncv),HEX(ncv) FROM t1;
iv	LENGTHB(iv)	cv	lengthb(cv)	ncv	LeNgThB(ncv)	HEX(ncv)
1	1	a	1	b	1	62
-1	2	NULL	NULL	NULL	NULL	NULL
3	1	greatdb	7	万里开源	12	E4B887E9878CE5BC80E6BA90
SELECT SUBSTR(ncv, 2, 1), LENGTHB(SUBSTR(ncv, 2, 1)), HEX(SUBSTR(ncv, 2, 1)) FROM t1;
SUBSTR(ncv, 2, 1)	LENGTHB(SUBSTR(ncv, 2, 1))	HEX(SUBSTR(ncv, 2, 1))
	NULL	
NULL	NULL	NULL
里	3	E9878C
SELECT LENGTHB(-123), LENGTHB(123.5555);
LENGTHB(-123)	LENGTHB(123.5555)
4	8
SELECT LENGTHB(DATE '2021-05-26');
LENGTHB(DATE '2021-05-26')
10
SELECT LENGTHB(1.2E+9),1.2E+9;
LENGTHB(1.2E+9)	1.2E+9
10	1200000000
DROP TABLE t1;
