set sql_mode=oracle;
CREATE TABLE `trg` (
`id` int DEFAULT NULL,
`name` varchar(200) DEFAULT NULL
);
insert into trg(id,name) values(1,'name1'),(2,'name2'),(3,'name3'),(4,'name4');
create materialized view mv1(a,b) build immediate refresh complete on demand as select id,name from trg ;
show create materialized view  mv1;
Materialized View	Create Table	Materialized View
mv1	CREATE TABLE "mv1" (
  "a" int DEFAULT NULL,
  "b" varchar(200) DEFAULT NULL
) ENGINE=InnoDB DEFAULT CHARSET=utf8mb4 COLLATE=utf8mb4_0900_ai_ci	CREATE MATERIALIZED VIEW mv1 (a,b) BUILD IMMEDIATE REFRESH COMPLETE ON DEMAND AS select `test`.`trg`.`id` AS `id`,`test`.`trg`.`name` AS `name` from `test`.`trg`
show create table mv1;
Materialized View	Create Table	Materialized View
mv1	CREATE TABLE "mv1" (
  "a" int DEFAULT NULL,
  "b" varchar(200) DEFAULT NULL
) ENGINE=InnoDB DEFAULT CHARSET=utf8mb4 COLLATE=utf8mb4_0900_ai_ci	CREATE MATERIALIZED VIEW mv1 (a,b) BUILD IMMEDIATE REFRESH COMPLETE ON DEMAND AS select `test`.`trg`.`id` AS `id`,`test`.`trg`.`name` AS `name` from `test`.`trg`
select * from mv1;
a	b
1	name1
2	name2
3	name3
4	name4
create materialized view mv2(a,b) build deferred refresh complete on demand as select id,name from trg ;
show create materialized view  mv2;
Materialized View	Create Table	Materialized View
mv2	CREATE TABLE "mv2" (
  "a" int DEFAULT NULL,
  "b" varchar(200) DEFAULT NULL
) ENGINE=InnoDB DEFAULT CHARSET=utf8mb4 COLLATE=utf8mb4_0900_ai_ci	CREATE MATERIALIZED VIEW mv2 (a,b) BUILD DEFERRED REFRESH COMPLETE ON DEMAND AS select `test`.`trg`.`id` AS `id`,`test`.`trg`.`name` AS `name` from `test`.`trg`
show create table mv2;
Materialized View	Create Table	Materialized View
mv2	CREATE TABLE "mv2" (
  "a" int DEFAULT NULL,
  "b" varchar(200) DEFAULT NULL
) ENGINE=InnoDB DEFAULT CHARSET=utf8mb4 COLLATE=utf8mb4_0900_ai_ci	CREATE MATERIALIZED VIEW mv2 (a,b) BUILD DEFERRED REFRESH COMPLETE ON DEMAND AS select `test`.`trg`.`id` AS `id`,`test`.`trg`.`name` AS `name` from `test`.`trg`
select * from mv2;
a	b
ALTER TABLE mv2 ADD PRIMARY KEY ( a );
ALTER TABLE mv2 ADD UNIQUE ( a );
ALTER TABLE mv2 ADD INDEX index_a ( a );
ALTER TABLE mv2 ADD INDEX index_a_b ( a,b );
show create materialized view  mv2;
Materialized View	Create Table	Materialized View
mv2	CREATE TABLE "mv2" (
  "a" int NOT NULL,
  "b" varchar(200) DEFAULT NULL,
  PRIMARY KEY ("a"),
  UNIQUE KEY "a" ("a") /* nulls are equal in unique index as oracle does */,
  KEY "index_a" ("a"),
  KEY "index_a_b" ("a","b")
) ENGINE=InnoDB DEFAULT CHARSET=utf8mb4 COLLATE=utf8mb4_0900_ai_ci	CREATE MATERIALIZED VIEW mv2 (a,b) BUILD DEFERRED REFRESH COMPLETE ON DEMAND AS select `test`.`trg`.`id` AS `id`,`test`.`trg`.`name` AS `name` from `test`.`trg`
show create materialized view  mv2;
Materialized View	Create Table	Materialized View
mv2	CREATE TABLE "mv2" (
  "a" int NOT NULL,
  "b" varchar(200) DEFAULT NULL,
  PRIMARY KEY ("a"),
  UNIQUE KEY "a" ("a") /* nulls are equal in unique index as oracle does */,
  KEY "index_a" ("a"),
  KEY "index_a_b" ("a","b")
) ENGINE=InnoDB DEFAULT CHARSET=utf8mb4 COLLATE=utf8mb4_0900_ai_ci	CREATE MATERIALIZED VIEW mv2 (a,b) BUILD DEFERRED REFRESH COMPLETE ON DEMAND AS select `test`.`trg`.`id` AS `id`,`test`.`trg`.`name` AS `name` from `test`.`trg`
show create table mv2;
Materialized View	Create Table	Materialized View
mv2	CREATE TABLE "mv2" (
  "a" int NOT NULL,
  "b" varchar(200) DEFAULT NULL,
  PRIMARY KEY ("a"),
  UNIQUE KEY "a" ("a") /* nulls are equal in unique index as oracle does */,
  KEY "index_a" ("a"),
  KEY "index_a_b" ("a","b")
) ENGINE=InnoDB DEFAULT CHARSET=utf8mb4 COLLATE=utf8mb4_0900_ai_ci	CREATE MATERIALIZED VIEW mv2 (a,b) BUILD DEFERRED REFRESH COMPLETE ON DEMAND AS select `test`.`trg`.`id` AS `id`,`test`.`trg`.`name` AS `name` from `test`.`trg`
show create table mv2;
Materialized View	Create Table	Materialized View
mv2	CREATE TABLE "mv2" (
  "a" int NOT NULL,
  "b" varchar(200) DEFAULT NULL,
  PRIMARY KEY ("a"),
  UNIQUE KEY "a" ("a") /* nulls are equal in unique index as oracle does */,
  KEY "index_a" ("a"),
  KEY "index_a_b" ("a","b")
) ENGINE=InnoDB DEFAULT CHARSET=utf8mb4 COLLATE=utf8mb4_0900_ai_ci	CREATE MATERIALIZED VIEW mv2 (a,b) BUILD DEFERRED REFRESH COMPLETE ON DEMAND AS select `test`.`trg`.`id` AS `id`,`test`.`trg`.`name` AS `name` from `test`.`trg`
ALTER TABLE  mv2 ADD c3 INT(4);
ERROR 42000: This version of MySQL doesn't yet support ' alter materialized view column'
ALTER TABLE  mv2 modify column a varchar(200);
ERROR 42000: This version of MySQL doesn't yet support ' alter materialized view column'
ALTER TABLE  mv2 rename column b to B;
ERROR 42000: This version of MySQL doesn't yet support ' alter materialized view column'
create materialized view mv2(a,b) build deferred refresh complete on demand as select id from trg;
ERROR HY000: In definition of view, derived table or common table expression, SELECT list and column names list have different column counts
create materialized view mv2(a,b) build deferred refresh complete on demand as select 1,2;
ERROR 42000: This version of MySQL doesn't yet support 'using dual in materialized view'
create materialized view mv2(a,b) build deferred refresh complete on demand as select 1,2 from dual;
ERROR 42000: This version of MySQL doesn't yet support 'using dual in materialized view'
create materialized view mv2 build deferred refresh complete on demand as select 1,2 from dual;
ERROR 42000: This version of MySQL doesn't yet support 'using dual in materialized view'
CREATE TABLE zgh_mv_t1 (
col0 tinyint AUTO_INCREMENT PRIMARY KEY,
col1 smallint,
col2 mediumint,
col3 int UNIQUE KEY,
col4 integer,
col5 bigint,
col6 decimal(10, 2),
col7 dec(10, 2),
col8 numeric(10, 2),
col9 float default 999.0099,
col10 double,
col11 real,
col12 bool,
col13 boolean,
col14 DATE not null,
col15 DATETIME,
col16 TIMESTAMP,
col17 TIME,
col18 YEAR,
col19 CHAR(10) null,
col20 VARCHAR(20),
col21 BINARY(10),
col22 VARBINARY(50),
col23 TEXT,
col24 TINYTEXT,
col25 MEDIUMTEXT,
col26 LONGTEXT,
col27 BLOB,
col28 TINYBLOB,
col29 MEDIUMBLOB,
col30 LONGBLOB,
col31 bit,
col32 enum('春', '夏', '秋', '冬', 'unknow'),
col33 SET('A', 'B', 'C'),
col34 CLOB,
col35 number,
col36 VARCHAR2(100),
col37 PLS_INTEGER,
col38 long,
col39 raw,
col40 json,
INDEX index1(col0)
) comment 'disttype=normal';
create materialized view zgh_mv_v2(col0,col1,col2,col3,col4,col5,col6,col7,col8,col9,col10) build deferred refresh complete on demand as select col0,col1,col2,col3,col4,col5,col6,col7,col8,col9,col10 from zgh_mv_t1;
show create materialized view zgh_mv_v2;
Materialized View	Create Table	Materialized View
zgh_mv_v2	CREATE TABLE "zgh_mv_v2" (
  "col0" tinyint NOT NULL DEFAULT '0',
  "col1" smallint DEFAULT NULL,
  "col2" mediumint DEFAULT NULL,
  "col3" int DEFAULT NULL,
  "col4" int DEFAULT NULL,
  "col5" bigint DEFAULT NULL,
  "col6" decimal(10,2) DEFAULT NULL,
  "col7" decimal(10,2) DEFAULT NULL,
  "col8" decimal(10,2) DEFAULT NULL,
  "col9" float DEFAULT '999.01',
  "col10" double DEFAULT NULL
) ENGINE=InnoDB DEFAULT CHARSET=utf8mb4 COLLATE=utf8mb4_0900_ai_ci	CREATE MATERIALIZED VIEW zgh_mv_v2 (col0,col1,col2,col3,col4,col5,col6,col7,col8,col9,col10) BUILD DEFERRED REFRESH COMPLETE ON DEMAND AS select `test`.`zgh_mv_t1`.`col0` AS `col0`,`test`.`zgh_mv_t1`.`col1` AS `col1`,`test`.`zgh_mv_t1`.`col2` AS `col2`,`test`.`zgh_mv_t1`.`col3` AS `col3`,`test`.`zgh_mv_t1`.`col4` AS `col4`,`test`.`zgh_mv_t1`.`col5` AS `col5`,`test`.`zgh_mv_t1`.`col6` AS `col6`,`test`.`zgh_mv_t1`.`col7` AS `col7`,`test`.`zgh_mv_t1`.`col8` AS `col8`,`test`.`zgh_mv_t1`.`col9` AS `col9`,`test`.`zgh_mv_t1`.`col10` AS `col10` from `test`.`zgh_mv_t1`
show create materialized view zgh_mv_v2;
Materialized View	Create Table	Materialized View
zgh_mv_v2	CREATE TABLE "zgh_mv_v2" (
  "col0" tinyint NOT NULL DEFAULT '0',
  "col1" smallint DEFAULT NULL,
  "col2" mediumint DEFAULT NULL,
  "col3" int DEFAULT NULL,
  "col4" int DEFAULT NULL,
  "col5" bigint DEFAULT NULL,
  "col6" decimal(10,2) DEFAULT NULL,
  "col7" decimal(10,2) DEFAULT NULL,
  "col8" decimal(10,2) DEFAULT NULL,
  "col9" float DEFAULT '999.01',
  "col10" double DEFAULT NULL
) ENGINE=InnoDB DEFAULT CHARSET=utf8mb4 COLLATE=utf8mb4_0900_ai_ci	CREATE MATERIALIZED VIEW zgh_mv_v2 (col0,col1,col2,col3,col4,col5,col6,col7,col8,col9,col10) BUILD DEFERRED REFRESH COMPLETE ON DEMAND AS select `test`.`zgh_mv_t1`.`col0` AS `col0`,`test`.`zgh_mv_t1`.`col1` AS `col1`,`test`.`zgh_mv_t1`.`col2` AS `col2`,`test`.`zgh_mv_t1`.`col3` AS `col3`,`test`.`zgh_mv_t1`.`col4` AS `col4`,`test`.`zgh_mv_t1`.`col5` AS `col5`,`test`.`zgh_mv_t1`.`col6` AS `col6`,`test`.`zgh_mv_t1`.`col7` AS `col7`,`test`.`zgh_mv_t1`.`col8` AS `col8`,`test`.`zgh_mv_t1`.`col9` AS `col9`,`test`.`zgh_mv_t1`.`col10` AS `col10` from `test`.`zgh_mv_t1`
delete from mv1;
delete from mv2;
drop  materialized view mv1;
drop  materialized view mv2;
drop  materialized view zgh_mv_v2;
drop table zgh_mv_t1;
drop table trg;
