SET SQL_MODE=ORACLE;
CREATE TABLE t1 (i1 INT, i2 INT) ENGINE=InnoDB;
# unique index in oracle mode, SQL NULL == SQL NULL
CREATE UNIQUE INDEX t1_i1_i2 ON t1(i1, i2);
INSERT INTO t1 VALUES (1, null);
INSERT INTO t1 VALUES (1, null);
ERROR 23000: Duplicate entry '1-NULL' for key 't1.t1_i1_i2'
INSERT INTO t1 VALUES (2, null);
INSERT INTO t1 VALUES (2, null);
ERROR 23000: Duplicate entry '2-NULL' for key 't1.t1_i1_i2'
INSERT INTO t1 VALUES (null, 1);
INSERT INTO t1 VALUES (null, 1);
ERROR 23000: Duplicate entry 'NULL-1' for key 't1.t1_i1_i2'
INSERT INTO t1 VALUES (null, null);
INSERT INTO t1 VALUES (null, null);
SELECT * FROM t1;
i1	i2
1	NULL
2	NULL
NULL	1
NULL	NULL
NULL	NULL
DROP TABLE t1;
# invisible column
CREATE TABLE t1 (i1 INT, i2 INT INVISIBLE, vc3 VARCHAR(10)) ENGINE=InnoDB;
CREATE UNIQUE INDEX t1_i1_vc3 ON t1(i1, vc3);
CREATE UNIQUE INDEX t1_i1_i2_vc3 ON t1(i1, i2, vc3);
INSERT INTO t1 VALUES (1, NULL);
INSERT INTO t1 VALUES (1, NULL);
ERROR 23000: Duplicate entry '1-NULL' for key 't1.t1_i1_vc3'
DROP INDEX t1_i1_vc3 ON t1;
DROP INDEX t1_i1_i2_vc3 ON t1;
INSERT INTO t1 VALUES (1, NULL);
CREATE UNIQUE INDEX t1_i1_vc3 ON t1(i1, vc3);
ERROR 23000: Duplicate entry '1-NULL' for key 't1.t1_i1_vc3'
CREATE UNIQUE INDEX t1_i1_i2_vc3 ON t1(i1, i2, vc3);
ERROR 23000: Duplicate entry '1-NULL-NULL' for key 't1.t1_i1_i2_vc3'
DROP TABLE t1;
# generated column
CREATE TABLE t1 (
a INT DEFAULT NULL,
b INT DEFAULT NULL,
c INT GENERATED ALWAYS AS (SQRT(((a * a ) + (b * b)))) VIRTUAL
) ENGINE=InnoDB DEFAULT CHARSET=utf8mb4;
CREATE UNIQUE INDEX t1_a_b_c ON t1 (a,b,c);
INSERT INTO t1 (a, b) VALUES (NULL, NULL);
INSERT INTO t1 (a, b) VALUES (NULL, NULL);
DROP INDEX t1_a_b_c ON t1;
INSERT INTO t1 (a, b) VALUES (NULL, NULL);
CREATE UNIQUE INDEX t1_a_b_c ON t1 (a,b,c);
DROP TABLE t1;
# drop column
CREATE TABLE t1 (i1 INT, i2 INT, vc3 VARCHAR(10)) ENGINE=InnoDB;
CREATE UNIQUE INDEX t1_idx ON t1 (i1, i2, vc3);
INSERT INTO t1 VALUES (null, 1, null);
INSERT INTO t1 VALUES (null, 2, null);
ALTER TABLE t1 DROP COLUMN i2;
SELECT * FROM t1;
i1	vc3
NULL	NULL
NULL	NULL
DROP TABLE t1;
# add column
CREATE TABLE t1 (i1 INT, i2 INT, vc3 VARCHAR(10)) ENGINE=InnoDB;
INSERT INTO t1 VALUES (null, 1, null);
INSERT INTO t1 VALUES (null, 2, null);
ALTER TABLE t1 ADD COLUMN i4 INT ;
CREATE UNIQUE INDEX t1_idx ON t1 (i1, vc3, i4);
SELECT * FROM t1;
i1	i2	vc3	i4
NULL	1	NULL	NULL
NULL	2	NULL	NULL
DROP TABLE t1;
# temporary table
CREATE TEMPORARY TABLE t1 (i1 INT, i2 INT);
CREATE UNIQUE INDEX t1_i1_i2 ON t1(i1, i2);
INSERT INTO t1 VALUES (1, null);
INSERT INTO t1 VALUES (1, null);
ERROR 23000: Duplicate entry '1-NULL' for key 't1.t1_i1_i2'
DROP INDEX t1_i1_i2 ON t1;
INSERT INTO t1 VALUES (1, null);
CREATE UNIQUE INDEX t1_i1_i2 ON t1(i1, i2);
ERROR 23000: Duplicate entry '1-NULL' for key 't1.t1_i1_i2'
DROP TABLE t1;
# implicit multiple indexes
CREATE TABLE t1 (i1 INT auto_increment, i2 INT, vc3 VARCHAR(10), PRIMARY KEY(i1));
CREATE UNIQUE INDEX t1_idx ON t1(i2, vc3);
INSERT INTO t1 VALUES (null, null, null);
INSERT INTO t1 VALUES (null, null, null);
DROP INDEX t1_idx ON t1;
CREATE UNIQUE INDEX t1_idx ON t1(i2, vc3) INVISIBLE;
INSERT INTO t1 VALUES (null, null, null);
ALTER TABLE t1 ALTER INDEX t1_idx VISIBLE;
INSERT INTO t1 VALUES (null, null, null);
ALTER TABLE t1 RENAME INDEX t1_idx TO t1_idx_n;
INSERT INTO t1 VALUES (null, null, null);
DROP TABLE t1;
SET SQL_MODE=DEFAULT;
CREATE TABLE t1 (i1 INT, i2 INT) ENGINE=InnoDB;
# unique index in default mode, SQL NULL != SQL NULL
CREATE UNIQUE INDEX t1_i1_i2 ON t1(i1, i2);
INSERT INTO t1 VALUES (1, null);
INSERT INTO t1 VALUES (1, null);
INSERT INTO t1 VALUES (2, null);
INSERT INTO t1 VALUES (2, null);
INSERT INTO t1 VALUES (null, 1);
INSERT INTO t1 VALUES (null, 1);
INSERT INTO t1 VALUES (null, null);
INSERT INTO t1 VALUES (null, null);
SELECT * FROM t1;
i1	i2
1	NULL
1	NULL
2	NULL
2	NULL
NULL	1
NULL	1
NULL	NULL
NULL	NULL
DROP TABLE t1;
# invisible column
CREATE TABLE t1 (i1 INT, i2 INT INVISIBLE, vc3 VARCHAR(10)) ENGINE=InnoDB;
CREATE UNIQUE INDEX t1_i1_vc3 ON t1(i1, vc3);
CREATE UNIQUE INDEX t1_i1_i2_vc3 ON t1(i1, i2, vc3);
INSERT INTO t1 VALUES (1, NULL);
INSERT INTO t1 VALUES (1, NULL);
DROP INDEX t1_i1_vc3 ON t1;
DROP INDEX t1_i1_i2_vc3 ON t1;
INSERT INTO t1 VALUES (1, NULL);
CREATE UNIQUE INDEX t1_i1_vc3 ON t1(i1, vc3);
CREATE UNIQUE INDEX t1_i1_i2_vc3 ON t1(i1, i2, vc3);
DROP TABLE t1;
# generated column
CREATE TABLE t1 (
a INT DEFAULT NULL,
b INT DEFAULT NULL,
c INT GENERATED ALWAYS AS (SQRT(((a * a ) + (b * b)))) VIRTUAL
) ENGINE=InnoDB DEFAULT CHARSET=utf8mb4;
CREATE UNIQUE INDEX t1_a_b_c ON t1 (a,b,c);
INSERT INTO t1 (a, b) VALUES (NULL, NULL);
INSERT INTO t1 (a, b) VALUES (NULL, NULL);
DROP INDEX t1_a_b_c ON t1;
INSERT INTO t1 (a, b) VALUES (NULL, NULL);
CREATE UNIQUE INDEX t1_a_b_c ON t1 (a,b,c);
DROP TABLE t1;
# drop column
CREATE TABLE t1 (i1 INT, i2 INT, vc3 VARCHAR(10)) ENGINE=InnoDB;
CREATE UNIQUE INDEX t1_idx ON t1 (i1, i2, vc3);
INSERT INTO t1 VALUES (null, 1, null);
INSERT INTO t1 VALUES (null, 2, null);
ALTER TABLE t1 DROP COLUMN i2;
SELECT * FROM t1;
i1	vc3
NULL	NULL
NULL	NULL
DROP TABLE t1;
# add column
CREATE TABLE t1 (i1 INT, i2 INT, vc3 VARCHAR(10)) ENGINE=InnoDB;
INSERT INTO t1 VALUES (null, 1, null);
INSERT INTO t1 VALUES (null, 2, null);
ALTER TABLE t1 ADD COLUMN i4 INT ;
CREATE UNIQUE INDEX t1_idx ON t1 (i1, vc3, i4);
SELECT * FROM t1;
i1	i2	vc3	i4
NULL	1	NULL	NULL
NULL	2	NULL	NULL
DROP TABLE t1;
# temporary table
CREATE TEMPORARY TABLE t1 (i1 INT, i2 INT);
CREATE UNIQUE INDEX t1_i1_i2 ON t1(i1, i2);
INSERT INTO t1 VALUES (1, null);
INSERT INTO t1 VALUES (1, null);
DROP INDEX t1_i1_i2 ON t1;
INSERT INTO t1 VALUES (1, null);
CREATE UNIQUE INDEX t1_i1_i2 ON t1(i1, i2);
DROP TABLE t1;
# implicit multiple indexes
CREATE TABLE t1 (i1 INT auto_increment, i2 INT, vc3 VARCHAR(10), PRIMARY KEY(i1));
CREATE UNIQUE INDEX t1_idx ON t1(i2, vc3);
INSERT INTO t1 VALUES (null, null, null);
INSERT INTO t1 VALUES (null, null, null);
DROP INDEX t1_idx ON t1;
CREATE UNIQUE INDEX t1_idx ON t1(i2, vc3) INVISIBLE;
INSERT INTO t1 VALUES (null, null, null);
ALTER TABLE t1 ALTER INDEX t1_idx VISIBLE;
INSERT INTO t1 VALUES (null, null, null);
ALTER TABLE t1 RENAME INDEX t1_idx TO t1_idx_n;
INSERT INTO t1 VALUES (null, null, null);
DROP TABLE t1;
# create table xxx like xxx
SET SQL_MODE=ORACLE;
CREATE TABLE t1 (i1 INT auto_increment, i2 INT, vc3 VARCHAR(10), PRIMARY KEY(i1));
CREATE UNIQUE INDEX t1_idx ON t1(i2, vc3);
SHOW CREATE TABLE t1;
Table	Create Table
t1	CREATE TABLE "t1" (
  "i1" int NOT NULL AUTO_INCREMENT,
  "i2" int DEFAULT NULL,
  "vc3" varchar(10) DEFAULT NULL,
  PRIMARY KEY ("i1"),
  UNIQUE KEY "t1_idx" ("i2","vc3") /* nulls are equal in unique index as oracle does */
) ENGINE=InnoDB DEFAULT CHARSET=utf8mb4 COLLATE=utf8mb4_0900_ai_ci
SET SQL_MODE=DEFAULT;
CREATE UNIQUE INDEX t1_idx2 ON t1(i2, vc3);
SHOW CREATE TABLE t1;
Table	Create Table
t1	CREATE TABLE `t1` (
  `i1` int NOT NULL AUTO_INCREMENT,
  `i2` int DEFAULT NULL,
  `vc3` varchar(10) DEFAULT NULL,
  PRIMARY KEY (`i1`),
  UNIQUE KEY `t1_idx` (`i2`,`vc3`) /* nulls are equal in unique index as oracle does */,
  UNIQUE KEY `t1_idx2` (`i2`,`vc3`) /* nulls are equal in unique index as oracle does */
) ENGINE=InnoDB DEFAULT CHARSET=utf8mb4 COLLATE=utf8mb4_0900_ai_ci
CREATE TABLE t11 LIKE t1;
SHOW CREATE TABLE t11;
Table	Create Table
t11	CREATE TABLE `t11` (
  `i1` int NOT NULL AUTO_INCREMENT,
  `i2` int DEFAULT NULL,
  `vc3` varchar(10) DEFAULT NULL,
  PRIMARY KEY (`i1`),
  UNIQUE KEY `t1_idx` (`i2`,`vc3`) /* nulls are equal in unique index as oracle does */,
  UNIQUE KEY `t1_idx2` (`i2`,`vc3`) /* nulls are equal in unique index as oracle does */
) ENGINE=InnoDB DEFAULT CHARSET=utf8mb4 COLLATE=utf8mb4_0900_ai_ci
ALTER TABLE t11 ADD COLUMN c3 INT;
ALTER TABLE t11 ADD COLUMN c4 INT;
ALTER TABLE t11 ADD COLUMN c5 INT;
SHOW CREATE TABLE t11;
Table	Create Table
t11	CREATE TABLE `t11` (
  `i1` int NOT NULL AUTO_INCREMENT,
  `i2` int DEFAULT NULL,
  `vc3` varchar(10) DEFAULT NULL,
  `c3` int DEFAULT NULL,
  `c4` int DEFAULT NULL,
  `c5` int DEFAULT NULL,
  PRIMARY KEY (`i1`),
  UNIQUE KEY `t1_idx` (`i2`,`vc3`) /* nulls are equal in unique index as oracle does */,
  UNIQUE KEY `t1_idx2` (`i2`,`vc3`) /* nulls are equal in unique index as oracle does */
) ENGINE=InnoDB DEFAULT CHARSET=utf8mb4 COLLATE=utf8mb4_0900_ai_ci
ALTER TABLE t11 DROP COLUMN c3 ;
SHOW CREATE TABLE t11;
Table	Create Table
t11	CREATE TABLE `t11` (
  `i1` int NOT NULL AUTO_INCREMENT,
  `i2` int DEFAULT NULL,
  `vc3` varchar(10) DEFAULT NULL,
  `c4` int DEFAULT NULL,
  `c5` int DEFAULT NULL,
  PRIMARY KEY (`i1`),
  UNIQUE KEY `t1_idx` (`i2`,`vc3`) /* nulls are equal in unique index as oracle does */,
  UNIQUE KEY `t1_idx2` (`i2`,`vc3`) /* nulls are equal in unique index as oracle does */
) ENGINE=InnoDB DEFAULT CHARSET=utf8mb4 COLLATE=utf8mb4_0900_ai_ci
ALTER TABLE t11 DROP COLUMN i2 ;
SHOW CREATE TABLE t11;
Table	Create Table
t11	CREATE TABLE `t11` (
  `i1` int NOT NULL AUTO_INCREMENT,
  `vc3` varchar(10) DEFAULT NULL,
  `c4` int DEFAULT NULL,
  `c5` int DEFAULT NULL,
  PRIMARY KEY (`i1`),
  UNIQUE KEY `t1_idx` (`vc3`) /* nulls are equal in unique index as oracle does */,
  UNIQUE KEY `t1_idx2` (`vc3`) /* nulls are equal in unique index as oracle does */
) ENGINE=InnoDB DEFAULT CHARSET=utf8mb4 COLLATE=utf8mb4_0900_ai_ci
ALTER TABLE t11 DROP COLUMN vc3 ;
SHOW CREATE TABLE t11;
Table	Create Table
t11	CREATE TABLE `t11` (
  `i1` int NOT NULL AUTO_INCREMENT,
  `c4` int DEFAULT NULL,
  `c5` int DEFAULT NULL,
  PRIMARY KEY (`i1`)
) ENGINE=InnoDB DEFAULT CHARSET=utf8mb4 COLLATE=utf8mb4_0900_ai_ci
CREATE UNIQUE INDEX t1_idx ON t11(c4, c5) INVISIBLE;
SHOW CREATE TABLE t11;
Table	Create Table
t11	CREATE TABLE `t11` (
  `i1` int NOT NULL AUTO_INCREMENT,
  `c4` int DEFAULT NULL,
  `c5` int DEFAULT NULL,
  PRIMARY KEY (`i1`),
  UNIQUE KEY `t1_idx` (`c4`,`c5`) /*!80000 INVISIBLE */
) ENGINE=InnoDB DEFAULT CHARSET=utf8mb4 COLLATE=utf8mb4_0900_ai_ci
DROP INDEX t1_idx ON t11;
SHOW CREATE TABLE t11;
Table	Create Table
t11	CREATE TABLE `t11` (
  `i1` int NOT NULL AUTO_INCREMENT,
  `c4` int DEFAULT NULL,
  `c5` int DEFAULT NULL,
  PRIMARY KEY (`i1`)
) ENGINE=InnoDB DEFAULT CHARSET=utf8mb4 COLLATE=utf8mb4_0900_ai_ci
CREATE UNIQUE INDEX t1_idx ON t11(c4, c5);
SHOW CREATE TABLE t11;
Table	Create Table
t11	CREATE TABLE `t11` (
  `i1` int NOT NULL AUTO_INCREMENT,
  `c4` int DEFAULT NULL,
  `c5` int DEFAULT NULL,
  PRIMARY KEY (`i1`),
  UNIQUE KEY `t1_idx` (`c4`,`c5`)
) ENGINE=InnoDB DEFAULT CHARSET=utf8mb4 COLLATE=utf8mb4_0900_ai_ci
SET SQL_MODE=ORACLE;
CREATE TABLE t12 LIKE t11;
SHOW CREATE TABLE t12;
Table	Create Table
t12	CREATE TABLE "t12" (
  "i1" int NOT NULL AUTO_INCREMENT,
  "c4" int DEFAULT NULL,
  "c5" int DEFAULT NULL,
  PRIMARY KEY ("i1"),
  UNIQUE KEY "t1_idx" ("c4","c5")
) ENGINE=InnoDB DEFAULT CHARSET=utf8mb4 COLLATE=utf8mb4_0900_ai_ci
CREATE UNIQUE INDEX t1_idx2 ON t12(c4, c5);
SHOW CREATE TABLE t12;
Table	Create Table
t12	CREATE TABLE "t12" (
  "i1" int NOT NULL AUTO_INCREMENT,
  "c4" int DEFAULT NULL,
  "c5" int DEFAULT NULL,
  PRIMARY KEY ("i1"),
  UNIQUE KEY "t1_idx" ("c4","c5"),
  UNIQUE KEY "t1_idx2" ("c4","c5")
) ENGINE=InnoDB DEFAULT CHARSET=utf8mb4 COLLATE=utf8mb4_0900_ai_ci
DROP TABLE t1,t11,t12;
CREATE TABLE t1 (i1 INT auto_increment, i2 INT, vc3 VARCHAR(10), PRIMARY KEY(i1),UNIQUE KEY t1_idx (i2,vc3));
SHOW CREATE TABLE t1;
Table	Create Table
t1	CREATE TABLE "t1" (
  "i1" int NOT NULL AUTO_INCREMENT,
  "i2" int DEFAULT NULL,
  "vc3" varchar(10) DEFAULT NULL,
  PRIMARY KEY ("i1"),
  UNIQUE KEY "t1_idx" ("i2","vc3") /* nulls are equal in unique index as oracle does */
) ENGINE=InnoDB DEFAULT CHARSET=utf8mb4 COLLATE=utf8mb4_0900_ai_ci
CREATE UNIQUE INDEX t1_idx2 ON t1 (i2,vc3);
SHOW CREATE TABLE t1;
Table	Create Table
t1	CREATE TABLE "t1" (
  "i1" int NOT NULL AUTO_INCREMENT,
  "i2" int DEFAULT NULL,
  "vc3" varchar(10) DEFAULT NULL,
  PRIMARY KEY ("i1"),
  UNIQUE KEY "t1_idx" ("i2","vc3") /* nulls are equal in unique index as oracle does */,
  UNIQUE KEY "t1_idx2" ("i2","vc3") /* nulls are equal in unique index as oracle does */
) ENGINE=InnoDB DEFAULT CHARSET=utf8mb4 COLLATE=utf8mb4_0900_ai_ci
DROP TABLE t1;
CREATE TABLE t1 (
_hidden_pk_ BIGINT UNSIGNED AUTO_INCREMENT NOT NULL, 
id int DEFAULT NULL, 
c1 varchar(100) CHARACTER SET utf8mb4 COLLATE utf8mb4_0900_ai_ci DEFAULT CURRENT_TIMESTAMP, 
UNIQUE KEY _hidden_pk_ (_hidden_pk_)
) ENGINE=innodb;
ALTER TABLE t1 ADD c2 VARCHAR(100) NOT NULL DEFAULT SYSTIMESTAMP, ALGORITHM=INSTANT;
drop table t1;
