select NVL2(0,'ERROR','this'),NVL2(1,'is','ERROR'),NVL2(NULL,'ERROR','a'),NVL2(1,2,3) FROM dual;
NVL2(0,'ERROR','this')	NVL2(1,'is','ERROR')	NVL2(NULL,'ERROR','a')	NVL2(1,2,3)
ERROR	is	a	2
select nvl2(null,null,1),nvl2(null,null,'bob'),nvl2(null,null,1.111111),nvl2(null,null,null) from dual;
nvl2(null,null,1)	nvl2(null,null,'bob')	nvl2(null,null,1.111111)	nvl2(null,null,null)
1	bob	1.111111	NULL
select nvl2(null,'aaa',TO_DATE('1999-01-01','yyyy-mm-dd')) from dual;
nvl2(null,'aaa',TO_DATE('1999-01-01','yyyy-mm-dd'))
1999-01-01 00:00:00
select nvl2(null,'bob',1.111111) from dual;
nvl2(null,'bob',1.111111)
1.111111
select nvl2('bob','',111) from dual;
nvl2('bob','',111)
NULL
select nvl2('bob',null ,111),nvl2(null,111 ,null),nvl2(null,111 ,'') from dual;
nvl2('bob',null ,111)	nvl2(null,111 ,null)	nvl2(null,111 ,'')
NULL	NULL	NULL
select nvl2('','bob','1.111111') from dual;
nvl2('','bob','1.111111')
1.111111
select 1 from dual where nvl2('','','') is null;
1
1
SELECT NVL2(1,2.0,3.0)+0,  nvl2(1.111111,3,2.111111),nvl(3,2.111111) from dual;
NVL2(1,2.0,3.0)+0	nvl2(1.111111,3,2.111111)	nvl(3,2.111111)
2.0	3.000000	3.000000
select nvl2(null,1,'bob'),nvl(1,'bob') from dual;
nvl2(null,1,'bob')	nvl(1,'bob')
bob	1
select nvl2(null,1.111,'AaaaAA') from dual;
nvl2(null,1.111,'AaaaAA')
AaaaAA
select nvl2(null,TO_DATE('1999-01-01','yyyy-mm-dd'),'aaa') from dual;
nvl2(null,TO_DATE('1999-01-01','yyyy-mm-dd'),'aaa')
aaa
select nvl2(null,1,'bob'),if(NULL,1,'bob'),COALESCE(NULL,1,'bob'),NVL(123,'ASDF') from dual;
nvl2(null,1,'bob')	if(NULL,1,'bob')	COALESCE(NULL,1,'bob')	NVL(123,'ASDF')
bob	bob	1	123
drop table if exists test_nvl2;
CREATE TABLE `test_nvl2` (
`c0` int NOT NULL AUTO_INCREMENT,
`c1` date DEFAULT NULL,
`c2` time DEFAULT NULL,
`c3` datetime DEFAULT NULL,
`c4` year DEFAULT NULL,
`c5` int DEFAULT NULL,
`c6` decimal(10,6) DEFAULT NULL,
`c7` double DEFAULT NULL,
`c8` float DEFAULT NULL,
`c9` varchar(255) DEFAULT NULL,
PRIMARY KEY (`c0`)
) ENGINE=InnoDB AUTO_INCREMENT=5 DEFAULT CHARSET=utf8mb4 COLLATE=utf8mb4_0900_ai_ci;
INSERT INTO `test_nvl2` VALUES ('1', '2021-04-26', '15:36:37', NULL, '2021', NULL, '6.000000', '7.1', '118.169', 'a8.168111');
INSERT INTO `test_nvl2` VALUES ('2', '2021-04-28', '15:36:37', '2021-04-27 15:36:41', '2021', '6', '7877.126000', '8.1', '119.187', 'a9.16');
INSERT INTO `test_nvl2` VALUES ('3', '2021-04-29', '15:36:37', '2021-04-27 15:36:41', '2021', '6', '7877.126890', '8.1', '119.187', 'a9.1682');
INSERT INTO `test_nvl2` VALUES ('4', '2021-04-30', '15:36:37', '2021-04-27 15:36:41', '2021', '6', '7877.126890', '8.1', '119.187', 'a9.168333');
select nvl2(c3,2,1) from test_nvl2;
nvl2(c3,2,1)
1
2
2
2
select nvl2(c5,2,1) from test_nvl2;
nvl2(c5,2,1)
1
2
2
2
select nvl2(c3,TO_DATE('1999-01-01','yyyy-mm-dd'),TO_DATE('2000-01-01','yyyy-mm-dd')) from test_nvl2;
nvl2(c3,TO_DATE('1999-01-01','yyyy-mm-dd'),TO_DATE('2000-01-01','yyyy-mm-dd'))
2000-01-01 00:00:00
1999-01-01 00:00:00
1999-01-01 00:00:00
1999-01-01 00:00:00
select nvl2(c3,0.1,0.2) from test_nvl2;
nvl2(c3,0.1,0.2)
0.2
0.1
0.1
0.1
select nvl2(c3,'bob','aoa') from test_nvl2;
nvl2(c3,'bob','aoa')
aoa
bob
bob
bob
select nvl2(c5,'bob','aoa') from test_nvl2;
nvl2(c5,'bob','aoa')
aoa
bob
bob
bob
select nvl2(c5,c4,c2) from test_nvl2;
nvl2(c5,c4,c2)
15:36:37
2021
2021
2021
select nvl2(c5,c3,c1) from test_nvl2;
nvl2(c5,c3,c1)
2021-04-26 00:00:00
2021-04-27 15:36:41
2021-04-27 15:36:41
2021-04-27 15:36:41
select nvl2(c5,c6,c7) from test_nvl2;
nvl2(c5,c6,c7)
7.1
7877.126
7877.12689
7877.12689
select nvl2(c5,1,2) +1 ,nvl2(c5,1,2) -1 ,nvl2(c5,1,2) *2 ,nvl2(c5,1,2) /2 from test_nvl2 ;
nvl2(c5,1,2) +1	nvl2(c5,1,2) -1	nvl2(c5,1,2) *2	nvl2(c5,1,2) /2
3	1	4	1.0000
2	0	2	0.5000
2	0	2	0.5000
2	0	2	0.5000
select nvl2(null,null,null) +1 from test_nvl2 ;
nvl2(null,null,null) +1
NULL
NULL
NULL
NULL
select nvl2(c111,2)  from test_nvl2 ;
ERROR 42000: Incorrect parameter count in the call to native function 'nvl2'
select nvl2(c111,2,1,0)  from test_nvl2 ;
ERROR 42000: Incorrect parameter count in the call to native function 'nvl2'
DROP PROCEDURE IF EXISTS p1;
create procedure p1()
begin
select nvl2(c5,c4,c2)
from test_nvl2 AS a;
end//
call p1();
nvl2(c5,c4,c2)
15:36:37
2021
2021
2021
drop procedure p1;
select NVL2('',2,3) , NVL2('',2.222,3.333) FROM dual;
NVL2('',2,3)	NVL2('',2.222,3.333)
3	3.333
select STR_TO_DATE('2021-01-06 10:20:30','%Y-%m-%d') AS result,STR_TO_DATE('2021-01-06 10:20:30','%Y-%m-%d %H:%i:%s') AS result1, NVL2('',STR_TO_DATE('2021-01-06 10:20:30','%Y-%m-%d'),STR_TO_DATE('2021-01-06 10:20:30','%Y-%m-%d %H:%i:%s'))  from dual;
result	result1	NVL2('',STR_TO_DATE('2021-01-06 10:20:30','%Y-%m-%d'),STR_TO_DATE('2021-01-06 10:20:30','%Y-%m-%d %H:%i:%s'))
2021-01-06	2021-01-06 10:20:30	2021-01-06 10:20:30
Warnings:
Warning	1292	Truncated incorrect date value: '2021-01-06 10:20:30'
select STR_TO_DATE('2021-01-06 10:20:30','%Y-%m-%d') AS result,STR_TO_DATE('2021-01-06 10:20:30','%Y-%m-%d %H:%i:%s') AS result1, NVL2(123,STR_TO_DATE('2021-01-06 10:20:30','%Y-%m-%d'),STR_TO_DATE('2021-01-06 10:20:30','%Y-%m-%d %H:%i:%s'))  from dual;
result	result1	NVL2(123,STR_TO_DATE('2021-01-06 10:20:30','%Y-%m-%d'),STR_TO_DATE('2021-01-06 10:20:30','%Y-%m-%d %H:%i:%s'))
2021-01-06	2021-01-06 10:20:30	2021-01-06 00:00:00
Warnings:
Warning	1292	Truncated incorrect date value: '2021-01-06 10:20:30'
Warning	1292	Truncated incorrect date value: '2021-01-06 10:20:30'
set sql_mode = 'oracle';
SELECT nvl2(C5 , '""' || c9 || '"".""' || c9 || '"".""' || c9 || '""', '""' || c9 || '"".""' || c9 || '""') FROM test_nvl2;
nvl2(C5 , '""' || c9 || '"".""' || c9 || '"".""' || c9 || '""', '""' || c9 || '"".""' || c9 || '""')
""a8.168111"".""a8.168111""
""a9.16"".""a9.16"".""a9.16""
""a9.1682"".""a9.1682"".""a9.1682""
""a9.168333"".""a9.168333"".""a9.168333""
SELECT nvl2(C6 , '""' || c9 || '"".""' || c9 || '"".""' || c9 || '""', '""' || c9 || '"".""' || c9 || '""') FROM test_nvl2;
nvl2(C6 , '""' || c9 || '"".""' || c9 || '"".""' || c9 || '""', '""' || c9 || '"".""' || c9 || '""')
""a8.168111"".""a8.168111"".""a8.168111""
""a9.16"".""a9.16"".""a9.16""
""a9.1682"".""a9.1682"".""a9.1682""
""a9.168333"".""a9.168333"".""a9.168333""
select nvl2(c5,(select c7 from test_nvl2 t where t.c7=7.1) || '?test_id=' || c5, '') from test_nvl2;
nvl2(c5,(select c7 from test_nvl2 t where t.c7=7.1) || '?test_id=' || c5, '')
NULL
7.1?test_id=6
7.1?test_id=6
7.1?test_id=6
select nvl2(c3,1,0) from test_nvl2;
nvl2(c3,1,0)
0
1
1
1
select nvl2(c5,'y',null) from test_nvl2;
nvl2(c5,'y',null)
NULL
y
y
y
SELECT nvl2(c0,nvl2(c5,c2,'00/00/0000 00:00:01') || c9,'00/00/0000 00:00:00') FROM test_nvl2;
nvl2(c0,nvl2(c5,c2,'00/00/0000 00:00:01') || c9,'00/00/0000 00:00:00')
00/00/0000 00:00:01a8.168111
15:36:37a9.16
15:36:37a9.1682
15:36:37a9.168333
SELECT COUNT(*) + sum(nvl2(c3,c5,c7)) FROM test_nvl2;
COUNT(*) + sum(nvl2(c3,c5,c7))
29.1
select 1 from dual where nvl2('','','') is null;
1
1
drop table if exists test_nvl2;
