set sql_mode="oracle";
CREATE TABLE t1 (a INT, b VARCHAR(3));
#
# test of table.col%type
#
set global log_bin_trust_function_creators=1;
CREATE OR REPLACE FUNCTION f1(v_a varchar(10)) RETURN VARCHAR(10) 
IS
name  t1.b%TYPE;
BEGIN
name := v_a;
RETURN name;
END;
$$
SELECT f1('Jones');
ERROR 01000: Data truncated for column 'name' at row 1
ALTER TABLE t1 MODIFY COLUMN b VARCHAR(10)  ;
SELECT f1('Jones');
f1('Jones')
Jones
ALTER TABLE t1 MODIFY COLUMN b VARCHAR(3)  ;
SELECT f1('Jones');
ERROR 01000: Data truncated for column 'name' at row 1
drop function f1;
#
# test of table.col%type,drop col
#
CREATE OR REPLACE FUNCTION f1(v_a varchar(10)) RETURN VARCHAR(10) 
IS
name  t1.b%TYPE;
BEGIN
name := v_a;
RETURN name;
END;
$$
SELECT f1('Jon');
f1('Jon')
Jon
ALTER TABLE t1 drop b;
SELECT f1('Jones');
ERROR 42S22: Unknown column 'b' in 't1'
ALTER TABLE t1 add b VARCHAR(3)  ;
SELECT f1('Jon');
f1('Jon')
Jon
drop function f1;
#
# test of record%type
#
CREATE or replace PROCEDURE p1(a VARCHAR(10)) AS 
col t1.b%TYPE;
TYPE rec2 IS RECORD (
id  VARCHAR(10) := col
);
rec rec2;
rec3 rec%type;
BEGIN
col := a; 
rec3.id := col;
select rec3.id;
END;
$$
call p1('asd');
rec3.id
asd
call p1('asdd');
ERROR 01000: Data truncated for column 'col' at row 1
ALTER TABLE t1 MODIFY COLUMN b VARCHAR(10)  ;
call p1('asdd');
rec3.id
asdd
drop PROCEDURE p1;
#
# test of table%type
#
CREATE or replace PROCEDURE p1(a VARCHAR(10)) AS 
col t1.b%TYPE;
TYPE rec2 IS RECORD (
id  VARCHAR(10) := col
);
TYPE t_rec2 IS TABLE OF rec2 index by binary_integer; 
rec t_rec2;
rec3 rec%type;
BEGIN
col := a; 
rec3(0).id := col;
select rec3(0).id;
END;
$$
call p1('asd');
rec3(0).id
asd
ALTER TABLE t1 MODIFY COLUMN b VARCHAR(10)  ;
call p1('asdd');
rec3(0).id
asdd
drop PROCEDURE p1;
#
# test of table%type
#
CREATE or replace PROCEDURE p1(a VARCHAR(10)) AS 
type t_rec1 is table of t1%ROWTYPE index by binary_integer;
rec t_rec1;
rec3 rec%type;
BEGIN
rec3(0).b := a;
select rec3(0).b;
END;
$$
call p1('asdd');
rec3(0).b
asdd
ALTER TABLE t1 MODIFY COLUMN b VARCHAR(3)  ;
call p1('asd');
rec3(0).b
asd
drop PROCEDURE p1;
DROP TABLE t1;
#
# test of bug7780 : table%rowtype with no table
#
CREATE or replace PROCEDURE p1() AS 
type t_rec1 is table of t1%ROWTYPE index by binary_integer;
rec t_rec1;
BEGIN
END;
$$
call p1();
ERROR 42S02: Table 'test.t1' doesn't exist
drop PROCEDURE p1;
#
# test of bug7780 : table%rowtype with no table
#
CREATE or replace PROCEDURE p1() AS 
rr t1%ROWTYPE;
BEGIN
END;
$$
call p1();
ERROR 42S02: Table 'test.t1' doesn't exist
drop PROCEDURE p1;
#
# test of bug7780 : table%type with no table
#
CREATE or replace PROCEDURE p1() AS 
rr t1.a%TYPE;
BEGIN
END;
$$
call p1();
ERROR 42S02: Table 'test.t1' doesn't exist
drop PROCEDURE p1;
