set sql_mode=oracle;
select
to_char(round(to_date('2021-01-20', 'yyyy-mm-dd'), 'year'),
'yyyy-mm-dd') "new year",
to_char(round(to_date('2021-01-20', 'yyyy-mm-dd'), 'q'),
'yyyy-mm-dd') "new quarter",
to_char(round(to_date('2021-01-20', 'yyyy-mm-dd'), 'month'),
'yyyy-mm-dd') "new month",
to_char(round(to_date('2021-01-20', 'yyyy-mm-dd'), 'day'),
'yyyy-mm-dd') "new day",
to_char(round(to_date('2021-01-20', 'yyyy-mm-dd')),
'yyyy-mm-dd') "new time",
round(15.193, 1) "round1",
round(15.193,-1) "round2"
from
dual;
new year	new quarter	new month	new day	new time	round1	round2
2021-01-01	2021-01-01	2021-02-01	2021-01-17	2021-01-20	15.2	20
select ROUND(to_date('1949-01-02 10:11:12','yyyy-mm-dd hh:mi:ss'), 'SCC') from dual;
ROUND(to_date('1949-01-02 10:11:12','yyyy-mm-dd hh:mi:ss'), 'SCC')
1901-01-01 00:00:00
select ROUND(to_date('1950-01-02 10:11:12','yyyy-mm-dd hh:mi:ss'), 'SCC') from dual;
ROUND(to_date('1950-01-02 10:11:12','yyyy-mm-dd hh:mi:ss'), 'SCC')
1901-01-01 00:00:00
select ROUND(to_date('1951-01-02 10:11:12','yyyy-mm-dd hh:mi:ss'), 'SCC') from dual;
ROUND(to_date('1951-01-02 10:11:12','yyyy-mm-dd hh:mi:ss'), 'SCC')
2001-01-01 00:00:00
select ROUND(to_date('1949-01-02 10:11:12','yyyy-mm-dd hh:mi:ss'), 'CC') from dual;
ROUND(to_date('1949-01-02 10:11:12','yyyy-mm-dd hh:mi:ss'), 'CC')
1901-01-01 00:00:00
select ROUND(to_date('1950-01-02 10:11:12','yyyy-mm-dd hh:mi:ss'), 'CC') from dual;
ROUND(to_date('1950-01-02 10:11:12','yyyy-mm-dd hh:mi:ss'), 'CC')
1901-01-01 00:00:00
select ROUND(to_date('1951-01-02 10:11:12','yyyy-mm-dd hh:mi:ss'), 'CC') from dual;
ROUND(to_date('1951-01-02 10:11:12','yyyy-mm-dd hh:mi:ss'), 'CC')
2001-01-01 00:00:00
select to_date('9951-01-02 10:11:12','yyyy-mm-dd hh:mi:ss') from dual;
to_date('9951-01-02 10:11:12','yyyy-mm-dd hh:mi:ss')
9951-01-02 10:11:12
select ROUND(to_date('9951-01-02 10:11:12','yyyy-mm-dd hh:mi:ss'), 'SCC') from dual;
ROUND(to_date('9951-01-02 10:11:12','yyyy-mm-dd hh:mi:ss'), 'SCC')
NULL
Warnings:
Warning	1441	Datetime function: round field overflow
select ROUND(to_date('9901-01-02 10:11:12','yyyy-mm-dd hh:mi:ss'), 'CC') from dual;
ROUND(to_date('9901-01-02 10:11:12','yyyy-mm-dd hh:mi:ss'), 'CC')
9901-01-01 00:00:00
select to_date('0000-01-02 10:11:12','yyyy-mm-dd hh:mi:ss') from dual;
to_date('0000-01-02 10:11:12','yyyy-mm-dd hh:mi:ss')
NULL
Warnings:
Warning	1411	Incorrect datetime value: '0000-01-02 10:11:12' for function to_date
select ROUND(to_date('0000-01-02 10:11:12','yyyy-mm-dd hh:mi:ss'), 'CC') from dual;
ROUND(to_date('0000-01-02 10:11:12','yyyy-mm-dd hh:mi:ss'), 'CC')
NULL
Warnings:
Warning	1411	Incorrect datetime value: '0000-01-02 10:11:12' for function to_date
select to_date('10000-01-02 10:11:12','yyyy-mm-dd hh:mi:ss') from dual;
to_date('10000-01-02 10:11:12','yyyy-mm-dd hh:mi:ss')
NULL
Warnings:
Warning	1411	Incorrect datetime value: '10000-01-02 10:11:12' for function to_date
select ROUND(to_date('10000-01-02 10:11:12','yyyy-mm-dd hh:mi:ss'), 'SCC') from dual;
ROUND(to_date('10000-01-02 10:11:12','yyyy-mm-dd hh:mi:ss'), 'SCC')
NULL
Warnings:
Warning	1411	Incorrect datetime value: '10000-01-02 10:11:12' for function to_date
select ROUND(to_date('2023-05-02 10:11:12','yyyy-mm-dd hh:mi:ss'), 'IYYY') from dual;
ROUND(to_date('2023-05-02 10:11:12','yyyy-mm-dd hh:mi:ss'), 'IYYY')
2023-01-02 00:00:00
select ROUND(to_date('2023-06-02 10:11:12','yyyy-mm-dd hh:mi:ss'), 'IYY') from dual;
ROUND(to_date('2023-06-02 10:11:12','yyyy-mm-dd hh:mi:ss'), 'IYY')
2023-01-02 00:00:00
select ROUND(to_date('2023-07-02 10:11:12','yyyy-mm-dd hh:mi:ss'), 'IY') from dual;
ROUND(to_date('2023-07-02 10:11:12','yyyy-mm-dd hh:mi:ss'), 'IY')
2024-01-01 00:00:00
select ROUND(to_date('9999-08-02 10:11:12','yyyy-mm-dd hh:mi:ss'), 'I') from dual;
ROUND(to_date('9999-08-02 10:11:12','yyyy-mm-dd hh:mi:ss'), 'I')
NULL
Warnings:
Warning	1441	Datetime function: round field overflow
select ROUND(to_date('2020-04-02 10:11:12','yyyy-mm-dd hh:mi:ss'), 'I') from dual;
ROUND(to_date('2020-04-02 10:11:12','yyyy-mm-dd hh:mi:ss'), 'I')
2019-12-30 00:00:00
select ROUND(to_date('2020-06-02 10:11:12','yyyy-mm-dd hh:mi:ss'), 'IY') from dual;
ROUND(to_date('2020-06-02 10:11:12','yyyy-mm-dd hh:mi:ss'), 'IY')
2019-12-30 00:00:00
select ROUND(to_date('2020-07-02 10:11:12','yyyy-mm-dd hh:mi:ss'), 'IYYY') from dual;
ROUND(to_date('2020-07-02 10:11:12','yyyy-mm-dd hh:mi:ss'), 'IYYY')
2021-01-04 00:00:00
select ROUND(to_date('2020-04-02 10:11:12','yyyy-mm-dd hh:mi:ss'), 'IYY') from dual;
ROUND(to_date('2020-04-02 10:11:12','yyyy-mm-dd hh:mi:ss'), 'IYY')
2019-12-30 00:00:00
select ROUND(to_date('2020-06-02 10:11:12','yyyy-mm-dd hh:mi:ss'), 'I') from dual;
ROUND(to_date('2020-06-02 10:11:12','yyyy-mm-dd hh:mi:ss'), 'I')
2019-12-30 00:00:00
select ROUND(to_date('2020-07-02 10:11:12','yyyy-mm-dd hh:mi:ss'), 'I') from dual;
ROUND(to_date('2020-07-02 10:11:12','yyyy-mm-dd hh:mi:ss'), 'I')
2021-01-04 00:00:00
select ROUND(to_date('2017-04-02 10:11:12','yyyy-mm-dd hh:mi:ss'), 'I') from dual;
ROUND(to_date('2017-04-02 10:11:12','yyyy-mm-dd hh:mi:ss'), 'I')
2017-01-02 00:00:00
select ROUND(to_date('2017-07-02 10:11:12','yyyy-mm-dd hh:mi:ss'), 'I') from dual;
ROUND(to_date('2017-07-02 10:11:12','yyyy-mm-dd hh:mi:ss'), 'I')
2018-01-01 00:00:00
select ROUND(to_date('2016-04-02 10:11:12','yyyy-mm-dd hh:mi:ss'), 'I') from dual;
ROUND(to_date('2016-04-02 10:11:12','yyyy-mm-dd hh:mi:ss'), 'I')
2016-01-04 00:00:00
select ROUND(to_date('2016-07-02 10:11:12','yyyy-mm-dd hh:mi:ss'), 'I') from dual;
ROUND(to_date('2016-07-02 10:11:12','yyyy-mm-dd hh:mi:ss'), 'I')
2017-01-02 00:00:00
select ROUND(to_date('2024-06-02 10:11:12','yyyy-mm-dd hh:mi:ss'), 'I') from dual;
ROUND(to_date('2024-06-02 10:11:12','yyyy-mm-dd hh:mi:ss'), 'I')
2024-01-01 00:00:00
select ROUND(to_date('2024-07-02 10:11:12','yyyy-mm-dd hh:mi:ss'), 'I') from dual;
ROUND(to_date('2024-07-02 10:11:12','yyyy-mm-dd hh:mi:ss'), 'I')
2024-12-30 00:00:00
select round(to_date('2022-12-29 22:34:56','yyyy-mm-dd hh24:mi:ss'),'IYYY') as round_iy_date from dual;
round_iy_date
2023-01-02 00:00:00
select round(to_date('2021-06-30 22:34:56','yyyy-mm-dd hh24:mi:ss'),'IYYY') as round_iy_date from dual;
round_iy_date
2021-01-04 00:00:00
select round(to_date('2021-07-01 22:34:56','yyyy-mm-dd hh24:mi:ss'),'IYYY') as round_iy_date from dual;
round_iy_date
2022-01-03 00:00:00
select round(to_date('2023-06-30 22:34:56','yyyy-mm-dd hh24:mi:ss'),'IYYY') as round_iy_date from dual;
round_iy_date
2023-01-02 00:00:00
select round(to_date('2023-07-01 22:34:56','yyyy-mm-dd hh24:mi:ss'),'IYYY') as round_iy_date from dual;
round_iy_date
2024-01-01 00:00:00
select round(to_date('2020-06-30 22:34:56','yyyy-mm-dd hh24:mi:ss'),'IYYY') as round_iy_date from dual;
round_iy_date
2019-12-30 00:00:00
select round(to_date('2020-07-01 22:34:56','yyyy-mm-dd hh24:mi:ss'),'IYYY') as round_iy_date from dual;
round_iy_date
2021-01-04 00:00:00
select round(to_date('2023-06-30 8:11:30','yyyy-mm-dd HH24:MI:SS'), 'SYYYY') from dual;
round(to_date('2023-06-30 8:11:30','yyyy-mm-dd HH24:MI:SS'), 'SYYYY')
2023-01-01 00:00:00
select round(to_date('2023-07-02 8:11:31','yyyy-mm-dd HH24:MI:SS'), 'YYYY') from dual;
round(to_date('2023-07-02 8:11:31','yyyy-mm-dd HH24:MI:SS'), 'YYYY')
2024-01-01 00:00:00
select round(to_date('2020-01-02 8:11:29','yyyy-mm-dd HH24:MI:SS'), 'YEAR') from dual;
round(to_date('2020-01-02 8:11:29','yyyy-mm-dd HH24:MI:SS'), 'YEAR')
2020-01-01 00:00:00
select round(to_date('2020-06-31 23:59:31','yyyy-mm-dd HH24:MI:SS'), 'SYEAR') from dual;
round(to_date('2020-06-31 23:59:31','yyyy-mm-dd HH24:MI:SS'), 'SYEAR')
NULL
Warnings:
Warning	1411	Incorrect datetime value: '2020-06-31 23:59:31' for function to_date
select round(to_date('2099-12-31 23:59:31','yyyy-mm-dd HH24:MI:SS'), 'YYY') from dual;
round(to_date('2099-12-31 23:59:31','yyyy-mm-dd HH24:MI:SS'), 'YYY')
2100-01-01 00:00:00
select round(to_date('1999-12-31 23:59:31','yyyy-mm-dd HH24:MI:SS'), 'YY') from dual;
round(to_date('1999-12-31 23:59:31','yyyy-mm-dd HH24:MI:SS'), 'YY')
2000-01-01 00:00:00
select round(to_date('9999-12-31 23:59:31','yyyy-mm-dd HH24:MI:SS'), 'YY') from dual;
round(to_date('9999-12-31 23:59:31','yyyy-mm-dd HH24:MI:SS'), 'YY')
NULL
Warnings:
Warning	1441	Datetime function: round field overflow
select round(to_date('2023-1-31 23:11:12','yyyy-mm-dd HH24:MI:SS'),'Q') from dual;
round(to_date('2023-1-31 23:11:12','yyyy-mm-dd HH24:MI:SS'),'Q')
2023-01-01 00:00:00
select round(to_date('2023-10-16 23:11:12','yyyy-mm-dd HH24:MI:SS'),'Q') from dual;
round(to_date('2023-10-16 23:11:12','yyyy-mm-dd HH24:MI:SS'),'Q')
2023-10-01 00:00:00
select round(to_date('2023-11-16 23:11:12','yyyy-mm-dd HH24:MI:SS'),'Q') from dual;
round(to_date('2023-11-16 23:11:12','yyyy-mm-dd HH24:MI:SS'),'Q')
2024-01-01 00:00:00
select round(to_date('2023-12-16 23:11:12','yyyy-mm-dd HH24:MI:SS'),'Q') from dual;
round(to_date('2023-12-16 23:11:12','yyyy-mm-dd HH24:MI:SS'),'Q')
2024-01-01 00:00:00
select round(to_date('2023-01-15 23:11:12','yyyy-mm-dd HH24:MI:SS'),'MONTH') from dual;
round(to_date('2023-01-15 23:11:12','yyyy-mm-dd HH24:MI:SS'),'MONTH')
2023-01-01 00:00:00
select round(to_date('2023-02-15 23:11:12','yyyy-mm-dd HH24:MI:SS'),'MON') from dual;
round(to_date('2023-02-15 23:11:12','yyyy-mm-dd HH24:MI:SS'),'MON')
2023-02-01 00:00:00
select round(to_date('2023-01-31 23:11:12','yyyy-mm-dd HH24:MI:SS'),'MONTH') from dual;
round(to_date('2023-01-31 23:11:12','yyyy-mm-dd HH24:MI:SS'),'MONTH')
2023-02-01 00:00:00
select round(to_date('2023-10-16 23:11:12','yyyy-mm-dd HH24:MI:SS'),'MON') from dual;
round(to_date('2023-10-16 23:11:12','yyyy-mm-dd HH24:MI:SS'),'MON')
2023-11-01 00:00:00
select round(to_date('2023-11-16 23:11:12','yyyy-mm-dd HH24:MI:SS'),'MM') from dual;
round(to_date('2023-11-16 23:11:12','yyyy-mm-dd HH24:MI:SS'),'MM')
2023-12-01 00:00:00
select round(to_date('2023-12-16 23:11:12','yyyy-mm-dd HH24:MI:SS'),'RM') from dual;
round(to_date('2023-12-16 23:11:12','yyyy-mm-dd HH24:MI:SS'),'RM')
2024-01-01 00:00:00
select round(to_date('2023-03-27 22:34:56','yyyy-mm-dd hh24:mi:ss'),'iw') as round_iw_date from dual;
round_iw_date
2023-03-27 00:00:00
select round(to_date('2023-03-28 22:34:56','yyyy-mm-dd hh24:mi:ss'),'iw') as round_iw_date from dual;
round_iw_date
2023-03-27 00:00:00
select round(to_date('2023-03-29 22:34:56','yyyy-mm-dd hh24:mi:ss'),'iw') as round_iw_date from dual;
round_iw_date
2023-03-27 00:00:00
select round(to_date('2023-03-30 22:34:56','yyyy-mm-dd hh24:mi:ss'),'iw') as round_iw_date from dual;
round_iw_date
2023-04-03 00:00:00
select round(to_date('2023-03-31 22:34:56','yyyy-mm-dd hh24:mi:ss'),'iw') as round_iw_date from dual;
round_iw_date
2023-04-03 00:00:00
select round(to_date('2023-04-01 22:34:56','yyyy-mm-dd hh24:mi:ss'),'iw') as round_iw_date from dual;
round_iw_date
2023-04-03 00:00:00
select round(to_date('2023-04-02 22:34:56','yyyy-mm-dd hh24:mi:ss'),'iw') as round_iw_date from dual;
round_iw_date
2023-04-03 00:00:00
select round(to_date('2023-04-03 22:34:56','yyyy-mm-dd hh24:mi:ss'),'iw') as round_iw_date from dual;
round_iw_date
2023-04-03 00:00:00
select round(to_date('1999-12-31 23:59:31','yyyy-mm-dd HH24:MI:SS'), 'iw') from dual;
round(to_date('1999-12-31 23:59:31','yyyy-mm-dd HH24:MI:SS'), 'iw')
1999-12-27 00:00:00
select round(to_date('2000-12-31 23:59:31','yyyy-mm-dd HH24:MI:SS'), 'iw') from dual;
round(to_date('2000-12-31 23:59:31','yyyy-mm-dd HH24:MI:SS'), 'iw')
2000-12-25 00:00:00
select round(to_date('2001-12-31 23:59:31','yyyy-mm-dd HH24:MI:SS'), 'iw') from dual;
round(to_date('2001-12-31 23:59:31','yyyy-mm-dd HH24:MI:SS'), 'iw')
2001-12-31 00:00:00
select round(to_date('2002-12-31 23:59:31','yyyy-mm-dd HH24:MI:SS'), 'iw') from dual;
round(to_date('2002-12-31 23:59:31','yyyy-mm-dd HH24:MI:SS'), 'iw')
2002-12-30 00:00:00
select round(to_date('2003-12-31 23:59:31','yyyy-mm-dd HH24:MI:SS'), 'iw') from dual;
round(to_date('2003-12-31 23:59:31','yyyy-mm-dd HH24:MI:SS'), 'iw')
2003-12-29 00:00:00
select round(to_date('2004-12-31 23:59:31','yyyy-mm-dd HH24:MI:SS'), 'iw') from dual;
round(to_date('2004-12-31 23:59:31','yyyy-mm-dd HH24:MI:SS'), 'iw')
2004-12-27 00:00:00
select round(to_date('2005-12-31 23:59:31','yyyy-mm-dd HH24:MI:SS'), 'iw') from dual;
round(to_date('2005-12-31 23:59:31','yyyy-mm-dd HH24:MI:SS'), 'iw')
2005-12-26 00:00:00
select round(date('0001-01-01'),'iw') as round_date from dual;
round_date
0001-01-03 00:00:00
select round(to_date('2020-04-24 22:34:56','yyyy-mm-dd hh24:mi:ss'),'ww') as round_ww_date from dual;
round_ww_date
2020-04-22 00:00:00
select round(to_date('2020-04-25 22:34:56','yyyy-mm-dd hh24:mi:ss'),'ww') as round_ww_date from dual;
round_ww_date
2020-04-29 00:00:00
select round(to_date('2020-04-26 22:34:56','yyyy-mm-dd hh24:mi:ss'),'ww') as round_ww_date from dual;
round_ww_date
2020-04-29 00:00:00
select round(to_date('2020-04-27 22:34:56','yyyy-mm-dd hh24:mi:ss'),'ww') as round_ww_date from dual;
round_ww_date
2020-04-29 00:00:00
select round(to_date('2020-04-28 22:34:56','yyyy-mm-dd hh24:mi:ss'),'ww') as round_ww_date from dual;
round_ww_date
2020-04-29 00:00:00
select round(to_date('2020-04-29 22:34:56','yyyy-mm-dd hh24:mi:ss'),'ww') as round_ww_date from dual;
round_ww_date
2020-04-29 00:00:00
select round(to_date('2020-04-30 22:34:56','yyyy-mm-dd hh24:mi:ss'),'ww') as round_ww_date from dual;
round_ww_date
2020-04-29 00:00:00
select round(to_date('2020-05-01 22:34:56','yyyy-mm-dd hh24:mi:ss'),'ww') as round_ww_date from dual;
round_ww_date
2020-04-29 00:00:00
select round(to_date('2020-05-02 22:34:56','yyyy-mm-dd hh24:mi:ss'),'ww') as round_ww_date from dual;
round_ww_date
2020-05-06 00:00:00
select round(to_date('2020-05-03 22:34:56','yyyy-mm-dd hh24:mi:ss'),'ww') as round_ww_date from dual;
round_ww_date
2020-05-06 00:00:00
select round(to_date('2017-04-08 22:34:56','yyyy-mm-dd hh24:mi:ss'),'ww') as round_ww_date from dual;
round_ww_date
2017-04-09 00:00:00
select round(to_date('2018-04-08 22:34:56','yyyy-mm-dd hh24:mi:ss'),'ww') as round_ww_date from dual;
round_ww_date
2018-04-09 00:00:00
select round(to_date('2019-04-08 22:34:56','yyyy-mm-dd hh24:mi:ss'),'ww') as round_ww_date from dual;
round_ww_date
2019-04-09 00:00:00
select round(to_date('2020-04-08 22:34:56','yyyy-mm-dd hh24:mi:ss'),'ww') as round_ww_date from dual;
round_ww_date
2020-04-08 00:00:00
select round(to_date('2015-04-08 22:34:56','yyyy-mm-dd hh24:mi:ss'),'ww') as round_ww_date from dual;
round_ww_date
2015-04-09 00:00:00
select round(to_date('2021-04-08 22:34:56','yyyy-mm-dd hh24:mi:ss'),'ww') as round_ww_date from dual;
round_ww_date
2021-04-09 00:00:00
select round(to_date('2022-04-08 22:34:56','yyyy-mm-dd hh24:mi:ss'),'ww') as round_ww_date from dual;
round_ww_date
2022-04-09 00:00:00
select round(to_date('2022-04-03 22:34:56','yyyy-mm-dd hh24:mi:ss'),'ww') as round_ww_date from dual;
round_ww_date
2022-04-02 00:00:00
select round(to_date('2022-04-04 22:34:56','yyyy-mm-dd hh24:mi:ss'),'ww') as round_ww_date from dual;
round_ww_date
2022-04-02 00:00:00
select round(to_date('2022-04-08 22:34:56','yyyy-mm-dd hh24:mi:ss'),'ww') as round_ww_date from dual;
round_ww_date
2022-04-09 00:00:00
select round(to_date('2022-04-09 22:34:56','yyyy-mm-dd hh24:mi:ss'),'ww') as round_ww_date from dual;
round_ww_date
2022-04-09 00:00:00
select round(to_date('1582-09-30','YYYY-MM-DD'),'ww') as trunc_date from dual;
trunc_date
1582-10-01 00:00:00
select round(to_date('1582-10-01','YYYY-MM-DD'),'ww') as trunc_date from dual;
trunc_date
1582-10-01 00:00:00
select round(to_date('1582-10-02','YYYY-MM-DD'),'ww') as trunc_date from dual;
trunc_date
1582-10-15 00:00:00
select round(to_date('1582-10-03','YYYY-MM-DD'),'ww') as trunc_date from dual;
trunc_date
1582-10-15 00:00:00
select round(to_date('1582-10-04','YYYY-MM-DD'),'ww') as trunc_date from dual;
trunc_date
1582-10-15 00:00:00
select to_char(round(to_date('2017-04-08 22:34:56','yyyy-mm-dd hh24:mi:ss'),'ww'),'d') as weekday from dual;
weekday
1
select to_char(round(to_date('2018-04-08 22:34:56','yyyy-mm-dd hh24:mi:ss'),'ww'),'d') as weekday from dual;
weekday
2
select to_char(round(to_date('2019-04-08 22:34:56','yyyy-mm-dd hh24:mi:ss'),'ww'),'d') as weekday from dual;
weekday
3
select to_char(round(to_date('2020-04-08 22:34:56','yyyy-mm-dd hh24:mi:ss'),'ww'),'d') as weekday from dual;
weekday
4
select to_char(round(to_date('2015-04-08 22:34:56','yyyy-mm-dd hh24:mi:ss'),'ww'),'d') as weekday from dual;
weekday
5
select to_char(round(to_date('2021-04-08 22:34:56','yyyy-mm-dd hh24:mi:ss'),'ww'),'d') as weekday from dual;
weekday
6
select to_char(round(to_date('2022-04-08 22:34:56','yyyy-mm-dd hh24:mi:ss'),'ww'),'d') as weekday from dual;
weekday
7
select round(to_date('2023-04-03 22:34:56','yyyy-mm-dd hh24:mi:ss'),'w') as round_w_date from dual;
round_w_date
2023-04-01 00:00:00
select round(to_date('2023-04-04 22:34:56','yyyy-mm-dd hh24:mi:ss'),'w') as round_w_date from dual;
round_w_date
2023-04-08 00:00:00
select round(to_date('2023-04-05 22:34:56','yyyy-mm-dd hh24:mi:ss'),'w') as round_w_date from dual;
round_w_date
2023-04-08 00:00:00
select round(to_date('2023-04-06 22:34:56','yyyy-mm-dd hh24:mi:ss'),'w') as round_w_date from dual;
round_w_date
2023-04-08 00:00:00
select round(to_date('2023-04-07 22:34:56','yyyy-mm-dd hh24:mi:ss'),'w') as round_w_date from dual;
round_w_date
2023-04-08 00:00:00
select round(to_date('2023-04-08 22:34:56','yyyy-mm-dd hh24:mi:ss'),'w') as round_w_date from dual;
round_w_date
2023-04-08 00:00:00
select round(to_date('2023-04-09 22:34:56','yyyy-mm-dd hh24:mi:ss'),'w') as round_w_date from dual;
round_w_date
2023-04-08 00:00:00
select round(to_date('2023-04-10 22:34:56','yyyy-mm-dd hh24:mi:ss'),'w') as round_w_date from dual;
round_w_date
2023-04-08 00:00:00
select round(to_date('2023-04-11 22:34:56','yyyy-mm-dd hh24:mi:ss'),'w') as round_w_date from dual;
round_w_date
2023-04-15 00:00:00
select round(to_date('2023-01-15 12:30:30','yyyy-mm-dd HH24:MI:SS'), 'DDD') from dual;
round(to_date('2023-01-15 12:30:30','yyyy-mm-dd HH24:MI:SS'), 'DDD')
2023-01-16 00:00:00
select round(to_date('2023-01-15 13:31:31','yyyy-mm-dd HH24:MI:SS'), 'DDD') from dual;
round(to_date('2023-01-15 13:31:31','yyyy-mm-dd HH24:MI:SS'), 'DDD')
2023-01-16 00:00:00
select round(to_date('2023-01-15 11:29:29','yyyy-mm-dd HH24:MI:SS'), 'DDD') from dual;
round(to_date('2023-01-15 11:29:29','yyyy-mm-dd HH24:MI:SS'), 'DDD')
2023-01-15 00:00:00
select round(to_date('2023-01-31 23:59:31','yyyy-mm-dd HH24:MI:SS'), 'DDD') from dual;
round(to_date('2023-01-31 23:59:31','yyyy-mm-dd HH24:MI:SS'), 'DDD')
2023-02-01 00:00:00
select round(to_date('2099-12-31 23:59:31','yyyy-mm-dd HH24:MI:SS'), 'DDD') from dual;
round(to_date('2099-12-31 23:59:31','yyyy-mm-dd HH24:MI:SS'), 'DDD')
2100-01-01 00:00:00
select round(to_date('1999-12-31 23:59:31','yyyy-mm-dd HH24:MI:SS'), 'DDD') from dual;
round(to_date('1999-12-31 23:59:31','yyyy-mm-dd HH24:MI:SS'), 'DDD')
2000-01-01 00:00:00
select round(to_date('2023-04-02 22:34:56','yyyy-mm-dd hh24:mi:ss'),'DAY') as round_w_date from dual;
round_w_date
2023-04-02 00:00:00
select round(to_date('2023-04-03 22:34:56','yyyy-mm-dd hh24:mi:ss'),'DAY') as round_w_date from dual;
round_w_date
2023-04-02 00:00:00
select round(to_date('2023-04-04 22:34:56','yyyy-mm-dd hh24:mi:ss'),'DY') as round_w_date from dual;
round_w_date
2023-04-02 00:00:00
select round(to_date('2023-04-05 22:34:56','yyyy-mm-dd hh24:mi:ss'),'D') as round_w_date from dual;
round_w_date
2023-04-09 00:00:00
select round(to_date('2023-04-06 22:34:56','yyyy-mm-dd hh24:mi:ss'),'D') as round_w_date from dual;
round_w_date
2023-04-09 00:00:00
select round(to_date('2023-04-07 22:34:56','yyyy-mm-dd hh24:mi:ss'),'D') as round_w_date from dual;
round_w_date
2023-04-09 00:00:00
select round(to_date('2023-04-08 22:34:56','yyyy-mm-dd hh24:mi:ss'),'D') as round_w_date from dual;
round_w_date
2023-04-09 00:00:00
select round(to_date('2023-01-02 8:30:30','yyyy-mm-dd HH24:MI:SS'), 'HH') from dual;
round(to_date('2023-01-02 8:30:30','yyyy-mm-dd HH24:MI:SS'), 'HH')
2023-01-02 09:00:00
select round(to_date('2023-01-02 8:31:31','yyyy-mm-dd HH24:MI:SS'), 'HH') from dual;
round(to_date('2023-01-02 8:31:31','yyyy-mm-dd HH24:MI:SS'), 'HH')
2023-01-02 09:00:00
select round(to_date('2023-01-02 8:29:29','yyyy-mm-dd HH24:MI:SS'), 'HH') from dual;
round(to_date('2023-01-02 8:29:29','yyyy-mm-dd HH24:MI:SS'), 'HH')
2023-01-02 08:00:00
select round(to_date('2023-01-31 23:59:31','yyyy-mm-dd HH24:MI:SS'), 'HH') from dual;
round(to_date('2023-01-31 23:59:31','yyyy-mm-dd HH24:MI:SS'), 'HH')
2023-02-01 00:00:00
select round(to_date('2099-12-31 23:59:31','yyyy-mm-dd HH24:MI:SS'), 'HH') from dual;
round(to_date('2099-12-31 23:59:31','yyyy-mm-dd HH24:MI:SS'), 'HH')
2100-01-01 00:00:00
select round(to_date('1999-12-31 23:59:31','yyyy-mm-dd HH24:MI:SS'), 'HH') from dual;
round(to_date('1999-12-31 23:59:31','yyyy-mm-dd HH24:MI:SS'), 'HH')
2000-01-01 00:00:00
select round(to_date('2023-01-02 8:11:30','yyyy-mm-dd HH24:MI:SS'), 'MI') from dual;
round(to_date('2023-01-02 8:11:30','yyyy-mm-dd HH24:MI:SS'), 'MI')
2023-01-02 08:12:00
select round(to_date('2023-01-02 8:11:31','yyyy-mm-dd HH24:MI:SS'), 'MI') from dual;
round(to_date('2023-01-02 8:11:31','yyyy-mm-dd HH24:MI:SS'), 'MI')
2023-01-02 08:12:00
select round(to_date('2023-01-02 8:11:29','yyyy-mm-dd HH24:MI:SS'), 'MI') from dual;
round(to_date('2023-01-02 8:11:29','yyyy-mm-dd HH24:MI:SS'), 'MI')
2023-01-02 08:11:00
select round(to_date('2023-01-31 23:59:31','yyyy-mm-dd HH24:MI:SS'), 'MI') from dual;
round(to_date('2023-01-31 23:59:31','yyyy-mm-dd HH24:MI:SS'), 'MI')
2023-02-01 00:00:00
select round(to_date('2099-12-31 23:59:31','yyyy-mm-dd HH24:MI:SS'), 'MI') from dual;
round(to_date('2099-12-31 23:59:31','yyyy-mm-dd HH24:MI:SS'), 'MI')
2100-01-01 00:00:00
select round(to_date('1999-12-31 23:59:31','yyyy-mm-dd HH24:MI:SS'), 'MI') from dual;
round(to_date('1999-12-31 23:59:31','yyyy-mm-dd HH24:MI:SS'), 'MI')
2000-01-01 00:00:00
create table t1 (c_date datetime, format varchar(10));
insert into t1 values
('2021-01-02 10:11:12', 'SCC'),    # Century
('2021-01-02 10:11:12', 'CC'),
('2021-01-02 10:11:12', 'SYEAR'),  # Year
('2021-01-02 10:11:12', 'SYYYY'),
('2021-01-02 10:11:12', 'SYEAR'),
('2021-01-02 10:11:12', 'YEAR'),
('2021-01-02 10:11:12', null),
('2021-01-02 10:11:12', 'YYYY'),
(null, null),
('2021-01-02 10:11:12', 'YYY'),
('2021-01-02 10:11:12', 'YY'),
('2021-01-02 10:11:12', 'Y'),
(null, 'YYY'),
('2021-01-02 10:11:12', 'Q'),      # Quarter
('2021-01-02 10:11:12', 'MONTH'),  # Month
('2021-01-02 10:11:12', 'MON'),
('2021-01-02 10:11:12', 'MM'),
('2021-01-02 10:11:12', 'RM'),
('2021-01-02 10:11:12', 'DDD'),    # Day
('2021-01-02 10:11:12', 'DD'),
('2021-01-02 10:11:12', 'DAY'),    # Closest Sunday
('2021-01-02 10:11:12', 'DY'),
('2021-01-02 10:11:12', 'D'),
('2021-01-02 10:11:12', 'HH'),     #Hours
('2021-01-02 10:11:12', 'HH12'),
('2021-01-02 10:11:12', 'HH24'),
('2021-01-02 10:11:12', 'MI');
select c_date,format, round(c_date, format) as result from t1 where format is not null;
c_date	format	result
2021-01-02 10:11:12	SCC	2001-01-01 00:00:00
2021-01-02 10:11:12	CC	2001-01-01 00:00:00
2021-01-02 10:11:12	SYEAR	2021-01-01 00:00:00
2021-01-02 10:11:12	SYYYY	2021-01-01 00:00:00
2021-01-02 10:11:12	SYEAR	2021-01-01 00:00:00
2021-01-02 10:11:12	YEAR	2021-01-01 00:00:00
2021-01-02 10:11:12	YYYY	2021-01-01 00:00:00
2021-01-02 10:11:12	YYY	2021-01-01 00:00:00
2021-01-02 10:11:12	YY	2021-01-01 00:00:00
2021-01-02 10:11:12	Y	2021-01-01 00:00:00
NULL	YYY	NULL
2021-01-02 10:11:12	Q	2021-01-01 00:00:00
2021-01-02 10:11:12	MONTH	2021-01-01 00:00:00
2021-01-02 10:11:12	MON	2021-01-01 00:00:00
2021-01-02 10:11:12	MM	2021-01-01 00:00:00
2021-01-02 10:11:12	RM	2021-01-01 00:00:00
2021-01-02 10:11:12	DDD	2021-01-02 00:00:00
2021-01-02 10:11:12	DD	2021-01-02 00:00:00
2021-01-02 10:11:12	DAY	2021-01-03 00:00:00
2021-01-02 10:11:12	DY	2021-01-03 00:00:00
2021-01-02 10:11:12	D	2021-01-03 00:00:00
2021-01-02 10:11:12	HH	2021-01-02 10:00:00
2021-01-02 10:11:12	HH12	2021-01-02 10:00:00
2021-01-02 10:11:12	HH24	2021-01-02 10:00:00
2021-01-02 10:11:12	MI	2021-01-02 10:11:00
truncate table t1;
insert into t1 values
('2021-04-03 12:34:56', 'scc'),
('2021-04-03 12:34:56', 'cc'),
('2021-04-03 12:34:56', 'syear'),
('2021-04-03 12:34:56', 'syyyy'),
('2021-04-03 12:34:56', 'syear'),
('2021-04-03 12:34:56', 'year'),
('2021-04-03 12:34:56', 'yyyy'),
('2021-04-03 12:34:56', 'yyy'),
('2021-04-03 12:34:56', 'yy'),
('2021-04-03 12:34:56', 'y'),
('2021-04-03 12:34:56', 'q'),
('2021-04-03 12:34:56', 'month'),
('2021-04-03 12:34:56', 'mon'),
('2021-04-03 12:34:56', 'mm'),
('2021-04-03 12:34:56', 'rm'),
('2021-04-03 12:34:56', 'ddd'),
('2021-04-03 12:34:56', 'dd'),
('2021-04-03 12:34:56', 'day'),
('2021-04-03 12:34:56', 'dy'),
('2021-04-03 12:34:56', 'd'),
('2021-04-03 12:34:56', 'hh'),
('2021-04-03 12:34:56', 'hh12'),
('2021-04-03 12:34:56', 'hh24'),
('2021-04-03 12:34:56', 'mi');
select c_date,format, round(c_date, format) as result from t1;
c_date	format	result
2021-04-03 12:34:56	scc	2001-01-01 00:00:00
2021-04-03 12:34:56	cc	2001-01-01 00:00:00
2021-04-03 12:34:56	syear	2021-01-01 00:00:00
2021-04-03 12:34:56	syyyy	2021-01-01 00:00:00
2021-04-03 12:34:56	syear	2021-01-01 00:00:00
2021-04-03 12:34:56	year	2021-01-01 00:00:00
2021-04-03 12:34:56	yyyy	2021-01-01 00:00:00
2021-04-03 12:34:56	yyy	2021-01-01 00:00:00
2021-04-03 12:34:56	yy	2021-01-01 00:00:00
2021-04-03 12:34:56	y	2021-01-01 00:00:00
2021-04-03 12:34:56	q	2021-04-01 00:00:00
2021-04-03 12:34:56	month	2021-04-01 00:00:00
2021-04-03 12:34:56	mon	2021-04-01 00:00:00
2021-04-03 12:34:56	mm	2021-04-01 00:00:00
2021-04-03 12:34:56	rm	2021-04-01 00:00:00
2021-04-03 12:34:56	ddd	2021-04-04 00:00:00
2021-04-03 12:34:56	dd	2021-04-04 00:00:00
2021-04-03 12:34:56	day	2021-04-04 00:00:00
2021-04-03 12:34:56	dy	2021-04-04 00:00:00
2021-04-03 12:34:56	d	2021-04-04 00:00:00
2021-04-03 12:34:56	hh	2021-04-03 13:00:00
2021-04-03 12:34:56	hh12	2021-04-03 13:00:00
2021-04-03 12:34:56	hh24	2021-04-03 13:00:00
2021-04-03 12:34:56	mi	2021-04-03 12:35:00
truncate table t1;
insert into t1 values
('2021-01-02 10:11:12', 'YEAR  '),
('2021-01-02 10:11:12', '  YYYY'),
('2021-01-02 10:11:12', 'YYYD'),
('2021-01-02 10:11:12', 'EYYY'),
('2021-01-02 10:11:12', 'MONTA'),
('2021-01-02 10:11:12', 'MONAB'),
('2021-01-02 10:11:12', 'MINUTE'),
('2021-01-02 10:11:12', 'DDDD'),
('2021-01-02 10:11:12', 'DC'),
('2021-01-02 10:11:12', 'DAZ'),
('2021-01-02 10:11:12', 'HA'),
('2021-01-02 10:11:12', 'H12'),
('2021-01-02 10:11:12', 'H24'),
('2021-01-02 10:11:12', 'MIC');
select c_date,format, round(c_date, format) as result from t1;
ERROR HY000: Incorrect arguments to round
drop table t1;
select round(to_date('2021-05-06','yyyy-mm-dd')) from dual;
round(to_date('2021-05-06','yyyy-mm-dd'))
2021-05-06 00:00:00
select round(to_date('2021-03-02 10:11:12','yyyy-mm-dd HH24:MI:SS'), 'YEAR') from dual;
round(to_date('2021-03-02 10:11:12','yyyy-mm-dd HH24:MI:SS'), 'YEAR')
2021-01-01 00:00:00
select round(to_date('03-01-02 8:11:2.123456','yyyy-mm-dd HH12:MI:SS.FF'), 'month') from dual;
round(to_date('03-01-02 8:11:2.123456','yyyy-mm-dd HH12:MI:SS.FF'), 'month')
0003-01-01 00:00:00
select round(to_date('0003-01-02 8:11:2.123456','yyyy-mm-dd HH12:MI:SS.FF'), 'MI') from dual;
round(to_date('0003-01-02 8:11:2.123456','yyyy-mm-dd HH12:MI:SS.FF'), 'MI')
0003-01-02 08:11:00
select round(to_date('0003-01-02 8:11:2.123456','yyyy-mm-dd HH12:MI:SS.FF'), 'HH') from dual;
round(to_date('0003-01-02 8:11:2.123456','yyyy-mm-dd HH12:MI:SS.FF'), 'HH')
0003-01-02 08:00:00
select round(to_date('2003-01-02 23:11:12','yyyy-mm-dd HH24:MI:SS'), 'HH12') from dual;
round(to_date('2003-01-02 23:11:12','yyyy-mm-dd HH24:MI:SS'), 'HH12')
2003-01-02 23:00:00
select round(to_date('1998-01-02 01:11:12','yyyy-mm-dd HH12:MI:SS'), 'Q') from dual;
round(to_date('1998-01-02 01:11:12','yyyy-mm-dd HH12:MI:SS'), 'Q')
1998-01-01 00:00:00
select round(to_date('1930-01-02 02:11:12','yyyy-mm-dd HH12:MI:SS'), 'DAY') from dual;
round(to_date('1930-01-02 02:11:12','yyyy-mm-dd HH12:MI:SS'), 'DAY')
1930-01-05 00:00:00
select round(to_date('1930-01-02 02:11:12','yyyy-mm-dd HH12:MI:SS'), 'abcdefg') from dual;
ERROR HY000: Incorrect arguments to round
select round('-1.4', '-1') from dual;
round('-1.4', '-1')
0
select round('-1.4', '-2') from dual;
round('-1.4', '-2')
0
set @a=123.456;
select round(@a, @a) from dual;
round(@a, @a)
123.456
set @a=123.456000;
select round(@a, 4) from dual;
round(@a, 4)
123.456
select round(@a, 5) from dual;
round(@a, 5)
123.456
set @a=-123.456000;
select round(@a, 4) from dual;
round(@a, 4)
-123.456
select round(@a, 5) from dual;
round(@a, 5)
-123.456
select round(to_date('1930-01-02 02:11:12','yyyy-mm-dd HH24:MI:SS'),'') from dual;
ERROR HY000: Incorrect arguments to round
select round(to_date('1930-01-02 02:11:12','yyyy-mm-dd HH24:MI:SS'),null) from dual;
ERROR HY000: Incorrect arguments to round
select round(null, 'aaa') from dual;
round(null, 'aaa')
NULL
select round(null, null) from dual;
round(null, null)
NULL
select round(123.456, null) from dual;
round(123.456, null)
NULL
select round(123.456,'') from dual;
round(123.456,'')
NULL
Warnings:
Warning	1292	Truncated incorrect INTEGER value: ''
create procedure p_round() as
begin
SELECT round(123.456, 1) FROM dual;
SELECT round(123.456, 2) FROM dual;
SELECT round(123.456, 3) FROM dual;
SELECT round(123.456, 4) FROM dual;
SELECT round(123.456, 0) FROM dual;
SELECT round(123.456, -1) FROM dual;
SELECT round(123.456, -2) FROM dual;
SELECT round(123.456, -3) FROM dual;
SELECT round(123.456, -4) FROM dual;
SELECT round(.456, 1) FROM dual;
SELECT round(.456, 2) FROM dual;
SELECT round(.456, 3) FROM dual;
select round(to_date('2021-05-06','yyyy-mm-dd')) from dual;
select round(to_date('2021-03-02 10:11:12','yyyy-mm-dd HH24:MI:SS'), 'YEAR') from dual;
select round(to_date('03-01-02 8:11:2.123456','yyyy-mm-dd HH12:MI:SS.FF'), 'month') from dual;
select round(to_date('0003-01-02 8:11:2.123456','yyyy-mm-dd HH12:MI:SS.FF'), 'MI') from dual;
select round(to_date('0003-01-02 8:11:2.123456','yyyy-mm-dd HH12:MI:SS.FF'), 'HH') from dual;
select round(to_date('2003-01-02 23:11:12','yyyy-mm-dd HH24:MI:SS'), 'HH12') from dual;
select round(to_date('1998-01-02 01:11:12','yyyy-mm-dd HH12:MI:SS'), 'Q') from dual;
select round(to_date('1930-01-02 02:11:12','yyyy-mm-dd HH12:MI:SS'), 'DAY') from dual;
select round(to_date('1930-01-02 02:11:12','yyyy-mm-dd HH12:MI:SS'), 'abcdefg') from dual;
end;//
call p_round//
round(123.456, 1)
123.5
round(123.456, 2)
123.46
round(123.456, 3)
123.456
round(123.456, 4)
123.456
round(123.456, 0)
123
round(123.456, -1)
120
round(123.456, -2)
100
round(123.456, -3)
0
round(123.456, -4)
0
round(.456, 1)
0.5
round(.456, 2)
0.46
round(.456, 3)
0.456
round(to_date('2021-05-06','yyyy-mm-dd'))
2021-05-06 00:00:00
round(to_date('2021-03-02 10:11:12','yyyy-mm-dd HH24:MI:SS'), 'YEAR')
2021-01-01 00:00:00
round(to_date('03-01-02 8:11:2.123456','yyyy-mm-dd HH12:MI:SS.FF'), 'month')
0003-01-01 00:00:00
round(to_date('0003-01-02 8:11:2.123456','yyyy-mm-dd HH12:MI:SS.FF'), 'MI')
0003-01-02 08:11:00
round(to_date('0003-01-02 8:11:2.123456','yyyy-mm-dd HH12:MI:SS.FF'), 'HH')
0003-01-02 08:00:00
round(to_date('2003-01-02 23:11:12','yyyy-mm-dd HH24:MI:SS'), 'HH12')
2003-01-02 23:00:00
round(to_date('1998-01-02 01:11:12','yyyy-mm-dd HH12:MI:SS'), 'Q')
1998-01-01 00:00:00
round(to_date('1930-01-02 02:11:12','yyyy-mm-dd HH12:MI:SS'), 'DAY')
1930-01-05 00:00:00
ERROR HY000: Incorrect arguments to round
drop procedure p_round//
set sql_mode=oracle;
SELECT round(123.456, 1) FROM dual;
round(123.456, 1)
123.5
SELECT round(123.456, 2) FROM dual;
round(123.456, 2)
123.46
SELECT round(123.456, 3) FROM dual;
round(123.456, 3)
123.456
SELECT round(123.456, 4) FROM dual;
round(123.456, 4)
123.456
SELECT round(123.456, 0) FROM dual;
round(123.456, 0)
123
SELECT round(123.456, -1) FROM dual;
round(123.456, -1)
120
SELECT round(123.456, -2) FROM dual;
round(123.456, -2)
100
SELECT round(123.456, -3) FROM dual;
round(123.456, -3)
0
SELECT round(123.456, -4) FROM dual;
round(123.456, -4)
0
SELECT round(.456, 1) FROM dual;
round(.456, 1)
0.5
SELECT round(.456, 2) FROM dual;
round(.456, 2)
0.46
SELECT round(.456, 3) FROM dual;
round(.456, 3)
0.456
select round(to_date('2021-05-06','yyyy-mm-dd')) from dual;
round(to_date('2021-05-06','yyyy-mm-dd'))
2021-05-06 00:00:00
select round(to_date('2021-03-02 10:11:12','yyyy-mm-dd HH24:MI:SS'), 'YEAR') from dual;
round(to_date('2021-03-02 10:11:12','yyyy-mm-dd HH24:MI:SS'), 'YEAR')
2021-01-01 00:00:00
select round(to_date('03-01-02 8:11:2.123456','yyyy-mm-dd HH12:MI:SS.FF'), 'month') from dual;
round(to_date('03-01-02 8:11:2.123456','yyyy-mm-dd HH12:MI:SS.FF'), 'month')
0003-01-01 00:00:00
select round(to_date('0003-01-02 8:11:2.123456','yyyy-mm-dd HH12:MI:SS.FF'), 'MI') from dual;
round(to_date('0003-01-02 8:11:2.123456','yyyy-mm-dd HH12:MI:SS.FF'), 'MI')
0003-01-02 08:11:00
select round(to_date('0003-01-02 8:11:2.123456','yyyy-mm-dd HH12:MI:SS.FF'), 'HH') from dual;
round(to_date('0003-01-02 8:11:2.123456','yyyy-mm-dd HH12:MI:SS.FF'), 'HH')
0003-01-02 08:00:00
select round(to_date('2003-01-02 23:11:12','yyyy-mm-dd HH24:MI:SS'), 'HH12') from dual;
round(to_date('2003-01-02 23:11:12','yyyy-mm-dd HH24:MI:SS'), 'HH12')
2003-01-02 23:00:00
select round(to_date('1998-01-02 01:11:12','yyyy-mm-dd HH12:MI:SS'), 'Q') from dual;
round(to_date('1998-01-02 01:11:12','yyyy-mm-dd HH12:MI:SS'), 'Q')
1998-01-01 00:00:00
select round(to_date('1930-01-02 02:11:12','yyyy-mm-dd HH12:MI:SS'), 'DAY') from dual;
round(to_date('1930-01-02 02:11:12','yyyy-mm-dd HH12:MI:SS'), 'DAY')
1930-01-05 00:00:00
select round(to_date('1930-01-02 02:11:12','yyyy-mm-dd HH12:MI:SS'), 'abcdefg') from dual;
ERROR HY000: Incorrect arguments to round
testcases
set timestamp to '2021-12-01 10:00:00'
set timestamp = 1638324000;
create table test (c1 datetime);
insert into test values('2021-11-30');
insert into test values('2021-12-01');
insert into test values('2021-12-02');
set sql_mode=oracle;
select round(sysdate) + 10 from dual;
round(sysdate) + 10
2021-12-11 00:00:00
select round(sysdate) + 10 from dual;
round(sysdate) + 10
2021-12-11 00:00:00
select round(now(6)) + 10 from dual;
round(now(6)) + 10
2021-12-11 00:00:00
select round(now(6)) - 10 from dual;
round(now(6)) - 10
2021-11-21 00:00:00
select * from test where round(c1) <> c1;
c1
select * from test where round(sysdate) = c1;
c1
2021-12-01 00:00:00
select * from test where round(sysdate) < c1;
c1
2021-12-02 00:00:00
select * from test where round(sysdate) > c1;
c1
2021-11-30 00:00:00
select * from test where round(sysdate) <> c1;
c1
2021-11-30 00:00:00
2021-12-02 00:00:00
select * from test where round(sysdate+1) = c1;
c1
2021-12-02 00:00:00
select * from test where round(sysdate+1) > c1;
c1
2021-11-30 00:00:00
2021-12-01 00:00:00
select * from test where round(sysdate+1) <> c1;
c1
2021-11-30 00:00:00
2021-12-01 00:00:00
select * from test where round(sysdate-1) = c1;
c1
2021-11-30 00:00:00
select * from test where round(sysdate-1) > c1;
c1
select * from test where round(sysdate-1) <> c1;
c1
2021-12-01 00:00:00
2021-12-02 00:00:00
select * from test where c1 = round(sysdate);
c1
2021-12-01 00:00:00
select * from test where c1 > round(sysdate);
c1
2021-12-02 00:00:00
select * from test where c1 < round(sysdate);
c1
2021-11-30 00:00:00
select * from test where c1 <> round(sysdate);
c1
2021-11-30 00:00:00
2021-12-02 00:00:00
create table t1(userid int, login_time datetime);
create table t2(id int, name datetime);
insert into t1 values (1, round(sysdate));
insert into t1 values (2, round(sysdate+1));
insert into t1 values (3, round(sysdate)+2);
insert into t2 values (1, round(sysdate)+3);
select * from (select * from t1,t2 where t1.userid = t2.id) where round(login_time)>'1000-12-02';
userid	login_time	id	name
1	2021-12-01 00:00:00	1	2021-12-04 00:00:00
select * from (select * from t1 union select * from t2) as t where round(t.login_time)>'1000-12-02';
userid	login_time
1	2021-12-01 00:00:00
2	2021-12-02 00:00:00
3	2021-12-03 00:00:00
1	2021-12-04 00:00:00
select userid, login_time from t1
where userid in (
select id from t2
where  round(t1.login_time) = '2021-12-02'
);
userid	login_time
update t1 set login_time=round(sysdate+10,'DD')
where userid = 1;
update t1 set login_time=round(sysdate-10,'DD')
where userid = 2;
select userid, login_time from t1;
userid	login_time
1	2021-12-11 00:00:00
2	2021-11-21 00:00:00
3	2021-12-03 00:00:00
drop table t1, t2;
set sql_mode=default;
select * from test where round(c1) <> c1;
c1
select * from test where round(now()) = c1;
c1
select * from test where round(now()) < c1;
c1
2021-12-02 00:00:00
select * from test where round(now()) > c1;
c1
2021-11-30 00:00:00
2021-12-01 00:00:00
select * from test where round(now()) <> c1;
c1
2021-11-30 00:00:00
2021-12-01 00:00:00
2021-12-02 00:00:00
select * from test where round(now());
c1
2021-11-30 00:00:00
2021-12-01 00:00:00
2021-12-02 00:00:00
select round(now()) + 0 from dual;
round(now()) + 0
20211201050000
select round(now()) + interval 1 day from dual;
round(now()) + interval 1 day
2021-12-02 05:00:00
drop table test;
set sql_mode=oracle;
select round(to_date('2023-04-03 22:34:56','yyyy-mm-dd hh24:mi:ss'),'w') as round_w_date from dual;
round_w_date
2023-04-01 00:00:00
select round(to_date('2023-04-04 22:34:56','yyyy-mm-dd hh24:mi:ss'),'w') as round_w_date from dual;
round_w_date
2023-04-08 00:00:00
select round(to_date('2023-04-08 22:34:56','yyyy-mm-dd hh24:mi:ss'),'w') as round_w_date from dual;
round_w_date
2023-04-08 00:00:00
select round(to_date('2023-04-09 22:34:56','yyyy-mm-dd hh24:mi:ss'),'w') as round_w_date from dual;
round_w_date
2023-04-08 00:00:00
select to_char(round(to_date('2023-01-03 22:34:56','yyyy-mm-dd hh24:mi:ss'),'w'),'d') as weekday from dual;
weekday
1
select to_char(round(to_date('2023-05-08 22:34:56','yyyy-mm-dd hh24:mi:ss'),'w'),'d') as weekday from dual;
weekday
2
select to_char(round(to_date('2023-08-08 22:34:56','yyyy-mm-dd hh24:mi:ss'),'w'),'d') as weekday from dual;
weekday
3
select to_char(round(to_date('2023-02-08 22:34:56','yyyy-mm-dd hh24:mi:ss'),'w'),'d') as weekday from dual;
weekday
4
select to_char(round(to_date('2023-06-08 22:34:56','yyyy-mm-dd hh24:mi:ss'),'w'),'d') as weekday from dual;
weekday
5
select to_char(round(to_date('2023-09-08 22:34:56','yyyy-mm-dd hh24:mi:ss'),'w'),'d') as weekday from dual;
weekday
6
select to_char(round(to_date('2023-04-08 22:34:56','yyyy-mm-dd hh24:mi:ss'),'w'),'d') as weekday from dual;
weekday
7
select round(to_date('2023-01-03 22:34:56','yyyy-mm-dd hh24:mi:ss'),'w') as round_w_date from dual;
round_w_date
2023-01-01 00:00:00
select round(to_date('2023-05-08 22:34:56','yyyy-mm-dd hh24:mi:ss'),'w') as round_w_date from dual;
round_w_date
2023-05-08 00:00:00
select round(to_date('2023-08-08 22:34:56','yyyy-mm-dd hh24:mi:ss'),'w') as round_w_date from dual;
round_w_date
2023-08-08 00:00:00
select round(to_date('2023-02-08 22:34:56','yyyy-mm-dd hh24:mi:ss'),'w') as round_w_date from dual;
round_w_date
2023-02-08 00:00:00
select round(to_date('2023-06-08 22:34:56','yyyy-mm-dd hh24:mi:ss'),'w') as round_w_date from dual;
round_w_date
2023-06-08 00:00:00
select round(to_date('2021-09-08 22:34:56','yyyy-mm-dd hh24:mi:ss'),'w') as round_w_date from dual;
round_w_date
2021-09-08 00:00:00
select round(to_date('2020-04-08 22:34:56','yyyy-mm-dd hh24:mi:ss'),'w') as round_w_date from dual;
round_w_date
2020-04-08 00:00:00
select round(to_date('2010-01-01 22:34:56','yyyy-mm-dd hh24:mi:ss'),'iy') as round_iy_date from dual;
round_iy_date
2008-12-29 00:00:00
select round(to_date('1977-01-01 22:34:56','yyyy-mm-dd hh24:mi:ss'),'iy') as round_iy_date from dual;
round_iy_date
1975-12-29 00:00:00
select round(to_date('2017-01-01 22:34:56','yyyy-mm-dd hh24:mi:ss'),'iy') as round_iy_date from dual;
round_iy_date
2016-01-04 00:00:00
select round(to_date('2018-04-08 22:34:56','yyyy-mm-dd hh24:mi:ss'),'iy') as round_iy_date from dual;
round_iy_date
2018-01-01 00:00:00
select round(to_date('2019-04-08 22:34:56','yyyy-mm-dd hh24:mi:ss'),'iy') as round_iy_date from dual;
round_iy_date
2018-12-31 00:00:00
select round(to_date('2020-04-08 22:34:56','yyyy-mm-dd hh24:mi:ss'),'iy') as round_iy_date from dual;
round_iy_date
2019-12-30 00:00:00
select round(to_date('2015-04-08 22:34:56','yyyy-mm-dd hh24:mi:ss'),'iy') as round_iy_date from dual;
round_iy_date
2014-12-29 00:00:00
select round(to_date('2021-04-08 22:34:56','yyyy-mm-dd hh24:mi:ss'),'iy') as round_iy_date from dual;
round_iy_date
2021-01-04 00:00:00
select round(to_date('2022-04-08 22:34:56','yyyy-mm-dd hh24:mi:ss'),'iy') as round_iy_date from dual;
round_iy_date
2022-01-03 00:00:00
select round(to_date('2022-12-29 22:34:56','yyyy-mm-dd hh24:mi:ss'),'iy') as round_iy_date from dual;
round_iy_date
2023-01-02 00:00:00
select round(to_date('2022-12-30 22:34:56','yyyy-mm-dd hh24:mi:ss'),'iy') as round_iy_date from dual;
round_iy_date
2023-01-02 00:00:00
select round(to_date('2022-12-31 22:34:56','yyyy-mm-dd hh24:mi:ss'),'iy') as round_iy_date from dual;
round_iy_date
2023-01-02 00:00:00
select round(to_date('2023-01-01 22:34:56','yyyy-mm-dd hh24:mi:ss'),'iy') as round_iy_date from dual;
round_iy_date
2022-01-03 00:00:00
select round(to_date('2023-01-02 22:34:56','yyyy-mm-dd hh24:mi:ss'),'iy') as round_iy_date from dual;
round_iy_date
2023-01-02 00:00:00
select round(to_date('2023-01-03 22:34:56','yyyy-mm-dd hh24:mi:ss'),'iy') as round_iy_date from dual;
round_iy_date
2023-01-02 00:00:00
select round(to_date('2023-01-04 22:34:56','yyyy-mm-dd hh24:mi:ss'),'iy') as round_iy_date from dual;
round_iy_date
2023-01-02 00:00:00
select round(to_date('1900-01-01 22:34:56','yyyy-mm-dd hh24:mi:ss'),'iy') as round_iy_date from dual;
round_iy_date
1900-01-01 00:00:00
select round(to_date('2023-12-20 01','YYYY-MM-DD ss'),'ww') as trunc_date from dual;
trunc_date
2023-12-17 00:00:00
select round(to_date('2019-12-20 01','YYYY-MM-DD ss'),'ww') as trunc_date from dual;
trunc_date
2019-12-17 00:00:00
select round(to_date('2019-12-21 01','YYYY-MM-DD ss'),'ww') as trunc_date from dual;
trunc_date
2019-12-24 00:00:00
select round(to_date('2019-12-18 01','YYYY-MM-DD ss'),'w') as trunc_date from dual;
trunc_date
2019-12-15 00:00:00
select round(to_date('2019-12-19 01','YYYY-MM-DD ss'),'w') as trunc_date from dual;
trunc_date
2019-12-22 00:00:00
select round(to_date('2019-12-20 01','YYYY-MM-DD ss'),'w') as trunc_date from dual;
trunc_date
2019-12-22 00:00:00
select round(date('1582-10-15'),'iy') as round_date from dual;
round_date
1583-01-03 00:00:00
select round(date('1582-10-15'),'iw') as round_date from dual;
round_date
1582-10-18 00:00:00
select round(date('1582-10-15'),'ww') as round_date from dual;
round_date
1582-10-15 00:00:00
select round(date('1582-10-15'),'w')  as round_date from dual;
round_date
1582-10-15 00:00:00
select round(date('1582-10-05'),'iy') as round_date from dual;
round_date
1583-01-03 00:00:00
select round(date('1582-10-05'),'iw') as round_date from dual;
round_date
1582-10-18 00:00:00
select round(date('1582-10-05'),'ww') as round_date from dual;
round_date
1582-10-15 00:00:00
select round(date('1582-10-05'),'w')  as round_date from dual;
round_date
1582-10-15 00:00:00
select round(date('1582-10-04'),'iy') as round_date from dual;
round_date
1583-01-03 00:00:00
select round(date('1582-10-04'),'iw') as round_date from dual;
round_date
1582-10-01 00:00:00
select round(date('1582-10-04'),'ww') as round_date from dual;
round_date
1582-10-15 00:00:00
select round(date('1582-10-04'),'w')  from dual;
round(date('1582-10-04'),'w')
1582-10-15 00:00:00
select round(date('1582-11-08'),'iy') as round_date from dual;
round_date
1583-01-03 00:00:00
select round(date('1582-11-08'),'iw') as round_date from dual;
round_date
1582-11-08 00:00:00
select round(date('1582-11-08'),'ww') as round_date from dual;
round_date
1582-11-05 00:00:00
select round(date('1582-11-08'),'w')  as round_date from dual;
round_date
1582-11-08 00:00:00
select round(to_date('1582-10-03','YYYY-MM-DD'),'day') as trunc_date from dual;
trunc_date
1582-09-30 00:00:00
select round(to_date('1582-10-20','YYYY-MM-DD'),'day') as trunc_date from dual;
trunc_date
1582-10-17 00:00:00
select round(to_date('1582-10-07','YYYY-MM-DD'),'day') as trunc_date from dual;
trunc_date
1582-10-17 00:00:00
select round(date('0001-01-01'),'ww') as round_date from dual;
round_date
0001-01-01 00:00:00
select round(date('0001-01-01'),'w')  as round_date from dual;
round_date
0001-01-01 00:00:00

=== round(date) warnings ===
select round(date('0001-01-01'),'iy') as round_date from dual;
round_date
NULL
Warnings:
Warning	1441	Datetime function: round field overflow
select round(date('0000-01-10'),'iy') as round_date from dual;
round_date
NULL
Warnings:
Warning	1441	Datetime function: round field overflow
select round(date('0000-01-10'),'iw') as round_date from dual;
round_date
NULL
Warnings:
Warning	1441	Datetime function: round field overflow
select round(date('0000-01-10'),'ww') as round_date from dual;
round_date
NULL
Warnings:
Warning	1441	Datetime function: round field overflow
select round(date('0000-01-10'),'w')  as round_date from dual;
round_date
NULL
Warnings:
Warning	1441	Datetime function: round field overflow
select round(date('0000-01-10'),'yy') as round_date from dual;
round_date
NULL
Warnings:
Warning	1441	Datetime function: round field overflow
select round(date('0000-01-10'),'day') as round_date from dual;
round_date
NULL
Warnings:
Warning	1441	Datetime function: round field overflow
select round(date('0000-01-10'),'dd') as round_date from dual;
round_date
NULL
Warnings:
Warning	1441	Datetime function: round field overflow
select round(date('0000-01-10'),'hh') as round_date from dual;
round_date
NULL
Warnings:
Warning	1441	Datetime function: round field overflow
select round(date('0000-01-10'),'mi') as round_date from dual;
round_date
NULL
Warnings:
Warning	1441	Datetime function: round field overflow
test bug#9586
select round(timestamp'2024-05-11 04:06:30',1);
ERROR HY000: Incorrect arguments to round
select round(timestamp'2024-05-11 04:06:30','dddd');
ERROR HY000: Incorrect arguments to round
set timestamp=1681438146;
select now() from dual;
now()
2023-04-14 05:09:06
select round(current_timestamp,'ddd');
round(current_timestamp,'ddd')
2023-04-14 00:00:00
select round(current_timestamp,'year') from dual;
round(current_timestamp,'year')
2023-01-01 00:00:00
select round(current_timestamp,'mm') from dual;
round(current_timestamp,'mm')
2023-04-01 00:00:00
select round(current_timestamp) from dual;
round(current_timestamp)
2023-04-14 00:00:00

=== round(date) error ===
SELECT round('2021-10-12', 1) FROM dual;
ERROR HY000: Incorrect arguments to round
SELECT round('2021', 'dd') FROM dual;
ERROR HY000: Incorrect arguments to round
SELECT round('2021-11-12') FROM dual;
ERROR HY000: Incorrect arguments to round
SELECT round('abc', 0) FROM dual;
ERROR HY000: Incorrect arguments to round
SELECT round(' ', '') FROM dual;
ERROR HY000: Incorrect arguments to round
SELECT round('        ', 1) FROM dual;
ERROR HY000: Incorrect arguments to round
SELECT round (1.234, '   ') FROM dual;
ERROR HY000: Incorrect arguments to round
test bug#9585
select round(to_date('2024-03-27 11:30:30','yyyy-mm-dd HH24:MI:SS'), 'day') from dual;
round(to_date('2024-03-27 11:30:30','yyyy-mm-dd HH24:MI:SS'), 'day')
2024-03-24 00:00:00
select round(to_date('2024-03-27 12:30:30','yyyy-mm-dd HH24:MI:SS'), 'day') from dual;
round(to_date('2024-03-27 12:30:30','yyyy-mm-dd HH24:MI:SS'), 'day')
2024-03-31 00:00:00
test bug#10095
select round(to_date('2024-06-27 11:26:43','yyyy-mm-dd HH24:MI:SS'), 'ww') from dual;
round(to_date('2024-06-27 11:26:43','yyyy-mm-dd HH24:MI:SS'), 'ww')
2024-06-24 00:00:00
select round(to_date('2024-06-27 12:26:43','yyyy-mm-dd HH24:MI:SS'), 'ww') from dual;
round(to_date('2024-06-27 12:26:43','yyyy-mm-dd HH24:MI:SS'), 'ww')
2024-07-01 00:00:00
select round(to_date('2024-06-27 11:26:43','yyyy-mm-dd HH24:MI:SS'), 'iw') from dual;
round(to_date('2024-06-27 11:26:43','yyyy-mm-dd HH24:MI:SS'), 'iw')
2024-06-24 00:00:00
select round(to_date('2024-06-27 12:26:43','yyyy-mm-dd HH24:MI:SS'), 'iw') from dual;
round(to_date('2024-06-27 12:26:43','yyyy-mm-dd HH24:MI:SS'), 'iw')
2024-07-01 00:00:00
select round(to_date('2024-06-25 11:26:43','yyyy-mm-dd HH24:MI:SS'), 'w') from dual;
round(to_date('2024-06-25 11:26:43','yyyy-mm-dd HH24:MI:SS'), 'w')
2024-06-22 00:00:00
select round(to_date('2024-06-25 12:26:43','yyyy-mm-dd HH24:MI:SS'), 'w') from dual;
round(to_date('2024-06-25 12:26:43','yyyy-mm-dd HH24:MI:SS'), 'w')
2024-06-29 00:00:00
