create table t1(c1 double, c2 varchar(80), c3 int, c4 decimal, c5 int);
insert into t1 values(100.4, '100.4', 100.4, 100, 1);
insert into t1 values(100.5, '100.5', 100.5, 100, 1);
insert into t1 values(1.2346E+10,'1.2346E+10', 123, 123, 123);
insert into t1 values(null, null, null, null, null);
insert into t1 values(null, null, null, null, 1);
insert into t1 values(null, '', null, null, 0);
set sql_mode=oracle;

ROUND(number) under ORACLE mode:
select round(296625000/power(10,4)) from dual;
round(296625000/power(10,4))
29663
select round(c1, c5) from t1;
round(c1, c5)
100.4
100.5
12346000000
NULL
NULL
NULL
select round(c2, c5) from t1;
round(c2, c5)
100.4
100.5
12346000000
NULL
NULL
NULL
select round(c3, c5) from t1;
round(c3, c5)
100
101
123
NULL
NULL
NULL
select round(c4, c5) from t1;
round(c4, c5)
100
100
123
NULL
NULL
NULL
select round(c1, c2) from t1;
round(c1, c2)
100.4
100.5
0
NULL
NULL
NULL
select round(1.234, 1.3) from dual;
round(1.234, 1.3)
1.2
select round(1.234, 1.5) from dual;
round(1.234, 1.5)
1.2
SELECT ROUND(2.5), ROUND(25E-1) FROM dual;
ROUND(2.5)	ROUND(25E-1)
3	3
SELECT round(to_number('1.66e-10','9.99EEEE'),20) FROM dual;
round(to_number('1.66e-10','9.99EEEE'),20)
0.000000000166
TODO:correct the result
SELECT ROUND(25E-50,25E+10) FROM dual;
ROUND(25E-50,25E+10)
2.5e-49
select ROUND(25E+10,25E+10) FROM dual;
ROUND(25E+10,25E+10)
250000000000
select round(1.2346E+10,1.2346E+10) from dual;
round(1.2346E+10,1.2346E+10)
0
select round(1.2346E+10,'1.2346E+10') from dual;
round(1.2346E+10,'1.2346E+10')
0
select ROUND(2512345E+100,-25000000000) FROM dual;
ROUND(2512345E+100,-25000000000)
0
Warnings:
Warning	1292	Truncated incorrect DECIMAL value: '2.512345'
select ROUND(2512345E+100,25000000000) FROM dual;
ROUND(2512345E+100,25000000000)
2.512345e106
Warnings:
Warning	1292	Truncated incorrect DECIMAL value: '2.512345'
SELECT round(to_number('1.66e-10','9.99EEEE'),10) FROM dual;
round(to_number('1.66e-10','9.99EEEE'),10)
0.0000000002
SELECT round(to_number('1.66e-10','9.99EEEE'),11) FROM dual;
round(to_number('1.66e-10','9.99EEEE'),11)
0.00000000017
set sql_mode=default;

ROUND(number) under DEFAULT mode:
select round(296625000/power(10,4)) from dual;
round(296625000/power(10,4))
29662
select round(c1, c5) from t1;
round(c1, c5)
100.4
100.5
12345999999.999998
NULL
NULL
NULL
select round(c2, c5) from t1;
round(c2, c5)
100.4
100.5
12345999999.999998
NULL
NULL
0
select round(c3, c5) from t1;
round(c3, c5)
100
101
123
NULL
NULL
NULL
select round(c4, c5) from t1;
round(c4, c5)
100
100
123
NULL
NULL
NULL
select round(1.234, 1.3) from dual;
round(1.234, 1.3)
1.2
select round(1.234, 1.5) from dual;
round(1.234, 1.5)
1.23
SELECT ROUND(2.5), ROUND(25E-1) FROM dual;
ROUND(2.5)	ROUND(25E-1)
3	2
drop table t1;
