DROP TABLE IF EXISTS t1;
DROP PROCEDURE IF EXISTS p1;
create table t1 (id int,a char(10),b char(10));
insert into t1 values (1,'しa','树开');
insert into t1 values (2,'しa','''.');
set sql_mode='';
select rpad(a,1) from t1;
ERROR 42000: Incorrect parameter count in the call to native function 'rpad'
select rpad(a,0,b) from t1;
rpad(a,0,b)


select rpad(a,2,b) from t1;
rpad(a,2,b)
しa
しa
select rpad(a,3,b) from t1;
rpad(a,3,b)
しa树
しa'
select rpad(a,4,b) from t1;
rpad(a,4,b)
しa树开
しa'.
select rpad(a,5,b) from t1;
rpad(a,5,b)
しa树开树
しa'.'
select rpad(a,6,b) from t1;
rpad(a,6,b)
しa树开树开
しa'.'.
select rpad(a,7,b) from t1;
rpad(a,7,b)
しa树开树开树
しa'.'.'
select rpad(a,8,b) from t1;
rpad(a,8,b)
しa树开树开树开
しa'.'.'.
select rpad_oracle(a,0) from t1;
rpad_oracle(a,0)
NULL
NULL
select rpad_oracle(a,1) from t1;
rpad_oracle(a,1)
 
 
select rpad_oracle(a,2,b) from t1;
rpad_oracle(a,2,b)
し
し
select rpad_oracle(a,3,b) from t1;
rpad_oracle(a,3,b)
しa
しa
select rpad_oracle(a,4,b) from t1;
rpad_oracle(a,4,b)
しa 
しa'
select rpad_oracle(a,5,b) from t1;
rpad_oracle(a,5,b)
しa树
しa'.
select rpad_oracle(a,6,b) from t1;
rpad_oracle(a,6,b)
しa树 
しa'.'
select rpad_oracle(a,7,b) from t1;
rpad_oracle(a,7,b)
しa树开
しa'.'.
select rpad_oracle(a,8,b) from t1;
rpad_oracle(a,8,b)
しa树开 
しa'.'.'
set sql_mode='oracle';
select rpad(a,0) from t1;
rpad(a,0)
NULL
NULL
select rpad(a,1) from t1;
rpad(a,1)
 
 
select rpad(a,2,b) from t1;
rpad(a,2,b)
し
し
select rpad(a,3,b) from t1;
rpad(a,3,b)
しa
しa
select rpad(a,4,b) from t1;
rpad(a,4,b)
しa 
しa'
select rpad(a,5,b) from t1;
rpad(a,5,b)
しa树
しa'.
select rpad(a,6,b) from t1;
rpad(a,6,b)
しa树 
しa'.'
select rpad(a,7,b) from t1;
rpad(a,7,b)
しa树开
しa'.'.
select rpad(a,8,b) from t1;
rpad(a,8,b)
しa树开 
しa'.'.'
drop table t1;
set sql_mode='';
select rpad('しa長',5);
ERROR 42000: Incorrect parameter count in the call to native function 'rpad'
select rpad('しa長',4,'.');
rpad('しa長',4,'.')
しa長.
select rpad('しa長',6,'树');
rpad('しa長',6,'树')
しa長树树树
select rpad('万a',6,'树开');
rpad('万a',6,'树开')
万a树开树开
select rpad('しa長',7,'树');
rpad('しa長',7,'树')
しa長树树树树
select rpad('しa長',9,'树a');
rpad('しa長',9,'树a')
しa長树a树a树a
select rpad_oracle('1234', 12, null);
rpad_oracle('1234', 12, null)
NULL
select rpad_oracle('1234', 12);
rpad_oracle('1234', 12)
1234        
set sql_mode='oracle';
select rpad('しa長',4);
rpad('しa長',4)
しa 
select rpad('しa長',5);
rpad('しa長',5)
しa長
select rpad('しa長',4,'.');
rpad('しa長',4,'.')
しa 
select rpad('しa長',6,'.');
rpad('しa長',6,'.')
しa長.
select rpad('しa長',6,'树');
rpad('しa長',6,'树')
しa長 
select rpad('万a',6,'树开');
rpad('万a',6,'树开')
万a树 
select rpad('しa長',7,'树');
rpad('しa長',7,'树')
しa長树
select rpad('しa長',9,'树a');
rpad('しa長',9,'树a')
しa長树a 
set sql_mode='';
CREATE PROCEDURE p1(a varchar(255),c int,b varchar(255))
SET @query = rpad(a,c,b);
CALL p1('万里',10,'开源.');
SELECT @query;
@query
万里开源.开源.开源
DROP PROCEDURE p1;
set sql_mode='oracle';
CREATE PROCEDURE p1(a varchar(255),c int,b varchar(255)) as
begin
SET @query = rpad(a,c,b);
END//
CALL p1('万里',10,'开源.');
SELECT @query;
@query
万里开源. 
DROP PROCEDURE p1;
