SET innodb_lock_wait_timeout=50;
SET sql_mode=ORACLE;
CREATE TABLE t1(c1 int, c2 CHAR(10),PRIMARY KEY (c1));
INSERT INTO t1 VALUES (10, 'aa'), (12, null), (15, 'ccc');
CREATE TABLE t2 (c1 int, c2 CHAR(10),PRIMARY KEY (c1));
INSERT INTO t2 VALUES (10, 't2'), (11, 'c 1'), (12, null), (16, 'null c1');
#
# test of table
#
start transaction;
select * from t1 where c1=10 for update of c1;
c1	c2
10	aa
SET sql_mode=ORACLE;
SHOW VARIABLES LIKE 'innodb_lock_wait_timeout';
Variable_name	Value
innodb_lock_wait_timeout	50
select * from t1 where c1=10 for update of c1 wait 3;
ERROR HY000: Lock wait timeout exceeded; try restarting transaction
select * from (select * from t1 for update) a,t2 where c1=10 for update of a.c1;
ERROR HY000: Column "a"."c1" appears in multiple locking clauses.
SHOW VARIABLES LIKE 'innodb_lock_wait_timeout';
Variable_name	Value
innodb_lock_wait_timeout	50
select * from t1 where c1=12 for update of c1 wait 3;
c1	c2
12	NULL
select * from t1 where c1=12 for update wait 3;
c1	c2
12	NULL
select * from t1 where c1=12 for update wait 31536001;
ERROR HY000: Incorrect arguments to wait n
commit;
#
# test of muiti table
#
start transaction;
select * from t1 a join t2 b on a.c1=b.c1 where a.c1 = 12 for update of a.c1 wait 4;
c1	c2	c1	c2
12	NULL	12	NULL
select * from t1 a join t2 b on a.c1=b.c1 where a.c1 >1 for update of a.c1,b.c1 wait 2;
ERROR HY000: Lock wait timeout exceeded; try restarting transaction
select * from t1 a join t2 b on a.c1=b.c1 where a.c1 >1 for update wait 2;
ERROR HY000: Lock wait timeout exceeded; try restarting transaction
commit;
#
# test of tmp table
#
CREATE TEMPORARY TABLE tmp(c1 int, c2 CHAR(10),PRIMARY KEY (c1));
INSERT INTO tmp VALUES (10, 'aa'), (12, null), (15, 'ccc');
start transaction;
select * from tmp a join t2 b on a.c1=b.c1 where a.c1 = 12 for update of a.c1 wait 3;
c1	c2	c1	c2
12	NULL	12	NULL
commit;
#
# test of view
#
CREATE VIEW v_1 AS SELECT * FROM t1;
start transaction;
select * from v_1 a join t2 b on a.c1=b.c1 where a.c1 = 12 for update of a.c1 nowait;
c1	c2	c1	c2
12	NULL	12	NULL
select * from v_1 a join t2 b on a.c1=b.c1 where a.c1 >1 for update of a.c1,b.c1 wait 6;
ERROR HY000: Lock wait timeout exceeded; try restarting transaction
commit;
#
# test of sp
#
SHOW VARIABLES LIKE 'innodb_lock_wait_timeout';
Variable_name	Value
innodb_lock_wait_timeout	50
CREATE or replace PROCEDURE p1root() AS
id int;
BEGIN
select c1 from t1 where c1=10 into id for update of t1.c1 wait 3;
select id;
select c1 from t1 where c1=12 for update of t1.c1 wait 5 into id;
select id;
END;
//
Warnings:
Warning	3962	The INTO clause is deprecated inside query blocks of query expressions and will be removed in a future release. Please move the INTO clause to the end of statement instead.
SHOW VARIABLES LIKE 'innodb_lock_wait_timeout';
Variable_name	Value
innodb_lock_wait_timeout	50
call p1root();
id
10
id
12
Warnings:
Warning	3962	The INTO clause is deprecated inside query blocks of query expressions and will be removed in a future release. Please move the INTO clause to the end of statement instead.
SHOW VARIABLES LIKE 'innodb_lock_wait_timeout';
Variable_name	Value
innodb_lock_wait_timeout	50
drop PROCEDURE p1root;
#
# test of alter view
#
alter table t1 add c3 int;
start transaction;
select * from t1 a join t2 b on a.c1=b.c1 where a.c1 = 12 for update of a.c1 wait 1;
c1	c2	c3	c1	c2
12	NULL	NULL	12	NULL
select * from t1 a join t2 b on a.c1=b.c1 where a.c1 >1 for update of a.c1,b.c1 wait 1;
ERROR HY000: Lock wait timeout exceeded; try restarting transaction
commit;
drop table t1,t2,tmp;
drop view v_1;
#
# test of bug6388
#
create database AUTOTEST;
use AUTOTEST;
CREATE TABLE "AUTOTEST"."T1" (c1 int, c2 CHAR(10));
INSERT INTO "AUTOTEST"."T1" VALUES (11, 'c 1');
INSERT INTO "AUTOTEST"."T1" VALUES (12, 'c2');
INSERT INTO "AUTOTEST"."T1" VALUES (13, 'null c1');
SELECT * FROM `AUTOTEST`.`T1` WHERE `C1`=11 FOR UPDATE OF  `AUTOTEST`.`t1`.`c1` WAIT 3;
c1	c2
11	c 1
SELECT * FROM `AUTOTEST`.`T1` WHERE `C1`=11 FOR UPDATE OF  `autotest`.`t1`.`c1` WAIT 3;
c1	c2
11	c 1
SELECT * FROM `AUTOTEST`.`T1` WHERE `C1`=11 FOR UPDATE OF  `AUTOTEST`.`T1`.`c1` WAIT 3;
c1	c2
11	c 1
SELECT * FROM `AUTOTEST`.`T1` WHERE `C1`=11 FOR UPDATE OF  `autotest`.`T1`.`c1` WAIT 3;
c1	c2
11	c 1
drop table T1;
drop database AUTOTEST;
# DONE
