SELECT SUBSTR('abc',2,1),SUBSTR('abc',1,1), SUBSTR('abc',0,1) FROM dual;
SUBSTR('abc',2,1)	SUBSTR('abc',1,1)	SUBSTR('abc',0,1)
b	a	
SELECT SUBSTR('abc',2),SUBSTR('abc',1), SUBSTR('abc',0) FROM dual;
SUBSTR('abc',2)	SUBSTR('abc',1)	SUBSTR('abc',0)
bc	abc	
SELECT SUBSTR(null,2,1),SUBSTR(null,1), SUBSTR(null,0) FROM dual;
SUBSTR(null,2,1)	SUBSTR(null,1)	SUBSTR(null,0)
NULL	NULL	NULL
SELECT SUBSTR('abc',-2),SUBSTR('abc',-1), SUBSTR('abc',-0) FROM dual;
SUBSTR('abc',-2)	SUBSTR('abc',-1)	SUBSTR('abc',-0)
bc	c	
SELECT SUBSTR('abc',-2,1),SUBSTR('abc',-1,1), SUBSTR('abc',-0,1) FROM dual;
SUBSTR('abc',-2,1)	SUBSTR('abc',-1,1)	SUBSTR('abc',-0,1)
b	c	
SELECT SUBSTR('abc',null) FROM dual;
SUBSTR('abc',null)
NULL
SELECT SUBSTR('abc',2,null),SUBSTR('abc',1,null), SUBSTR('abc',0,null) FROM dual;
SUBSTR('abc',2,null)	SUBSTR('abc',1,null)	SUBSTR('abc',0,null)
NULL	NULL	NULL
SELECT SUBSTR('abc',2,0),SUBSTR('abc',1,0), SUBSTR('abc',0,0) FROM dual;
SUBSTR('abc',2,0)	SUBSTR('abc',1,0)	SUBSTR('abc',0,0)
		
SELECT SUBSTR('abc',2,-1),SUBSTR('abc',1,-1), SUBSTR('abc',0,-1) FROM dual;
SUBSTR('abc',2,-1)	SUBSTR('abc',1,-1)	SUBSTR('abc',0,-1)
		
select SUBSTR('\0ABC', 3, 2),SUBSTR('\'ABC', 3, 2),SUBSTR('\"ABC', 3, 2),SUBSTR('\\ABC', 3, 2) from dual;
SUBSTR('\0ABC', 3, 2)	SUBSTR('\'ABC', 3, 2)	SUBSTR('\"ABC', 3, 2)	SUBSTR('\\ABC', 3, 2)
BC	BC	BC	BC
select SUBSTR('\bABC', 3, 2),SUBSTR('\BABC', 3, 2) from dual;
SUBSTR('\bABC', 3, 2)	SUBSTR('\BABC', 3, 2)
BC	BC
select SUBSTR('\nABC', 3, 2),SUBSTR('\NABC', 3, 2) from dual;
SUBSTR('\nABC', 3, 2)	SUBSTR('\NABC', 3, 2)
BC	BC
select SUBSTR('\rABC', 3, 2),SUBSTR('\RABC', 3, 2) from dual;
SUBSTR('\rABC', 3, 2)	SUBSTR('\RABC', 3, 2)
BC	BC
select SUBSTR('\tABC', 3, 2),SUBSTR('\TABC', 3, 2) from dual;
SUBSTR('\tABC', 3, 2)	SUBSTR('\TABC', 3, 2)
BC	BC
select SUBSTR('\zABC', 3, 2),SUBSTR('\ZABC', 3, 2) from dual;
SUBSTR('\zABC', 3, 2)	SUBSTR('\ZABC', 3, 2)
BC	BC
SELECT SUBSTR('中国人',2,1),SUBSTR('中国人',1,1), SUBSTR('中国人',0,1) FROM dual;
SUBSTR('中国人',2,1)	SUBSTR('中国人',1,1)	SUBSTR('中国人',0,1)
国	中	
SELECT SUBSTR('中国人',2),SUBSTR('中国人',1), SUBSTR('中国人',0) FROM dual;
SUBSTR('中国人',2)	SUBSTR('中国人',1)	SUBSTR('中国人',0)
国人	中国人	
SELECT SUBSTR('中国人',-2),SUBSTR('中国人',-1), SUBSTR('中国人',-0) FROM dual;
SUBSTR('中国人',-2)	SUBSTR('中国人',-1)	SUBSTR('中国人',-0)
国人	人	
SELECT SUBSTR('中国人',-2,1),SUBSTR('中国人',-1,1), SUBSTR('中国人',-0,1) FROM dual;
SUBSTR('中国人',-2,1)	SUBSTR('中国人',-1,1)	SUBSTR('中国人',-0,1)
国	人	
SELECT SUBSTR('中国人',null) FROM dual;
SUBSTR('中国人',null)
NULL
SELECT SUBSTR('中国人',2,null),SUBSTR('中国人',1,null), SUBSTR('中国人',0,null) FROM dual;
SUBSTR('中国人',2,null)	SUBSTR('中国人',1,null)	SUBSTR('中国人',0,null)
NULL	NULL	NULL
SELECT SUBSTR('中国人',2,0),SUBSTR('中国人',1,0), SUBSTR('中国人',0,0) FROM dual;
SUBSTR('中国人',2,0)	SUBSTR('中国人',1,0)	SUBSTR('中国人',0,0)
		
SELECT SUBSTR('中国人',2,-1),SUBSTR('中国人',1,-1), SUBSTR('中国人',0,-1) FROM dual;
SUBSTR('中国人',2,-1)	SUBSTR('中国人',1,-1)	SUBSTR('中国人',0,-1)
		
SELECT SUBSTR('中A国B人C',2,1),SUBSTR('中A国B人C',1,1), SUBSTR('中A国B人C',0,1) FROM dual;
SUBSTR('中A国B人C',2,1)	SUBSTR('中A国B人C',1,1)	SUBSTR('中A国B人C',0,1)
A	中	
SELECT SUBSTR('中A国B人C',2),SUBSTR('中A国B人C',1), SUBSTR('中A国B人C',0) FROM dual;
SUBSTR('中A国B人C',2)	SUBSTR('中A国B人C',1)	SUBSTR('中A国B人C',0)
A国B人C	中A国B人C	
SELECT SUBSTR('中A国B人C',-2),SUBSTR('中A国B人C',-1), SUBSTR('中A国B人C',-0) FROM dual;
SUBSTR('中A国B人C',-2)	SUBSTR('中A国B人C',-1)	SUBSTR('中A国B人C',-0)
人C	C	
SELECT SUBSTR('中A国B人C',-2,1),SUBSTR('中A国B人C',-1,1), SUBSTR('中A国B人C',-0,1) FROM dual;
SUBSTR('中A国B人C',-2,1)	SUBSTR('中A国B人C',-1,1)	SUBSTR('中A国B人C',-0,1)
人	C	
SELECT SUBSTR('中A国B人C',null) FROM dual;
SUBSTR('中A国B人C',null)
NULL
SELECT SUBSTR('中A国B人C',2,null),SUBSTR('中A国B人C',1,null), SUBSTR('中A国B人C',0,null) FROM dual;
SUBSTR('中A国B人C',2,null)	SUBSTR('中A国B人C',1,null)	SUBSTR('中A国B人C',0,null)
NULL	NULL	NULL
SELECT SUBSTR('中A国B人C',2,0),SUBSTR('中A国B人C',1,0), SUBSTR('中A国B人C',0,0) FROM dual;
SUBSTR('中A国B人C',2,0)	SUBSTR('中A国B人C',1,0)	SUBSTR('中A国B人C',0,0)
		
SELECT SUBSTR('中A国B人C',2,-1),SUBSTR('中A国B人C',1,-1), SUBSTR('中A国B人C',0,-1) FROM dual;
SUBSTR('中A国B人C',2,-1)	SUBSTR('中A国B人C',1,-1)	SUBSTR('中A国B人C',0,-1)
		
SELECT SUBSTR('A中B国C人',2,1),SUBSTR('A中B国C人',1,1), SUBSTR('A中B国C人',0,1) FROM dual;
SUBSTR('A中B国C人',2,1)	SUBSTR('A中B国C人',1,1)	SUBSTR('A中B国C人',0,1)
中	A	
SELECT SUBSTR('A中B国C人',2),SUBSTR('A中B国C人',1), SUBSTR('A中B国C人',0) FROM dual;
SUBSTR('A中B国C人',2)	SUBSTR('A中B国C人',1)	SUBSTR('A中B国C人',0)
中B国C人	A中B国C人	
SELECT SUBSTR('A中B国C人',-2),SUBSTR('A中B国C人',-1), SUBSTR('A中B国C人',-0) FROM dual;
SUBSTR('A中B国C人',-2)	SUBSTR('A中B国C人',-1)	SUBSTR('A中B国C人',-0)
C人	人	
SELECT SUBSTR('A中B国C人',-2,1),SUBSTR('A中B国C人',-1,1), SUBSTR('A中B国C人',-0,1) FROM dual;
SUBSTR('A中B国C人',-2,1)	SUBSTR('A中B国C人',-1,1)	SUBSTR('A中B国C人',-0,1)
C	人	
SELECT SUBSTR('A中B国C人',null) FROM dual;
SUBSTR('A中B国C人',null)
NULL
SELECT SUBSTR('A中B国C人',2,null),SUBSTR('A中B国C人',1,null), SUBSTR('A中B国C人',0,null) FROM dual;
SUBSTR('A中B国C人',2,null)	SUBSTR('A中B国C人',1,null)	SUBSTR('A中B国C人',0,null)
NULL	NULL	NULL
SELECT SUBSTR('A中B国C人',2,0),SUBSTR('A中B国C人',1,0), SUBSTR('A中B国C人',0,0) FROM dual;
SUBSTR('A中B国C人',2,0)	SUBSTR('A中B国C人',1,0)	SUBSTR('A中B国C人',0,0)
		
SELECT SUBSTR('A中B国C人',2,-1),SUBSTR('A中B国C人',1,-1), SUBSTR('A中B国C人',0,-1) FROM dual;
SUBSTR('A中B国C人',2,-1)	SUBSTR('A中B国C人',1,-1)	SUBSTR('A中B国C人',0,-1)
		
SELECT SUBSTR('A中B国C人',1000,-1),SUBSTR('A中B国C人',-100,10000) FROM dual;
SUBSTR('A中B国C人',1000,-1)	SUBSTR('A中B国C人',-100,10000)
	
DROP TABLE IF EXISTS `test_substr`;
CREATE TABLE `test_substr` (`c1` VARCHAR(10), `start_pos` INTEGER, `str_length` INTEGER);
INSERT INTO test_substr VALUES ('abc', 1, 1);
INSERT INTO test_substr VALUES ('abc', 0, 1);
INSERT INTO test_substr VALUES (null, 1, 1);
INSERT INTO test_substr VALUES (null, 0, 1);
INSERT INTO test_substr VALUES ('abc', 1, 0);
INSERT INTO test_substr VALUES ('abc', 0, 0);
INSERT INTO test_substr VALUES (null, 1, 0);
INSERT INTO test_substr VALUES (null, 0, 0);
INSERT INTO test_substr VALUES ('abc', 1, -1);
INSERT INTO test_substr VALUES ('abc', 0, -1);
INSERT INTO test_substr VALUES (null, 1, -1);
INSERT INTO test_substr VALUES (null, 0, -1);
INSERT INTO test_substr VALUES ('中国人', 1, 1);
INSERT INTO test_substr VALUES ('中国人', 0, 1);
INSERT INTO test_substr VALUES ('中国人', 1, 0);
INSERT INTO test_substr VALUES ('中国人', 0, 0);
INSERT INTO test_substr VALUES ('中国人', 1, -1);
INSERT INTO test_substr VALUES ('中国人', 0, -1);
INSERT INTO test_substr VALUES ('中A国B人C', 1, 1);
INSERT INTO test_substr VALUES ('中A国B人C', 0, 1);
INSERT INTO test_substr VALUES ('中A国B人C', 1, 0);
INSERT INTO test_substr VALUES ('中A国B人C', 0, 0);
INSERT INTO test_substr VALUES ('中A国B人C', 1, -1);
INSERT INTO test_substr VALUES ('中A国B人C', 0, -1);
INSERT INTO test_substr VALUES ('A中B国C人', 1, 1);
INSERT INTO test_substr VALUES ('A中B国C人', 0, 1);
INSERT INTO test_substr VALUES ('A中B国C人', 1, 0);
INSERT INTO test_substr VALUES ('A中B国C人', 0, 0);
INSERT INTO test_substr VALUES ('A中B国C人', 1, -1);
INSERT INTO test_substr VALUES ('A中B国C人', 0, -1);
SELECT SUBSTR(c1,start_pos,str_length) FROM test_substr;
SUBSTR(c1,start_pos,str_length)
a

NULL
NULL


NULL
NULL


NULL
NULL
中





中





A





drop table if exists test_substr;
select substr(to_char('GreatDB数据库'), 2, 2) from dual;
substr(to_char('GreatDB数据库'), 2, 2)
re
select substr(to_char('GreatDB数据库'), 2, 2.5) from dual;
substr(to_char('GreatDB数据库'), 2, 2.5)
rea
select substr(to_char('GreatDB数据库'), 2, 3) from dual;
substr(to_char('GreatDB数据库'), 2, 3)
rea
select substr(to_char('GreatDB数据库'), 2, 6) from dual;
substr(to_char('GreatDB数据库'), 2, 6)
reatDB
select substr(to_char('GreatDB数据库'), 2.1, 6) from dual;
substr(to_char('GreatDB数据库'), 2.1, 6)
reatDB
select substr(to_char('GreatDB数据库'), 2.5, 6) from dual;
substr(to_char('GreatDB数据库'), 2.5, 6)
eatDB数
set @a = substr(to_char('GreatSQL Database'), 2, 5);
select substr(to_char('GreatSQL Database'), 2, 5) from dual;
substr(to_char('GreatSQL Database'), 2, 5)
reatS
select substr(to_char('GreatSQL Database'), 2, 5)=@a from dual;
substr(to_char('GreatSQL Database'), 2, 5)=@a
1
select substr(to_char('GreatSQL Database'), 2.1, 5)=@a from dual;
substr(to_char('GreatSQL Database'), 2.1, 5)=@a
1
select substr(to_char('GreatSQL Database'), 2.5, 5)=@a from dual;
substr(to_char('GreatSQL Database'), 2.5, 5)=@a
0
select substr(to_char('GreatSQL Database'), 2.1, 5.1)=@a from dual;
substr(to_char('GreatSQL Database'), 2.1, 5.1)=@a
1
select substr(to_char('GreatSQL Database'), 2.1, 5.5)=@a from dual;
substr(to_char('GreatSQL Database'), 2.1, 5.5)=@a
0
select substr(to_char('GreatSQL Database'), 2.5, 5.1)=@a from dual;
substr(to_char('GreatSQL Database'), 2.5, 5.1)=@a
0
select substr(to_char('GreatSQL Database'), 2.5, 5.5)=@a from dual;
substr(to_char('GreatSQL Database'), 2.5, 5.5)=@a
0
create table t1 (i int, n number(10,5), d binary_double);
insert into t1 values (2.4, 2.4, 3.4);
insert into t1 values (-2.4, -2.4, -3.4);
insert into t1 values (4.5, 4.5, 6.5);
insert into t1 values (-4.5, -4.5, -6.5);
select i,n,d,
substr('GreatSQL Database', i, 5),
substr('GreatSQL Database', n, 5),
substr('GreatSQL Database', d, 5) from t1;
i	n	d	substr('GreatSQL Database', i, 5)	substr('GreatSQL Database', n, 5)	substr('GreatSQL Database', d, 5)
2	2.40000	3.4	reatS	reatS	eatSQ
-2	-2.40000	-3.4	se	se	ase
5	4.50000	6.5	tSQL 	tSQL 	SQL D
-5	-4.50000	-6.5	abase	abase	tabas
drop table t1;
select substr('GreatSQL Database', 1.999999999999999,5) from dual;
substr('GreatSQL Database', 1.999999999999999,5)
reatS
select 
substr(to_char('GreatDB数据库'), '2', '2') a,
substr(to_char('GreatDB数据库'), '2', '2.5') b,
substr(to_char('GreatDB数据库'), '2', '3') c,
substr(to_char('GreatDB数据库'), '2', '6') d,
substr(to_char('GreatDB数据库'), '2.1', '6') e,
substr(to_char('GreatDB数据库'), '2.5', '6') f
from dual;
a	b	c	d	e	f
re	re	rea	reatDB	reatDB	reatDB
select
substr(to_char('GreatDBABC'), 'a', '2') a,
substr(to_char('GreatDBABC'), '2', 'a') b,
substr(to_char('GreatDBABC'), '2a', '2') c,
substr(to_char('GreatDBABC'), '2', '2a') d,
substr(to_char('GreatDBABC'), '2.1a', '2') e,
substr(to_char('GreatDBABC'), '2', '2.1a') f,
substr(to_char('GreatDBABC'), 'a2.1', '2') g,
substr(to_char('GreatDBABC'), '2', 'a2.1') h
from dual;
a	b	c	d	e	f	g	h
		re	re	re	re		
set sql_mode='oracle';
SELECT SUBSTR('abc',2,1),SUBSTR('abc',1,1), SUBSTR('abc',0,1) FROM dual;
SUBSTR('abc',2,1)	SUBSTR('abc',1,1)	SUBSTR('abc',0,1)
b	a	a
SELECT SUBSTR('abc',2),SUBSTR('abc',1), SUBSTR('abc',0) FROM dual;
SUBSTR('abc',2)	SUBSTR('abc',1)	SUBSTR('abc',0)
bc	abc	abc
SELECT SUBSTR(null,2,1),SUBSTR(null,1), SUBSTR(null,0) FROM dual;
SUBSTR(null,2,1)	SUBSTR(null,1)	SUBSTR(null,0)
NULL	NULL	NULL
SELECT SUBSTR('abc',-2),SUBSTR('abc',-1), SUBSTR('abc',-0) FROM dual;
SUBSTR('abc',-2)	SUBSTR('abc',-1)	SUBSTR('abc',-0)
bc	c	abc
SELECT SUBSTR('abc',-2,1),SUBSTR('abc',-1,1), SUBSTR('abc',-0,1) FROM dual;
SUBSTR('abc',-2,1)	SUBSTR('abc',-1,1)	SUBSTR('abc',-0,1)
b	c	a
SELECT SUBSTR('abc',null) FROM dual;
SUBSTR('abc',null)
NULL
SELECT SUBSTR('abc',2,null),SUBSTR('abc',1,null), SUBSTR('abc',0,null) FROM dual;
SUBSTR('abc',2,null)	SUBSTR('abc',1,null)	SUBSTR('abc',0,null)
NULL	NULL	NULL
SELECT SUBSTR('abc',2,0),SUBSTR('abc',1,0), SUBSTR('abc',0,0) FROM dual;
SUBSTR('abc',2,0)	SUBSTR('abc',1,0)	SUBSTR('abc',0,0)
NULL	NULL	NULL
SELECT SUBSTR('abc',2,-1),SUBSTR('abc',1,-1), SUBSTR('abc',0,-1) FROM dual;
SUBSTR('abc',2,-1)	SUBSTR('abc',1,-1)	SUBSTR('abc',0,-1)
NULL	NULL	NULL
select SUBSTR('\0ABC', 3, 2),SUBSTR('\'ABC', 3, 2),SUBSTR('\"ABC', 3, 2),SUBSTR('\\ABC', 3, 2) from dual;
SUBSTR('\0ABC', 3, 2)	SUBSTR('\'ABC', 3, 2)	SUBSTR('\"ABC', 3, 2)	SUBSTR('\\ABC', 3, 2)
BC	BC	BC	BC
select SUBSTR('\bABC', 3, 2),SUBSTR('\BABC', 3, 2) from dual;
SUBSTR('\bABC', 3, 2)	SUBSTR('\BABC', 3, 2)
BC	BC
select SUBSTR('\nABC', 3, 2),SUBSTR('\NABC', 3, 2) from dual;
SUBSTR('\nABC', 3, 2)	SUBSTR('\NABC', 3, 2)
BC	BC
select SUBSTR('\rABC', 3, 2),SUBSTR('\RABC', 3, 2) from dual;
SUBSTR('\rABC', 3, 2)	SUBSTR('\RABC', 3, 2)
BC	BC
select SUBSTR('\tABC', 3, 2),SUBSTR('\TABC', 3, 2) from dual;
SUBSTR('\tABC', 3, 2)	SUBSTR('\TABC', 3, 2)
BC	BC
select SUBSTR('\zABC', 3, 2),SUBSTR('\ZABC', 3, 2) from dual;
SUBSTR('\zABC', 3, 2)	SUBSTR('\ZABC', 3, 2)
BC	BC
SELECT SUBSTR('中国人',2,1),SUBSTR('中国人',1,1), SUBSTR('中国人',0,1) FROM dual;
SUBSTR('中国人',2,1)	SUBSTR('中国人',1,1)	SUBSTR('中国人',0,1)
国	中	中
SELECT SUBSTR('中国人',2),SUBSTR('中国人',1), SUBSTR('中国人',0) FROM dual;
SUBSTR('中国人',2)	SUBSTR('中国人',1)	SUBSTR('中国人',0)
国人	中国人	中国人
SELECT SUBSTR('中国人',-2),SUBSTR('中国人',-1), SUBSTR('中国人',-0) FROM dual;
SUBSTR('中国人',-2)	SUBSTR('中国人',-1)	SUBSTR('中国人',-0)
国人	人	中国人
SELECT SUBSTR('中国人',-2,1),SUBSTR('中国人',-1,1), SUBSTR('中国人',-0,1) FROM dual;
SUBSTR('中国人',-2,1)	SUBSTR('中国人',-1,1)	SUBSTR('中国人',-0,1)
国	人	中
SELECT SUBSTR('中国人',null) FROM dual;
SUBSTR('中国人',null)
NULL
SELECT SUBSTR('中国人',2,null),SUBSTR('中国人',1,null), SUBSTR('中国人',0,null) FROM dual;
SUBSTR('中国人',2,null)	SUBSTR('中国人',1,null)	SUBSTR('中国人',0,null)
NULL	NULL	NULL
SELECT SUBSTR('中国人',2,0),SUBSTR('中国人',1,0), SUBSTR('中国人',0,0) FROM dual;
SUBSTR('中国人',2,0)	SUBSTR('中国人',1,0)	SUBSTR('中国人',0,0)
NULL	NULL	NULL
SELECT SUBSTR('中国人',2,-1),SUBSTR('中国人',1,-1), SUBSTR('中国人',0,-1) FROM dual;
SUBSTR('中国人',2,-1)	SUBSTR('中国人',1,-1)	SUBSTR('中国人',0,-1)
NULL	NULL	NULL
SELECT SUBSTR('中A国B人C',2,1),SUBSTR('中A国B人C',1,1), SUBSTR('中A国B人C',0,1) FROM dual;
SUBSTR('中A国B人C',2,1)	SUBSTR('中A国B人C',1,1)	SUBSTR('中A国B人C',0,1)
A	中	中
SELECT SUBSTR('中A国B人C',2),SUBSTR('中A国B人C',1), SUBSTR('中A国B人C',0) FROM dual;
SUBSTR('中A国B人C',2)	SUBSTR('中A国B人C',1)	SUBSTR('中A国B人C',0)
A国B人C	中A国B人C	中A国B人C
SELECT SUBSTR('中A国B人C',-2),SUBSTR('中A国B人C',-1), SUBSTR('中A国B人C',-0) FROM dual;
SUBSTR('中A国B人C',-2)	SUBSTR('中A国B人C',-1)	SUBSTR('中A国B人C',-0)
人C	C	中A国B人C
SELECT SUBSTR('中A国B人C',-2,1),SUBSTR('中A国B人C',-1,1), SUBSTR('中A国B人C',-0,1) FROM dual;
SUBSTR('中A国B人C',-2,1)	SUBSTR('中A国B人C',-1,1)	SUBSTR('中A国B人C',-0,1)
人	C	中
SELECT SUBSTR('中A国B人C',null) FROM dual;
SUBSTR('中A国B人C',null)
NULL
SELECT SUBSTR('中A国B人C',2,null),SUBSTR('中A国B人C',1,null), SUBSTR('中A国B人C',0,null) FROM dual;
SUBSTR('中A国B人C',2,null)	SUBSTR('中A国B人C',1,null)	SUBSTR('中A国B人C',0,null)
NULL	NULL	NULL
SELECT SUBSTR('中A国B人C',2,0),SUBSTR('中A国B人C',1,0), SUBSTR('中A国B人C',0,0) FROM dual;
SUBSTR('中A国B人C',2,0)	SUBSTR('中A国B人C',1,0)	SUBSTR('中A国B人C',0,0)
NULL	NULL	NULL
SELECT SUBSTR('中A国B人C',2,-1),SUBSTR('中A国B人C',1,-1), SUBSTR('中A国B人C',0,-1) FROM dual;
SUBSTR('中A国B人C',2,-1)	SUBSTR('中A国B人C',1,-1)	SUBSTR('中A国B人C',0,-1)
NULL	NULL	NULL
SELECT SUBSTR('A中B国C人',2,1),SUBSTR('A中B国C人',1,1), SUBSTR('A中B国C人',0,1) FROM dual;
SUBSTR('A中B国C人',2,1)	SUBSTR('A中B国C人',1,1)	SUBSTR('A中B国C人',0,1)
中	A	A
SELECT SUBSTR('A中B国C人',2),SUBSTR('A中B国C人',1), SUBSTR('A中B国C人',0) FROM dual;
SUBSTR('A中B国C人',2)	SUBSTR('A中B国C人',1)	SUBSTR('A中B国C人',0)
中B国C人	A中B国C人	A中B国C人
SELECT SUBSTR('A中B国C人',-2),SUBSTR('A中B国C人',-1), SUBSTR('A中B国C人',-0) FROM dual;
SUBSTR('A中B国C人',-2)	SUBSTR('A中B国C人',-1)	SUBSTR('A中B国C人',-0)
C人	人	A中B国C人
SELECT SUBSTR('A中B国C人',-2,1),SUBSTR('A中B国C人',-1,1), SUBSTR('A中B国C人',-0,1) FROM dual;
SUBSTR('A中B国C人',-2,1)	SUBSTR('A中B国C人',-1,1)	SUBSTR('A中B国C人',-0,1)
C	人	A
SELECT SUBSTR('A中B国C人',null) FROM dual;
SUBSTR('A中B国C人',null)
NULL
SELECT SUBSTR('A中B国C人',2,null),SUBSTR('A中B国C人',1,null), SUBSTR('A中B国C人',0,null) FROM dual;
SUBSTR('A中B国C人',2,null)	SUBSTR('A中B国C人',1,null)	SUBSTR('A中B国C人',0,null)
NULL	NULL	NULL
SELECT SUBSTR('A中B国C人',2,0),SUBSTR('A中B国C人',1,0), SUBSTR('A中B国C人',0,0) FROM dual;
SUBSTR('A中B国C人',2,0)	SUBSTR('A中B国C人',1,0)	SUBSTR('A中B国C人',0,0)
NULL	NULL	NULL
SELECT SUBSTR('A中B国C人',2,-1),SUBSTR('A中B国C人',1,-1), SUBSTR('A中B国C人',0,-1) FROM dual;
SUBSTR('A中B国C人',2,-1)	SUBSTR('A中B国C人',1,-1)	SUBSTR('A中B国C人',0,-1)
NULL	NULL	NULL
SELECT SUBSTR('A中B国C人',1000,-1),SUBSTR('A中B国C人',-100,10000) FROM dual;
SUBSTR('A中B国C人',1000,-1)	SUBSTR('A中B国C人',-100,10000)
NULL	NULL
DROP TABLE IF EXISTS `test_substr`;
CREATE TABLE `test_substr` (`c1` VARCHAR(10), `start_pos` INTEGER, `str_length` INTEGER);
INSERT INTO test_substr VALUES ('abc', 1, 1);
INSERT INTO test_substr VALUES ('abc', 0, 1);
INSERT INTO test_substr VALUES (null, 1, 1);
INSERT INTO test_substr VALUES (null, 0, 1);
INSERT INTO test_substr VALUES ('abc', 1, 0);
INSERT INTO test_substr VALUES ('abc', 0, 0);
INSERT INTO test_substr VALUES (null, 1, 0);
INSERT INTO test_substr VALUES (null, 0, 0);
INSERT INTO test_substr VALUES ('abc', 1, -1);
INSERT INTO test_substr VALUES ('abc', 0, -1);
INSERT INTO test_substr VALUES (null, 1, -1);
INSERT INTO test_substr VALUES (null, 0, -1);
INSERT INTO test_substr VALUES ('中国人', 1, 1);
INSERT INTO test_substr VALUES ('中国人', 0, 1);
INSERT INTO test_substr VALUES ('中国人', 1, 0);
INSERT INTO test_substr VALUES ('中国人', 0, 0);
INSERT INTO test_substr VALUES ('中国人', 1, -1);
INSERT INTO test_substr VALUES ('中国人', 0, -1);
INSERT INTO test_substr VALUES ('中A国B人C', 1, 1);
INSERT INTO test_substr VALUES ('中A国B人C', 0, 1);
INSERT INTO test_substr VALUES ('中A国B人C', 1, 0);
INSERT INTO test_substr VALUES ('中A国B人C', 0, 0);
INSERT INTO test_substr VALUES ('中A国B人C', 1, -1);
INSERT INTO test_substr VALUES ('中A国B人C', 0, -1);
INSERT INTO test_substr VALUES ('A中B国C人', 1, 1);
INSERT INTO test_substr VALUES ('A中B国C人', 0, 1);
INSERT INTO test_substr VALUES ('A中B国C人', 1, 0);
INSERT INTO test_substr VALUES ('A中B国C人', 0, 0);
INSERT INTO test_substr VALUES ('A中B国C人', 1, -1);
INSERT INTO test_substr VALUES ('A中B国C人', 0, -1);
SELECT SUBSTR(c1,start_pos,str_length) FROM test_substr;
SUBSTR(c1,start_pos,str_length)
a
a
NULL
NULL
NULL
NULL
NULL
NULL
NULL
NULL
NULL
NULL
中
中
NULL
NULL
NULL
NULL
中
中
NULL
NULL
NULL
NULL
A
A
NULL
NULL
NULL
NULL
drop table if exists test_substr;
create table tab001(id number,name varchar(20));
insert into tab001 values(1234567,'1234567890');
set sql_mode=oracle;
select substr(name,0,7) from tab001;
substr(name,0,7)
1234567
select * from (select substr(name, 0, 7) from tab001);
substr(name, 0, 7)
1234567
select * from (select substr(name, 0, 7) from tab001 limit 1);
substr(name, 0, 7)
1234567
select * from (select substr(name, 0, 7) from tab001 limit 2);
substr(name, 0, 7)
1234567
select substr('1234567890', 0, 7);
substr('1234567890', 0, 7)
1234567
select substr('1234567890', 0, 7) from dual;
substr('1234567890', 0, 7)
1234567
select * from (select substr('1234567890', 0, 7));
substr('1234567890', 0, 7)
1234567
select * from (select substr('1234567890', 0, 7) from dual);
substr('1234567890', 0, 7)
1234567
select * from (select substr('1234567890', 0, 7) limit 1);
substr('1234567890', 0, 7)
1234567
select * from (select substr('1234567890', 0, 7) from dual limit 1);
substr('1234567890', 0, 7)
1234567
select * from (select substr('1234567890', 0, 7) limit 2);
substr('1234567890', 0, 7)
1234567
select * from (select substr('1234567890', 0, 7) from dual limit 2);
substr('1234567890', 0, 7)
1234567
select substr(name,0) from tab001;
substr(name,0)
1234567890
select * from (select substr(name, 0) from tab001);
substr(name, 0)
1234567890
select * from (select substr(name, 0) from tab001 limit 1);
substr(name, 0)
1234567890
select * from (select substr(name, 0) from tab001 limit 2);
substr(name, 0)
1234567890
select substr('1234567890', 0);
substr('1234567890', 0)
1234567890
select substr('1234567890', 0) from dual;
substr('1234567890', 0)
1234567890
select * from (select substr('1234567890', 0));
substr('1234567890', 0)
1234567890
select * from (select substr('1234567890', 0) from dual);
substr('1234567890', 0)
1234567890
select * from (select substr('1234567890', 0) limit 1);
substr('1234567890', 0)
1234567890
select * from (select substr('1234567890', 0) from dual limit 1);
substr('1234567890', 0)
1234567890
select * from (select substr('1234567890', 0) limit 2);
substr('1234567890', 0)
1234567890
select * from (select substr('1234567890', 0) from dual limit 2);
substr('1234567890', 0)
1234567890
select substr('1234567890', 1, 0);
substr('1234567890', 1, 0)
NULL
select * from (select substr('1234567890', 1, 0));
substr('1234567890', 1, 0)
NULL
select substr(to_char('GreatDB数据库'), 2, 2) from dual;
substr(to_char('GreatDB数据库'), 2, 2)
re
select substr(to_char('GreatDB数据库'), 2, 2.5) from dual;
substr(to_char('GreatDB数据库'), 2, 2.5)
re
select substr(to_char('GreatDB数据库'), 2, 3) from dual;
substr(to_char('GreatDB数据库'), 2, 3)
rea
select substr(to_char('GreatDB数据库'), 2, 6) from dual;
substr(to_char('GreatDB数据库'), 2, 6)
reatDB
select substr(to_char('GreatDB数据库'), 2.1, 6) from dual;
substr(to_char('GreatDB数据库'), 2.1, 6)
reatDB
select substr(to_char('GreatDB数据库'), 2.5, 6) from dual;
substr(to_char('GreatDB数据库'), 2.5, 6)
reatDB
set @a = substr(to_char('GreatSQL Database'), 2, 5);
select substr(to_char('GreatSQL Database'), 2, 5) from dual;
substr(to_char('GreatSQL Database'), 2, 5)
reatS
select substr(to_char('GreatSQL Database'), 2, 5)=@a from dual;
substr(to_char('GreatSQL Database'), 2, 5)=@a
1
select substr(to_char('GreatSQL Database'), 2.1, 5)=@a from dual;
substr(to_char('GreatSQL Database'), 2.1, 5)=@a
1
select substr(to_char('GreatSQL Database'), 2.5, 5)=@a from dual;
substr(to_char('GreatSQL Database'), 2.5, 5)=@a
1
select substr(to_char('GreatSQL Database'), 2.1, 5.1)=@a from dual;
substr(to_char('GreatSQL Database'), 2.1, 5.1)=@a
1
select substr(to_char('GreatSQL Database'), 2.1, 5.5)=@a from dual;
substr(to_char('GreatSQL Database'), 2.1, 5.5)=@a
1
select substr(to_char('GreatSQL Database'), 2.5, 5.1)=@a from dual;
substr(to_char('GreatSQL Database'), 2.5, 5.1)=@a
1
select substr(to_char('GreatSQL Database'), 2.5, 5.5)=@a from dual;
substr(to_char('GreatSQL Database'), 2.5, 5.5)=@a
1
create table t1 (i int, n number(10,5), d binary_double);
insert into t1 values (2.4, 2.4, 3.4);
insert into t1 values (-2.4, -2.4, -3.4);
insert into t1 values (4.5, 4.5, 6.5);
insert into t1 values (-4.5, -4.5, -6.5);
select i,n,d,
substr('GreatSQL Database', i, 5),
substr('GreatSQL Database', n, 5),
substr('GreatSQL Database', d, 5) from t1;
i	n	d	substr('GreatSQL Database', i, 5)	substr('GreatSQL Database', n, 5)	substr('GreatSQL Database', d, 5)
2	2.4	3.4	reatS	reatS	eatSQ
-2	-2.4	-3.4	se	se	ase
5	4.5	6.5	tSQL 	atSQL	SQL D
-5	-4.5	-6.5	abase	base	tabas
drop table t1;
select substr('GreatSQL Database', 1.999999999999999,5) from dual;
substr('GreatSQL Database', 1.999999999999999,5)
Great
select 
substr(to_char('GreatDB数据库'), '2', '2') a,
substr(to_char('GreatDB数据库'), '2', '2.5') b,
substr(to_char('GreatDB数据库'), '2', '3') c,
substr(to_char('GreatDB数据库'), '2', '6') d,
substr(to_char('GreatDB数据库'), '2.1', '6') e,
substr(to_char('GreatDB数据库'), '2.5', '6') f
from dual;
a	b	c	d	e	f
re	re	rea	reatDB	reatDB	reatDB
select
substr(to_char('GreatDBABC'), 'a', '2') a,
substr(to_char('GreatDBABC'), '2', 'a') b,
substr(to_char('GreatDBABC'), '2a', '2') c,
substr(to_char('GreatDBABC'), '2', '2a') d,
substr(to_char('GreatDBABC'), '2.1a', '2') e,
substr(to_char('GreatDBABC'), '2', '2.1a') f,
substr(to_char('GreatDBABC'), 'a2.1', '2') g,
substr(to_char('GreatDBABC'), '2', 'a2.1') h
from dual;
a	b	c	d	e	f	g	h
Gr	NULL	re	re	re	re	Gr	NULL
create or replace function f1() return double as begin return 2.4; end;//
select f1(), substr('abcd', f1(), 2) from dual;//
f1()	substr('abcd', f1(), 2)
2.4	bc
create or replace function f1() return double as begin return 2.5; end;//
select f1(), substr('abcd', f1(), 2) from dual;//
f1()	substr('abcd', f1(), 2)
2.5	bc
create or replace function f1() return double as begin return 2.51; end;//
select f1(), substr('abcd', f1(), 2) from dual;//
f1()	substr('abcd', f1(), 2)
2.51	cd
create or replace function f1() return double as begin return 2.6; end;//
select f1(), substr('abcd', f1(), 2) from dual;//
f1()	substr('abcd', f1(), 2)
2.6	cd
create or replace function f1() return double as begin return 2.50001; end;//
select f1(), substr('abcd', f1(), 2) from dual;//
f1()	substr('abcd', f1(), 2)
2.50001	cd
create or replace function f1() return double as begin return 2.4; end;//
select f1(), substr('abcd', 2, f1()) from dual;//
f1()	substr('abcd', 2, f1())
2.4	bc
create or replace function f1() return double as begin return 2.5; end;//
select f1(), substr('abcd', 2, f1()) from dual;//
f1()	substr('abcd', 2, f1())
2.5	bc
create or replace function f1() return double as begin return 2.51; end;//
select f1(), substr('abcd', 2, f1()) from dual;//
f1()	substr('abcd', 2, f1())
2.51	bcd
create or replace function f1() return double as begin return 2.6; end;//
select f1(), substr('abcd', 2, f1()) from dual;//
f1()	substr('abcd', 2, f1())
2.6	bcd
create or replace function f1() return double as begin return 2.50001; end;//
select f1(), substr('abcd', 2, f1()) from dual;//
f1()	substr('abcd', 2, f1())
2.50001	bcd
drop function f1;//
drop table tab001;
