set timestamp=1660838400;
select to_timestamp(concat('15-01-2001',' 2:59:58.999'),
concat('DD-MM-YYYY',' ','HH24:MI:SS.FF'));
to_timestamp(concat('15-01-2001',' 2:59:58.999'),
concat('DD-MM-YYYY',' ','HH24:MI:SS.FF'))
2001-01-15 02:59:58.999000
select to_timestamp('2004.12.12 22.30.61','YYYY.MM.DD');
to_timestamp('2004.12.12 22.30.61','YYYY.MM.DD')
NULL
Warnings:
Warning	1411	Incorrect datetime value: '2004.12.12 22.30.61' for function to_timestamp
SET sql_mode = 'NO_ENGINE_SUBSTITUTION';
create table t1 (date char(60), format char(60) not null);
insert into t1 values
('2003-01-02 10:11:12.123', 'YYYY-MM-DD HH24:MI:SS.FF'),
('03-01-02 8:11:2.123456', 'YY-MM-DD HH24:MI:SS.FF1'),
('0003-01-02 8:11:2.123456', 'YYYY-MM-DD HH24:MI:SS.FF6'),
('03-01-02 8:11:2.123456',   'YYYY-MM-DD HH24:MI:SS.FF6'),
('2003-01-02 10:11:12 PM', 'YYYY-MM-DD HH12:MI:SS PM'),
('2003-01-02 01:11:12AM', 'YYYY-MM-DD HH12:MI:SSAM'),
('2003-01-02 02:11:12 AM', 'YYYY-MM-DD HH12:MI:SS AM'),
('2003-01-02 11:11:12Pm', 'YYYY-MM-DD HH12:MI:SSPM'),
('10:20:10', 'HH24:MI:SS'),
('10:20:10', 'HH24:MI:SS.FF'),
('10:20:10', 'HH12:MI:SS'),
('10:20:10', 'HH12:MI:SS.FF'),
('12:20:10', 'HH:MI:SS'),
('12:20:10', 'HH:MI:SS.FF'),
('12:20:10', 'HH12:MI:SS'),
('12:20:10', 'HH12:MI:SS.FF'),
('10:20:10.123456 AM', 'HH12:MI:SS.FF6 AM'),
('10:20:10.123456 AM', 'HH12:MI:SS.FF AM'),
('10:20:10.123456AM', 'HH12:MI:SS.FF6AM'),
('10:20:10.123456AM', 'HH12:MI:SS.FFAM'),
('15-01-2001 12:59:58', 'DD-MM-YYYY HH24:MI:SS'),
('15-01-2001 12:59:58', 'DD-MM-YYYY HH24:MI:SS.FF'),
('15 September 2001', 'DD MONTH YYYY'),
('15 SEPTEMB 2001', 'DD MONTH YYYY'),
('15 MAY 2001', 'DD MON YYYY'),
('Sunday 20 MAY 2001', 'DAY DD MON YYYY'),
('Sund 20 MAY 2001', 'DAY DD MON YYYY'),
('15-01-2001', 'DD-MM-YYYY HH24:MI:SS.FF'),
('15-01-20', 'DD-MM-YY'),
('15-2001-1', 'DD-YYYY-MM');
select date,format,to_timestamp(date, format) as to_timestamp from t1;
date	format	to_timestamp
2003-01-02 10:11:12.123	YYYY-MM-DD HH24:MI:SS.FF	2003-01-02 10:11:12.123000
03-01-02 8:11:2.123456	YY-MM-DD HH24:MI:SS.FF1	NULL
0003-01-02 8:11:2.123456	YYYY-MM-DD HH24:MI:SS.FF6	0003-01-02 08:11:02.123456
03-01-02 8:11:2.123456	YYYY-MM-DD HH24:MI:SS.FF6	0003-01-02 08:11:02.123456
2003-01-02 10:11:12 PM	YYYY-MM-DD HH12:MI:SS PM	2003-01-02 22:11:12.000000
2003-01-02 01:11:12AM	YYYY-MM-DD HH12:MI:SSAM	2003-01-02 01:11:12.000000
2003-01-02 02:11:12 AM	YYYY-MM-DD HH12:MI:SS AM	2003-01-02 02:11:12.000000
2003-01-02 11:11:12Pm	YYYY-MM-DD HH12:MI:SSPM	2003-01-02 23:11:12.000000
10:20:10	HH24:MI:SS	2022-08-01 10:20:10.000000
10:20:10	HH24:MI:SS.FF	2022-08-01 10:20:10.000000
10:20:10	HH12:MI:SS	2022-08-01 10:20:10.000000
10:20:10	HH12:MI:SS.FF	2022-08-01 10:20:10.000000
12:20:10	HH:MI:SS	2022-08-01 00:20:10.000000
12:20:10	HH:MI:SS.FF	2022-08-01 00:20:10.000000
12:20:10	HH12:MI:SS	2022-08-01 00:20:10.000000
12:20:10	HH12:MI:SS.FF	2022-08-01 00:20:10.000000
10:20:10.123456 AM	HH12:MI:SS.FF6 AM	2022-08-01 10:20:10.123456
10:20:10.123456 AM	HH12:MI:SS.FF AM	2022-08-01 10:20:10.123456
10:20:10.123456AM	HH12:MI:SS.FF6AM	2022-08-01 10:20:10.123456
10:20:10.123456AM	HH12:MI:SS.FFAM	2022-08-01 10:20:10.123456
15-01-2001 12:59:58	DD-MM-YYYY HH24:MI:SS	2001-01-15 12:59:58.000000
15-01-2001 12:59:58	DD-MM-YYYY HH24:MI:SS.FF	2001-01-15 12:59:58.000000
15 September 2001	DD MONTH YYYY	2001-09-15 00:00:00.000000
15 SEPTEMB 2001	DD MONTH YYYY	2001-09-15 00:00:00.000000
15 MAY 2001	DD MON YYYY	2001-05-15 00:00:00.000000
Sunday 20 MAY 2001	DAY DD MON YYYY	2001-05-20 00:00:00.000000
Sund 20 MAY 2001	DAY DD MON YYYY	2001-05-20 00:00:00.000000
15-01-2001	DD-MM-YYYY HH24:MI:SS.FF	2001-01-15 00:00:00.000000
15-01-20	DD-MM-YY	2020-01-15 00:00:00.000000
15-2001-1	DD-YYYY-MM	2001-01-15 00:00:00.000000
Warnings:
Warning	1411	Incorrect datetime value: '03-01-02 8:11:2.123456' for function to_timestamp
select date,format,concat('',to_timestamp(date, format)) as con from t1;
date	format	con
2003-01-02 10:11:12.123	YYYY-MM-DD HH24:MI:SS.FF	2003-01-02 10:11:12.123000
03-01-02 8:11:2.123456	YY-MM-DD HH24:MI:SS.FF1	NULL
0003-01-02 8:11:2.123456	YYYY-MM-DD HH24:MI:SS.FF6	0003-01-02 08:11:02.123456
03-01-02 8:11:2.123456	YYYY-MM-DD HH24:MI:SS.FF6	0003-01-02 08:11:02.123456
2003-01-02 10:11:12 PM	YYYY-MM-DD HH12:MI:SS PM	2003-01-02 22:11:12.000000
2003-01-02 01:11:12AM	YYYY-MM-DD HH12:MI:SSAM	2003-01-02 01:11:12.000000
2003-01-02 02:11:12 AM	YYYY-MM-DD HH12:MI:SS AM	2003-01-02 02:11:12.000000
2003-01-02 11:11:12Pm	YYYY-MM-DD HH12:MI:SSPM	2003-01-02 23:11:12.000000
10:20:10	HH24:MI:SS	2022-08-01 10:20:10.000000
10:20:10	HH24:MI:SS.FF	2022-08-01 10:20:10.000000
10:20:10	HH12:MI:SS	2022-08-01 10:20:10.000000
10:20:10	HH12:MI:SS.FF	2022-08-01 10:20:10.000000
12:20:10	HH:MI:SS	2022-08-01 00:20:10.000000
12:20:10	HH:MI:SS.FF	2022-08-01 00:20:10.000000
12:20:10	HH12:MI:SS	2022-08-01 00:20:10.000000
12:20:10	HH12:MI:SS.FF	2022-08-01 00:20:10.000000
10:20:10.123456 AM	HH12:MI:SS.FF6 AM	2022-08-01 10:20:10.123456
10:20:10.123456 AM	HH12:MI:SS.FF AM	2022-08-01 10:20:10.123456
10:20:10.123456AM	HH12:MI:SS.FF6AM	2022-08-01 10:20:10.123456
10:20:10.123456AM	HH12:MI:SS.FFAM	2022-08-01 10:20:10.123456
15-01-2001 12:59:58	DD-MM-YYYY HH24:MI:SS	2001-01-15 12:59:58.000000
15-01-2001 12:59:58	DD-MM-YYYY HH24:MI:SS.FF	2001-01-15 12:59:58.000000
15 September 2001	DD MONTH YYYY	2001-09-15 00:00:00.000000
15 SEPTEMB 2001	DD MONTH YYYY	2001-09-15 00:00:00.000000
15 MAY 2001	DD MON YYYY	2001-05-15 00:00:00.000000
Sunday 20 MAY 2001	DAY DD MON YYYY	2001-05-20 00:00:00.000000
Sund 20 MAY 2001	DAY DD MON YYYY	2001-05-20 00:00:00.000000
15-01-2001	DD-MM-YYYY HH24:MI:SS.FF	2001-01-15 00:00:00.000000
15-01-20	DD-MM-YY	2020-01-15 00:00:00.000000
15-2001-1	DD-YYYY-MM	2001-01-15 00:00:00.000000
Warnings:
Warning	1411	Incorrect datetime value: '03-01-02 8:11:2.123456' for function to_timestamp
select date,format,cast(to_timestamp(date, format) as datetime) as datetime from t1;
date	format	datetime
2003-01-02 10:11:12.123	YYYY-MM-DD HH24:MI:SS.FF	2003-01-02 10:11:12
03-01-02 8:11:2.123456	YY-MM-DD HH24:MI:SS.FF1	NULL
0003-01-02 8:11:2.123456	YYYY-MM-DD HH24:MI:SS.FF6	0003-01-02 08:11:02
03-01-02 8:11:2.123456	YYYY-MM-DD HH24:MI:SS.FF6	0003-01-02 08:11:02
2003-01-02 10:11:12 PM	YYYY-MM-DD HH12:MI:SS PM	2003-01-02 22:11:12
2003-01-02 01:11:12AM	YYYY-MM-DD HH12:MI:SSAM	2003-01-02 01:11:12
2003-01-02 02:11:12 AM	YYYY-MM-DD HH12:MI:SS AM	2003-01-02 02:11:12
2003-01-02 11:11:12Pm	YYYY-MM-DD HH12:MI:SSPM	2003-01-02 23:11:12
10:20:10	HH24:MI:SS	2022-08-01 10:20:10
10:20:10	HH24:MI:SS.FF	2022-08-01 10:20:10
10:20:10	HH12:MI:SS	2022-08-01 10:20:10
10:20:10	HH12:MI:SS.FF	2022-08-01 10:20:10
12:20:10	HH:MI:SS	2022-08-01 00:20:10
12:20:10	HH:MI:SS.FF	2022-08-01 00:20:10
12:20:10	HH12:MI:SS	2022-08-01 00:20:10
12:20:10	HH12:MI:SS.FF	2022-08-01 00:20:10
10:20:10.123456 AM	HH12:MI:SS.FF6 AM	2022-08-01 10:20:10
10:20:10.123456 AM	HH12:MI:SS.FF AM	2022-08-01 10:20:10
10:20:10.123456AM	HH12:MI:SS.FF6AM	2022-08-01 10:20:10
10:20:10.123456AM	HH12:MI:SS.FFAM	2022-08-01 10:20:10
15-01-2001 12:59:58	DD-MM-YYYY HH24:MI:SS	2001-01-15 12:59:58
15-01-2001 12:59:58	DD-MM-YYYY HH24:MI:SS.FF	2001-01-15 12:59:58
15 September 2001	DD MONTH YYYY	2001-09-15 00:00:00
15 SEPTEMB 2001	DD MONTH YYYY	2001-09-15 00:00:00
15 MAY 2001	DD MON YYYY	2001-05-15 00:00:00
Sunday 20 MAY 2001	DAY DD MON YYYY	2001-05-20 00:00:00
Sund 20 MAY 2001	DAY DD MON YYYY	2001-05-20 00:00:00
15-01-2001	DD-MM-YYYY HH24:MI:SS.FF	2001-01-15 00:00:00
15-01-20	DD-MM-YY	2020-01-15 00:00:00
15-2001-1	DD-YYYY-MM	2001-01-15 00:00:00
Warnings:
Warning	1411	Incorrect datetime value: '03-01-02 8:11:2.123456' for function to_timestamp
select date,format,DATE(to_timestamp(date, format)) as date2 from t1;
date	format	date2
2003-01-02 10:11:12.123	YYYY-MM-DD HH24:MI:SS.FF	2003-01-02
03-01-02 8:11:2.123456	YY-MM-DD HH24:MI:SS.FF1	NULL
0003-01-02 8:11:2.123456	YYYY-MM-DD HH24:MI:SS.FF6	0003-01-02
03-01-02 8:11:2.123456	YYYY-MM-DD HH24:MI:SS.FF6	0003-01-02
2003-01-02 10:11:12 PM	YYYY-MM-DD HH12:MI:SS PM	2003-01-02
2003-01-02 01:11:12AM	YYYY-MM-DD HH12:MI:SSAM	2003-01-02
2003-01-02 02:11:12 AM	YYYY-MM-DD HH12:MI:SS AM	2003-01-02
2003-01-02 11:11:12Pm	YYYY-MM-DD HH12:MI:SSPM	2003-01-02
10:20:10	HH24:MI:SS	2022-08-01
10:20:10	HH24:MI:SS.FF	2022-08-01
10:20:10	HH12:MI:SS	2022-08-01
10:20:10	HH12:MI:SS.FF	2022-08-01
12:20:10	HH:MI:SS	2022-08-01
12:20:10	HH:MI:SS.FF	2022-08-01
12:20:10	HH12:MI:SS	2022-08-01
12:20:10	HH12:MI:SS.FF	2022-08-01
10:20:10.123456 AM	HH12:MI:SS.FF6 AM	2022-08-01
10:20:10.123456 AM	HH12:MI:SS.FF AM	2022-08-01
10:20:10.123456AM	HH12:MI:SS.FF6AM	2022-08-01
10:20:10.123456AM	HH12:MI:SS.FFAM	2022-08-01
15-01-2001 12:59:58	DD-MM-YYYY HH24:MI:SS	2001-01-15
15-01-2001 12:59:58	DD-MM-YYYY HH24:MI:SS.FF	2001-01-15
15 September 2001	DD MONTH YYYY	2001-09-15
15 SEPTEMB 2001	DD MONTH YYYY	2001-09-15
15 MAY 2001	DD MON YYYY	2001-05-15
Sunday 20 MAY 2001	DAY DD MON YYYY	2001-05-20
Sund 20 MAY 2001	DAY DD MON YYYY	2001-05-20
15-01-2001	DD-MM-YYYY HH24:MI:SS.FF	2001-01-15
15-01-20	DD-MM-YY	2020-01-15
15-2001-1	DD-YYYY-MM	2001-01-15
Warnings:
Warning	1411	Incorrect datetime value: '03-01-02 8:11:2.123456' for function to_timestamp
select date,format,TIME(to_timestamp(date, format)) as time from t1;
date	format	time
2003-01-02 10:11:12.123	YYYY-MM-DD HH24:MI:SS.FF	10:11:12.123000
03-01-02 8:11:2.123456	YY-MM-DD HH24:MI:SS.FF1	NULL
0003-01-02 8:11:2.123456	YYYY-MM-DD HH24:MI:SS.FF6	08:11:02.123456
03-01-02 8:11:2.123456	YYYY-MM-DD HH24:MI:SS.FF6	08:11:02.123456
2003-01-02 10:11:12 PM	YYYY-MM-DD HH12:MI:SS PM	22:11:12.000000
2003-01-02 01:11:12AM	YYYY-MM-DD HH12:MI:SSAM	01:11:12.000000
2003-01-02 02:11:12 AM	YYYY-MM-DD HH12:MI:SS AM	02:11:12.000000
2003-01-02 11:11:12Pm	YYYY-MM-DD HH12:MI:SSPM	23:11:12.000000
10:20:10	HH24:MI:SS	10:20:10.000000
10:20:10	HH24:MI:SS.FF	10:20:10.000000
10:20:10	HH12:MI:SS	10:20:10.000000
10:20:10	HH12:MI:SS.FF	10:20:10.000000
12:20:10	HH:MI:SS	00:20:10.000000
12:20:10	HH:MI:SS.FF	00:20:10.000000
12:20:10	HH12:MI:SS	00:20:10.000000
12:20:10	HH12:MI:SS.FF	00:20:10.000000
10:20:10.123456 AM	HH12:MI:SS.FF6 AM	10:20:10.123456
10:20:10.123456 AM	HH12:MI:SS.FF AM	10:20:10.123456
10:20:10.123456AM	HH12:MI:SS.FF6AM	10:20:10.123456
10:20:10.123456AM	HH12:MI:SS.FFAM	10:20:10.123456
15-01-2001 12:59:58	DD-MM-YYYY HH24:MI:SS	12:59:58.000000
15-01-2001 12:59:58	DD-MM-YYYY HH24:MI:SS.FF	12:59:58.000000
15 September 2001	DD MONTH YYYY	00:00:00.000000
15 SEPTEMB 2001	DD MONTH YYYY	00:00:00.000000
15 MAY 2001	DD MON YYYY	00:00:00.000000
Sunday 20 MAY 2001	DAY DD MON YYYY	00:00:00.000000
Sund 20 MAY 2001	DAY DD MON YYYY	00:00:00.000000
15-01-2001	DD-MM-YYYY HH24:MI:SS.FF	00:00:00.000000
15-01-20	DD-MM-YY	00:00:00.000000
15-2001-1	DD-YYYY-MM	00:00:00.000000
Warnings:
Warning	1411	Incorrect datetime value: '03-01-02 8:11:2.123456' for function to_timestamp
select date,format,concat(TIME(to_timestamp(date, format))) as time2 from t1;
date	format	time2
2003-01-02 10:11:12.123	YYYY-MM-DD HH24:MI:SS.FF	10:11:12.123000
03-01-02 8:11:2.123456	YY-MM-DD HH24:MI:SS.FF1	NULL
0003-01-02 8:11:2.123456	YYYY-MM-DD HH24:MI:SS.FF6	08:11:02.123456
03-01-02 8:11:2.123456	YYYY-MM-DD HH24:MI:SS.FF6	08:11:02.123456
2003-01-02 10:11:12 PM	YYYY-MM-DD HH12:MI:SS PM	22:11:12.000000
2003-01-02 01:11:12AM	YYYY-MM-DD HH12:MI:SSAM	01:11:12.000000
2003-01-02 02:11:12 AM	YYYY-MM-DD HH12:MI:SS AM	02:11:12.000000
2003-01-02 11:11:12Pm	YYYY-MM-DD HH12:MI:SSPM	23:11:12.000000
10:20:10	HH24:MI:SS	10:20:10.000000
10:20:10	HH24:MI:SS.FF	10:20:10.000000
10:20:10	HH12:MI:SS	10:20:10.000000
10:20:10	HH12:MI:SS.FF	10:20:10.000000
12:20:10	HH:MI:SS	00:20:10.000000
12:20:10	HH:MI:SS.FF	00:20:10.000000
12:20:10	HH12:MI:SS	00:20:10.000000
12:20:10	HH12:MI:SS.FF	00:20:10.000000
10:20:10.123456 AM	HH12:MI:SS.FF6 AM	10:20:10.123456
10:20:10.123456 AM	HH12:MI:SS.FF AM	10:20:10.123456
10:20:10.123456AM	HH12:MI:SS.FF6AM	10:20:10.123456
10:20:10.123456AM	HH12:MI:SS.FFAM	10:20:10.123456
15-01-2001 12:59:58	DD-MM-YYYY HH24:MI:SS	12:59:58.000000
15-01-2001 12:59:58	DD-MM-YYYY HH24:MI:SS.FF	12:59:58.000000
15 September 2001	DD MONTH YYYY	00:00:00.000000
15 SEPTEMB 2001	DD MONTH YYYY	00:00:00.000000
15 MAY 2001	DD MON YYYY	00:00:00.000000
Sunday 20 MAY 2001	DAY DD MON YYYY	00:00:00.000000
Sund 20 MAY 2001	DAY DD MON YYYY	00:00:00.000000
15-01-2001	DD-MM-YYYY HH24:MI:SS.FF	00:00:00.000000
15-01-20	DD-MM-YY	00:00:00.000000
15-2001-1	DD-YYYY-MM	00:00:00.000000
Warnings:
Warning	1411	Incorrect datetime value: '03-01-02 8:11:2.123456' for function to_timestamp
select concat('',to_timestamp('8:11:2.123456 03-01-02','HH24:MI:SS.FF6 YY-MM-DD'));
concat('',to_timestamp('8:11:2.123456 03-01-02','HH24:MI:SS.FF6 YY-MM-DD'))
2003-01-02 08:11:02.123456
truncate table t1;
insert into t1 values
('2003-01-02 10:11:12 PM', 'YYYY-MM-DD HH24:MI:SS PM'),
('2003-01-02 10:11:12', 'YYYY-MM-DD HH12:MI:SS PM'),
('2003-01-02 10:11:12AM', 'YYYY-MM-DD HH12:MI:SS AM'),
('2003-01-02 10:11:12AM', 'YYYY-MM-DD HH12:MI:SSAM'),
('2003-01-02 10:11:12 PM', 'YY-MM-DD HH24:MI:SS PM'),
('10:20:10AM', 'HH24:MI:SSAM'),
('15 Septembei 2001', 'DD MONTH YYYY'),
('15 Ju 2001', 'DD MONTH YYYY'),
('Sund 15 MA', 'DAY DD MON YYYY');
select date,format,to_timestamp(date, format) as to_timestamp from t1;
date	format	to_timestamp
2003-01-02 10:11:12 PM	YYYY-MM-DD HH24:MI:SS PM	NULL
2003-01-02 10:11:12	YYYY-MM-DD HH12:MI:SS PM	2003-01-02 10:11:12.000000
2003-01-02 10:11:12AM	YYYY-MM-DD HH12:MI:SS AM	2003-01-02 10:11:12.000000
2003-01-02 10:11:12AM	YYYY-MM-DD HH12:MI:SSAM	2003-01-02 10:11:12.000000
2003-01-02 10:11:12 PM	YY-MM-DD HH24:MI:SS PM	NULL
10:20:10AM	HH24:MI:SSAM	NULL
15 Septembei 2001	DD MONTH YYYY	NULL
15 Ju 2001	DD MONTH YYYY	NULL
Sund 15 MA	DAY DD MON YYYY	NULL
Warnings:
Warning	1411	Incorrect datetime value: '2003-01-02 10:11:12 PM' for function to_timestamp
Warning	1411	Incorrect datetime value: '2003-01-02 10:11:12 PM' for function to_timestamp
Warning	1411	Incorrect datetime value: '10:20:10AM' for function to_timestamp
Warning	1411	Incorrect datetime value: '15 Septembei 2001' for function to_timestamp
Warning	1411	Incorrect datetime value: '15 Ju 2001' for function to_timestamp
Warning	1411	Incorrect datetime value: 'Sund 15 MA' for function to_timestamp
select date,format,concat(to_timestamp(date, format),'') as con from t1;
date	format	con
2003-01-02 10:11:12 PM	YYYY-MM-DD HH24:MI:SS PM	NULL
2003-01-02 10:11:12	YYYY-MM-DD HH12:MI:SS PM	2003-01-02 10:11:12.000000
2003-01-02 10:11:12AM	YYYY-MM-DD HH12:MI:SS AM	2003-01-02 10:11:12.000000
2003-01-02 10:11:12AM	YYYY-MM-DD HH12:MI:SSAM	2003-01-02 10:11:12.000000
2003-01-02 10:11:12 PM	YY-MM-DD HH24:MI:SS PM	NULL
10:20:10AM	HH24:MI:SSAM	NULL
15 Septembei 2001	DD MONTH YYYY	NULL
15 Ju 2001	DD MONTH YYYY	NULL
Sund 15 MA	DAY DD MON YYYY	NULL
Warnings:
Warning	1411	Incorrect datetime value: '2003-01-02 10:11:12 PM' for function to_timestamp
Warning	1411	Incorrect datetime value: '2003-01-02 10:11:12 PM' for function to_timestamp
Warning	1411	Incorrect datetime value: '10:20:10AM' for function to_timestamp
Warning	1411	Incorrect datetime value: '15 Septembei 2001' for function to_timestamp
Warning	1411	Incorrect datetime value: '15 Ju 2001' for function to_timestamp
Warning	1411	Incorrect datetime value: 'Sund 15 MA' for function to_timestamp
truncate table t1;
insert into t1 values
('10:20:10AM', 'HH12:MI:SS'),
('2003-01-02 10:11:12', 'YYYY-MM-DD HH12:MI:SS'),
('03-01-02 10:11:12 PM', 'YYYY-MM-DD HH12:MI:SS PM');
select date,format,to_timestamp(date, format) as to_timestamp from t1;
date	format	to_timestamp
10:20:10AM	HH12:MI:SS	NULL
2003-01-02 10:11:12	YYYY-MM-DD HH12:MI:SS	2003-01-02 10:11:12.000000
03-01-02 10:11:12 PM	YYYY-MM-DD HH12:MI:SS PM	0003-01-02 22:11:12.000000
Warnings:
Warning	1411	Incorrect datetime value: '10:20:10AM' for function to_timestamp
select date,format,concat(to_timestamp(date, format),'') as con from t1;
date	format	con
10:20:10AM	HH12:MI:SS	NULL
2003-01-02 10:11:12	YYYY-MM-DD HH12:MI:SS	2003-01-02 10:11:12.000000
03-01-02 10:11:12 PM	YYYY-MM-DD HH12:MI:SS PM	0003-01-02 22:11:12.000000
Warnings:
Warning	1411	Incorrect datetime value: '10:20:10AM' for function to_timestamp
drop table t1;
select to_timestamp( 1, NULL );
to_timestamp( 1, NULL )
NULL
select to_timestamp( 1, IF(1=1,NULL,NULL) );
to_timestamp( 1, IF(1=1,NULL,NULL) )
NULL
select to_timestamp( NULL, 1 );
ERROR HY000: Incorrect string value: 'please check the format string'
select to_timestamp('04 /30/2004', 'MM /DD/YYYY');
to_timestamp('04 /30/2004', 'MM /DD/YYYY')
2004-04-30 00:00:00.000000
select to_timestamp('04/30 /2004', 'MM /DD /YYYY');
to_timestamp('04/30 /2004', 'MM /DD /YYYY')
2004-04-30 00:00:00.000000
select to_timestamp('04/30/2004 ', 'MM/DD/YYYY ');
to_timestamp('04/30/2004 ', 'MM/DD/YYYY ')
2004-04-30 00:00:00.000000
select to_timestamp('04/30/2004 ', 'MM/DD/YYYY  ');
to_timestamp('04/30/2004 ', 'MM/DD/YYYY  ')
2004-04-30 00:00:00.000000
select to_timestamp('04/30/2004  ', 'MM/DD/YYYY ');
to_timestamp('04/30/2004  ', 'MM/DD/YYYY ')
2004-04-30 00:00:00.000000
set sql_mode='ONLY_FULL_GROUP_BY,STRICT_TRANS_TABLES,NO_ZERO_IN_DATE,NO_ZERO_DATE,ERROR_FOR_DIVISION_BY_ZERO,NO_ENGINE_SUBSTITUTION,ORACLE';
select to_timestamp('2019','') from dual;
to_timestamp('2019','')
NULL
Warnings:
Warning	1411	Incorrect datetime value: '2019' for function to_timestamp
select to_timestamp('2019',' ') from dual;
to_timestamp('2019',' ')
NULL
Warnings:
Warning	1411	Incorrect datetime value: '2019' for function to_timestamp
select to_timestamp('','YYYY') from dual;
to_timestamp('','YYYY')
NULL
select to_timestamp(0,'yyyy') from dual;
to_timestamp(0,'yyyy')
NULL
Warnings:
Warning	1411	Incorrect datetime value: '0' for function to_timestamp
select to_timestamp(9,'yyyy') from dual;
to_timestamp(9,'yyyy')
0009-08-01 00:00:00.000000
select to_timestamp(99,'yyyy') from dual;
to_timestamp(99,'yyyy')
0099-08-01 00:00:00.000000
select to_timestamp(999,'yyyy') from dual;
to_timestamp(999,'yyyy')
0999-08-01 00:00:00.000000
select to_timestamp(9999,'yyyy') from dual;
to_timestamp(9999,'yyyy')
9999-08-01 00:00:00.000000
select to_timestamp(99999,'yyyy') from dual;
to_timestamp(99999,'yyyy')
NULL
Warnings:
Warning	1411	Incorrect datetime value: '99999' for function to_timestamp
select to_timestamp(0,'yyy') from dual;
to_timestamp(0,'yyy')
2000-08-01 00:00:00.000000
select to_timestamp(9,'yyy') from dual;
to_timestamp(9,'yyy')
2009-08-01 00:00:00.000000
select to_timestamp(99,'yyy') from dual;
to_timestamp(99,'yyy')
2099-08-01 00:00:00.000000
select to_timestamp(999,'yyy') from dual;
to_timestamp(999,'yyy')
2999-08-01 00:00:00.000000
select to_timestamp(9999,'yyy') from dual;
to_timestamp(9999,'yyy')
NULL
Warnings:
Warning	1411	Incorrect datetime value: '9999' for function to_timestamp
select to_timestamp(0,'yy') from dual;
to_timestamp(0,'yy')
2000-08-01 00:00:00.000000
select to_timestamp(9,'yy') from dual;
to_timestamp(9,'yy')
2009-08-01 00:00:00.000000
select to_timestamp(99,'yy') from dual;
to_timestamp(99,'yy')
2099-08-01 00:00:00.000000
select to_timestamp(999,'yy') from dual;
to_timestamp(999,'yy')
NULL
Warnings:
Warning	1411	Incorrect datetime value: '999' for function to_timestamp
select to_timestamp(0,'y') from dual;
to_timestamp(0,'y')
2020-08-01 00:00:00.000000
select to_timestamp(9,'y') from dual;
to_timestamp(9,'y')
2029-08-01 00:00:00.000000
select to_timestamp(99,'y') from dual;
to_timestamp(99,'y')
NULL
Warnings:
Warning	1411	Incorrect datetime value: '99' for function to_timestamp
SELECT to_timestamp('0003-01-02 8:11:2.123456', 'YYYY-MM-DD HH24:MI:SS.FF1') FROM dual;
to_timestamp('0003-01-02 8:11:2.123456', 'YYYY-MM-DD HH24:MI:SS.FF1')
NULL
Warnings:
Warning	1411	Incorrect datetime value: '0003-01-02 8:11:2.123456' for function to_timestamp
SELECT to_timestamp('0003-01-02 8:11:2.123456', 'YYYY-MM-DD HH24:MI:SS.FF2') FROM dual;
to_timestamp('0003-01-02 8:11:2.123456', 'YYYY-MM-DD HH24:MI:SS.FF2')
NULL
Warnings:
Warning	1411	Incorrect datetime value: '0003-01-02 8:11:2.123456' for function to_timestamp
SELECT to_timestamp('0003-01-02 8:11:2.123456', 'YYYY-MM-DD HH24:MI:SS.FF3') FROM dual;
to_timestamp('0003-01-02 8:11:2.123456', 'YYYY-MM-DD HH24:MI:SS.FF3')
NULL
Warnings:
Warning	1411	Incorrect datetime value: '0003-01-02 8:11:2.123456' for function to_timestamp
SELECT to_timestamp('0003-01-02 8:11:2.123456', 'YYYY-MM-DD HH24:MI:SS.FF4') FROM dual;
to_timestamp('0003-01-02 8:11:2.123456', 'YYYY-MM-DD HH24:MI:SS.FF4')
NULL
Warnings:
Warning	1411	Incorrect datetime value: '0003-01-02 8:11:2.123456' for function to_timestamp
SELECT to_timestamp('0003-01-02 8:11:2.123456', 'YYYY-MM-DD HH24:MI:SS.FF5') FROM dual;
to_timestamp('0003-01-02 8:11:2.123456', 'YYYY-MM-DD HH24:MI:SS.FF5')
NULL
Warnings:
Warning	1411	Incorrect datetime value: '0003-01-02 8:11:2.123456' for function to_timestamp
SELECT to_timestamp('0003-01-02 8:11:2.123456', 'YYYY-MM-DD HH24:MI:SS.FF6') FROM dual;
to_timestamp('0003-01-02 8:11:2.123456', 'YYYY-MM-DD HH24:MI:SS.FF6')
0003-01-02 08:11:02.123456
SELECT to_timestamp('0003-01-02 8:11:2.123456', 'YYYY-MM-DD HH24:MI:SS.FF7') FROM dual;
ERROR HY000: Incorrect string value: 'please check the format string'
SELECT to_timestamp('0003-01-02 8:11:2.123456', 'YYYY-MM-DD HH24:MI:SS.FF8') FROM dual;
ERROR HY000: Incorrect string value: 'please check the format string'
SELECT to_timestamp('0003-01-02 8:11:2.123456', 'YYYY-MM-DD HH24:MI:SS.FF9') FROM dual;
ERROR HY000: Incorrect string value: 'please check the format string'
SELECT to_timestamp('03-01-02 8:11:2.123456', 'YY-MM-DD HH24:MI:SS.FF') FROM dual;
to_timestamp('03-01-02 8:11:2.123456', 'YY-MM-DD HH24:MI:SS.FF')
2003-01-02 08:11:02.123456
SELECT to_timestamp('03-01-02 8:11:2.123456', 'YY-MM-DD HH24:MI:SS.FF8') FROM dual;
ERROR HY000: Incorrect string value: 'please check the format string'
SELECT to_timestamp('03-01-02 8:11:2.123456', 'YY-MM-DD HH24:MI:SS.FF9') FROM dual;
ERROR HY000: Incorrect string value: 'please check the format string'
SELECT to_timestamp('03-01-02 8:11:2.1234567', 'YY-MM-DD HH24:MI:SS.FFA') FROM dual;
ERROR HY000: Incorrect string value: 'please check the format string'
SELECT to_timestamp('03-01-02 8:11:2.1234567', 'YY-MM-DD HH24:MI:SS.FFB') FROM dual;
ERROR HY000: Incorrect string value: 'please check the format string'
#
# D
#
SELECT to_timestamp('', 'D') FROM DUAL ;
to_timestamp('', 'D')
NULL
SELECT to_timestamp('0', 'D') FROM DUAL ;
to_timestamp('0', 'D')
NULL
Warnings:
Warning	1411	Incorrect datetime value: '0' for function to_timestamp
SELECT to_timestamp('8', 'D') FROM DUAL ;
to_timestamp('8', 'D')
NULL
Warnings:
Warning	1411	Incorrect datetime value: '8' for function to_timestamp
SELECT to_timestamp('20220801 1', 'YYYYMMDD D') FROM DUAL ;
to_timestamp('20220801 1', 'YYYYMMDD D')
NULL
Warnings:
Warning	1411	Incorrect datetime value: '20220801 1' for function to_timestamp
SELECT to_timestamp('20220801 2', 'YYYYMMDD D') FROM DUAL ;
to_timestamp('20220801 2', 'YYYYMMDD D')
2022-08-01 00:00:00.000000
#
# DDD
#
SELECT to_timestamp('', 'DDD') FROM DUAL ;
to_timestamp('', 'DDD')
NULL
SELECT to_timestamp('0', 'DDD') FROM DUAL ;
to_timestamp('0', 'DDD')
NULL
Warnings:
Warning	1411	Incorrect datetime value: '0' for function to_timestamp
SELECT to_timestamp('2022 365', 'YYYY DDD') FROM DUAL ;
to_timestamp('2022 365', 'YYYY DDD')
2022-12-31 00:00:00.000000
SELECT to_timestamp('2022 366', 'YYYY DDD') FROM DUAL ;
to_timestamp('2022 366', 'YYYY DDD')
NULL
Warnings:
Warning	1411	Incorrect datetime value: '2022 366' for function to_timestamp
SELECT to_timestamp('2020 366', 'YYYY DDD') FROM DUAL ;
to_timestamp('2020 366', 'YYYY DDD')
2020-12-31 00:00:00.000000
SELECT to_timestamp('2020 367', 'YYYY DDD') FROM DUAL ;
to_timestamp('2020 367', 'YYYY DDD')
NULL
Warnings:
Warning	1411	Incorrect datetime value: '2020 367' for function to_timestamp
SELECT to_timestamp('2022-01-02 1', 'YYYY-MM-DD DDD') FROM DUAL ;
to_timestamp('2022-01-02 1', 'YYYY-MM-DD DDD')
NULL
Warnings:
Warning	1411	Incorrect datetime value: '2022-01-02 1' for function to_timestamp
SELECT to_timestamp('2022-01-01 1', 'YYYY-MM-DD DDD') FROM DUAL ;
to_timestamp('2022-01-01 1', 'YYYY-MM-DD DDD')
2022-01-01 00:00:00.000000
#
# A.M. P.M.
#
SELECT to_timestamp('2022-01-01 10:11:12 a.m.', 'YYYY-MM-DD HH:MI:SS a.m.') FROM DUAL ;
to_timestamp('2022-01-01 10:11:12 a.m.', 'YYYY-MM-DD HH:MI:SS a.m.')
2022-01-01 10:11:12.000000
SELECT to_timestamp('2022-01-01 10:11:12 a.m.', 'YYYY-MM-DD HH:MI:SS A.M.') FROM DUAL ;
to_timestamp('2022-01-01 10:11:12 a.m.', 'YYYY-MM-DD HH:MI:SS A.M.')
2022-01-01 10:11:12.000000
SELECT to_timestamp('2022-01-01 10:11:12 a.m.', 'YYYY-MM-DD HH:MI:SS p.m.') FROM DUAL ;
to_timestamp('2022-01-01 10:11:12 a.m.', 'YYYY-MM-DD HH:MI:SS p.m.')
2022-01-01 10:11:12.000000
SELECT to_timestamp('2022-01-01 10:11:12 a.m.', 'YYYY-MM-DD HH:MI:SS p.M.') FROM DUAL ;
to_timestamp('2022-01-01 10:11:12 a.m.', 'YYYY-MM-DD HH:MI:SS p.M.')
2022-01-01 10:11:12.000000
SELECT to_timestamp('2022-01-01 10:11:12 A.m.', 'YYYY-MM-DD HH:MI:SS a.m.') FROM DUAL ;
to_timestamp('2022-01-01 10:11:12 A.m.', 'YYYY-MM-DD HH:MI:SS a.m.')
2022-01-01 10:11:12.000000
SELECT to_timestamp('2022-01-01 10:11:12 A.m.', 'YYYY-MM-DD HH:MI:SS A.M.') FROM DUAL ;
to_timestamp('2022-01-01 10:11:12 A.m.', 'YYYY-MM-DD HH:MI:SS A.M.')
2022-01-01 10:11:12.000000
SELECT to_timestamp('2022-01-01 10:11:12 A.m.', 'YYYY-MM-DD HH:MI:SS p.m.') FROM DUAL ;
to_timestamp('2022-01-01 10:11:12 A.m.', 'YYYY-MM-DD HH:MI:SS p.m.')
2022-01-01 10:11:12.000000
SELECT to_timestamp('2022-01-01 10:11:12 A.m.', 'YYYY-MM-DD HH:MI:SS p.M.') FROM DUAL ;
to_timestamp('2022-01-01 10:11:12 A.m.', 'YYYY-MM-DD HH:MI:SS p.M.')
2022-01-01 10:11:12.000000
SELECT to_timestamp('2022-01-01 10:11:12 a.M.', 'YYYY-MM-DD HH:MI:SS a.m.') FROM DUAL ;
to_timestamp('2022-01-01 10:11:12 a.M.', 'YYYY-MM-DD HH:MI:SS a.m.')
2022-01-01 10:11:12.000000
SELECT to_timestamp('2022-01-01 10:11:12 a.M.', 'YYYY-MM-DD HH:MI:SS A.M.') FROM DUAL ;
to_timestamp('2022-01-01 10:11:12 a.M.', 'YYYY-MM-DD HH:MI:SS A.M.')
2022-01-01 10:11:12.000000
SELECT to_timestamp('2022-01-01 10:11:12 a.M.', 'YYYY-MM-DD HH:MI:SS p.m.') FROM DUAL ;
to_timestamp('2022-01-01 10:11:12 a.M.', 'YYYY-MM-DD HH:MI:SS p.m.')
2022-01-01 10:11:12.000000
SELECT to_timestamp('2022-01-01 10:11:12 a.M.', 'YYYY-MM-DD HH:MI:SS p.M.') FROM DUAL ;
to_timestamp('2022-01-01 10:11:12 a.M.', 'YYYY-MM-DD HH:MI:SS p.M.')
2022-01-01 10:11:12.000000
SELECT to_timestamp('2022-01-01 10:11:12 A.M.', 'YYYY-MM-DD HH:MI:SS a.m.') FROM DUAL ;
to_timestamp('2022-01-01 10:11:12 A.M.', 'YYYY-MM-DD HH:MI:SS a.m.')
2022-01-01 10:11:12.000000
SELECT to_timestamp('2022-01-01 10:11:12 A.M.', 'YYYY-MM-DD HH:MI:SS A.M.') FROM DUAL ;
to_timestamp('2022-01-01 10:11:12 A.M.', 'YYYY-MM-DD HH:MI:SS A.M.')
2022-01-01 10:11:12.000000
SELECT to_timestamp('2022-01-01 10:11:12 A.M.', 'YYYY-MM-DD HH:MI:SS p.m.') FROM DUAL ;
to_timestamp('2022-01-01 10:11:12 A.M.', 'YYYY-MM-DD HH:MI:SS p.m.')
2022-01-01 10:11:12.000000
SELECT to_timestamp('2022-01-01 10:11:12 A.M.', 'YYYY-MM-DD HH:MI:SS p.M.') FROM DUAL ;
to_timestamp('2022-01-01 10:11:12 A.M.', 'YYYY-MM-DD HH:MI:SS p.M.')
2022-01-01 10:11:12.000000
SELECT to_timestamp('2022-01-01 10:11:12 p.m.', 'YYYY-MM-DD HH:MI:SS a.m.') FROM DUAL ;
to_timestamp('2022-01-01 10:11:12 p.m.', 'YYYY-MM-DD HH:MI:SS a.m.')
2022-01-01 22:11:12.000000
SELECT to_timestamp('2022-01-01 10:11:12 p.m.', 'YYYY-MM-DD HH:MI:SS A.M.') FROM DUAL ;
to_timestamp('2022-01-01 10:11:12 p.m.', 'YYYY-MM-DD HH:MI:SS A.M.')
2022-01-01 22:11:12.000000
SELECT to_timestamp('2022-01-01 10:11:12 p.m.', 'YYYY-MM-DD HH:MI:SS p.m.') FROM DUAL ;
to_timestamp('2022-01-01 10:11:12 p.m.', 'YYYY-MM-DD HH:MI:SS p.m.')
2022-01-01 22:11:12.000000
SELECT to_timestamp('2022-01-01 10:11:12 p.m.', 'YYYY-MM-DD HH:MI:SS p.M.') FROM DUAL ;
to_timestamp('2022-01-01 10:11:12 p.m.', 'YYYY-MM-DD HH:MI:SS p.M.')
2022-01-01 22:11:12.000000
SELECT to_timestamp('2022-01-01 10:11:12 P.m.', 'YYYY-MM-DD HH:MI:SS a.m.') FROM DUAL ;
to_timestamp('2022-01-01 10:11:12 P.m.', 'YYYY-MM-DD HH:MI:SS a.m.')
2022-01-01 22:11:12.000000
SELECT to_timestamp('2022-01-01 10:11:12 P.m.', 'YYYY-MM-DD HH:MI:SS A.M.') FROM DUAL ;
to_timestamp('2022-01-01 10:11:12 P.m.', 'YYYY-MM-DD HH:MI:SS A.M.')
2022-01-01 22:11:12.000000
SELECT to_timestamp('2022-01-01 10:11:12 P.m.', 'YYYY-MM-DD HH:MI:SS p.m.') FROM DUAL ;
to_timestamp('2022-01-01 10:11:12 P.m.', 'YYYY-MM-DD HH:MI:SS p.m.')
2022-01-01 22:11:12.000000
SELECT to_timestamp('2022-01-01 10:11:12 P.m.', 'YYYY-MM-DD HH:MI:SS p.M.') FROM DUAL ;
to_timestamp('2022-01-01 10:11:12 P.m.', 'YYYY-MM-DD HH:MI:SS p.M.')
2022-01-01 22:11:12.000000
SELECT to_timestamp('2022-01-01 10:11:12 p.M.', 'YYYY-MM-DD HH:MI:SS a.m.') FROM DUAL ;
to_timestamp('2022-01-01 10:11:12 p.M.', 'YYYY-MM-DD HH:MI:SS a.m.')
2022-01-01 22:11:12.000000
SELECT to_timestamp('2022-01-01 10:11:12 p.M.', 'YYYY-MM-DD HH:MI:SS A.M.') FROM DUAL ;
to_timestamp('2022-01-01 10:11:12 p.M.', 'YYYY-MM-DD HH:MI:SS A.M.')
2022-01-01 22:11:12.000000
SELECT to_timestamp('2022-01-01 10:11:12 p.M.', 'YYYY-MM-DD HH:MI:SS p.m.') FROM DUAL ;
to_timestamp('2022-01-01 10:11:12 p.M.', 'YYYY-MM-DD HH:MI:SS p.m.')
2022-01-01 22:11:12.000000
SELECT to_timestamp('2022-01-01 10:11:12 p.M.', 'YYYY-MM-DD HH:MI:SS p.M.') FROM DUAL ;
to_timestamp('2022-01-01 10:11:12 p.M.', 'YYYY-MM-DD HH:MI:SS p.M.')
2022-01-01 22:11:12.000000
SELECT to_timestamp('2022-01-01 10:11:12 P.M.', 'YYYY-MM-DD HH:MI:SS a.m.') FROM DUAL ;
to_timestamp('2022-01-01 10:11:12 P.M.', 'YYYY-MM-DD HH:MI:SS a.m.')
2022-01-01 22:11:12.000000
SELECT to_timestamp('2022-01-01 10:11:12 P.M.', 'YYYY-MM-DD HH:MI:SS A.M.') FROM DUAL ;
to_timestamp('2022-01-01 10:11:12 P.M.', 'YYYY-MM-DD HH:MI:SS A.M.')
2022-01-01 22:11:12.000000
SELECT to_timestamp('2022-01-01 10:11:12 P.M.', 'YYYY-MM-DD HH:MI:SS p.m.') FROM DUAL ;
to_timestamp('2022-01-01 10:11:12 P.M.', 'YYYY-MM-DD HH:MI:SS p.m.')
2022-01-01 22:11:12.000000
SELECT to_timestamp('2022-01-01 10:11:12 P.M.', 'YYYY-MM-DD HH:MI:SS p.M.') FROM DUAL ;
to_timestamp('2022-01-01 10:11:12 P.M.', 'YYYY-MM-DD HH:MI:SS p.M.')
2022-01-01 22:11:12.000000
#
# - / : ; . ,
#
SELECT to_timestamp('2022-08-01', 'YYYY-MM-DD') FROM DUAL ;
to_timestamp('2022-08-01', 'YYYY-MM-DD')
2022-08-01 00:00:00.000000
SELECT to_timestamp('2022-08-01', 'YYYY/MM/DD') FROM DUAL ;
to_timestamp('2022-08-01', 'YYYY/MM/DD')
2022-08-01 00:00:00.000000
SELECT to_timestamp('2022-08-01', 'YYYY:MM:DD') FROM DUAL ;
to_timestamp('2022-08-01', 'YYYY:MM:DD')
2022-08-01 00:00:00.000000
SELECT to_timestamp('2022-08-01', 'YYYY.MM.DD') FROM DUAL ;
to_timestamp('2022-08-01', 'YYYY.MM.DD')
2022-08-01 00:00:00.000000
SELECT to_timestamp('2022-08-01', 'YYYY,MM,DD') FROM DUAL ;
to_timestamp('2022-08-01', 'YYYY,MM,DD')
2022-08-01 00:00:00.000000
SELECT to_timestamp('2022/08/01', 'YYYY/MM/DD') FROM DUAL ;
to_timestamp('2022/08/01', 'YYYY/MM/DD')
2022-08-01 00:00:00.000000
SELECT to_timestamp('2022/08/01', 'YYYY-MM-DD') FROM DUAL ;
to_timestamp('2022/08/01', 'YYYY-MM-DD')
2022-08-01 00:00:00.000000
SELECT to_timestamp('2022/08/01', 'YYYY:MM:DD') FROM DUAL ;
to_timestamp('2022/08/01', 'YYYY:MM:DD')
2022-08-01 00:00:00.000000
SELECT to_timestamp('2022/08/01', 'YYYY.MM.DD') FROM DUAL ;
to_timestamp('2022/08/01', 'YYYY.MM.DD')
2022-08-01 00:00:00.000000
SELECT to_timestamp('2022/08/01', 'YYYY,MM,DD') FROM DUAL ;
to_timestamp('2022/08/01', 'YYYY,MM,DD')
2022-08-01 00:00:00.000000
SELECT to_timestamp('2022:08:01', 'YYYY:MM:DD') FROM DUAL ;
to_timestamp('2022:08:01', 'YYYY:MM:DD')
2022-08-01 00:00:00.000000
SELECT to_timestamp('2022:08:01', 'YYYY-MM-DD') FROM DUAL ;
to_timestamp('2022:08:01', 'YYYY-MM-DD')
2022-08-01 00:00:00.000000
SELECT to_timestamp('2022:08:01', 'YYYY/MM/DD') FROM DUAL ;
to_timestamp('2022:08:01', 'YYYY/MM/DD')
2022-08-01 00:00:00.000000
SELECT to_timestamp('2022:08:01', 'YYYY.MM.DD') FROM DUAL ;
to_timestamp('2022:08:01', 'YYYY.MM.DD')
2022-08-01 00:00:00.000000
SELECT to_timestamp('2022:08:01', 'YYYY,MM,DD') FROM DUAL ;
to_timestamp('2022:08:01', 'YYYY,MM,DD')
2022-08-01 00:00:00.000000
SELECT to_timestamp('2022.08.01', 'YYYY.MM.DD') FROM DUAL ;
to_timestamp('2022.08.01', 'YYYY.MM.DD')
2022-08-01 00:00:00.000000
SELECT to_timestamp('2022.08.01', 'YYYY-MM-DD') FROM DUAL ;
to_timestamp('2022.08.01', 'YYYY-MM-DD')
2022-08-01 00:00:00.000000
SELECT to_timestamp('2022.08.01', 'YYYY/MM/DD') FROM DUAL ;
to_timestamp('2022.08.01', 'YYYY/MM/DD')
2022-08-01 00:00:00.000000
SELECT to_timestamp('2022.08.01', 'YYYY:MM:DD') FROM DUAL ;
to_timestamp('2022.08.01', 'YYYY:MM:DD')
2022-08-01 00:00:00.000000
SELECT to_timestamp('2022.08.01', 'YYYY,MM,DD') FROM DUAL ;
to_timestamp('2022.08.01', 'YYYY,MM,DD')
2022-08-01 00:00:00.000000
SELECT to_timestamp('2022,08,01', 'YYYY,MM,DD') FROM DUAL ;
to_timestamp('2022,08,01', 'YYYY,MM,DD')
2022-08-01 00:00:00.000000
SELECT to_timestamp('2022,08,01', 'YYYY-MM-DD') FROM DUAL ;
to_timestamp('2022,08,01', 'YYYY-MM-DD')
2022-08-01 00:00:00.000000
SELECT to_timestamp('2022,08,01', 'YYYY/MM/DD') FROM DUAL ;
to_timestamp('2022,08,01', 'YYYY/MM/DD')
2022-08-01 00:00:00.000000
SELECT to_timestamp('2022,08,01', 'YYYY:MM:DD') FROM DUAL ;
to_timestamp('2022,08,01', 'YYYY:MM:DD')
2022-08-01 00:00:00.000000
SELECT to_timestamp('2022,08,01', 'YYYY.MM.DD') FROM DUAL ;
to_timestamp('2022,08,01', 'YYYY.MM.DD')
2022-08-01 00:00:00.000000
SELECT to_timestamp('2022,08.01', 'YYYY-MM/DD') FROM DUAL ;
to_timestamp('2022,08.01', 'YYYY-MM/DD')
2022-08-01 00:00:00.000000
SELECT to_timestamp('2022:08/01', 'YYYY-MM.DD') FROM DUAL ;
to_timestamp('2022:08/01', 'YYYY-MM.DD')
2022-08-01 00:00:00.000000
SELECT TO_TIMESTAMP('2020-12-31-','YYYY-MM-DD---') FROM DUAL ;
TO_TIMESTAMP('2020-12-31-','YYYY-MM-DD---')
2020-12-31 00:00:00.000000
SELECT TO_TIMESTAMP('2020-12-31','YYYY-MM---DD') FROM DUAL ;
TO_TIMESTAMP('2020-12-31','YYYY-MM---DD')
2020-12-31 00:00:00.000000
SELECT TO_TIMESTAMP('2020-12-31','YYYY---MM---DD') FROM DUAL ;
TO_TIMESTAMP('2020-12-31','YYYY---MM---DD')
2020-12-31 00:00:00.000000
SELECT TO_TIMESTAMP('2020-12-31 ','YYYY-MM-DD ') FROM DUAL ;
TO_TIMESTAMP('2020-12-31 ','YYYY-MM-DD ')
2020-12-31 00:00:00.000000
SELECT TO_TIMESTAMP('2020-12-31 ','YYYY-MM-DD  ') FROM DUAL ;
TO_TIMESTAMP('2020-12-31 ','YYYY-MM-DD  ')
2020-12-31 00:00:00.000000
SELECT TO_TIMESTAMP('2020-12-31  ','YYYY-MM-DD ') FROM DUAL ;
TO_TIMESTAMP('2020-12-31  ','YYYY-MM-DD ')
2020-12-31 00:00:00.000000
SELECT TO_TIMESTAMP('2020-12-31  ?','YYYY-MM-DD ') FROM DUAL ;
TO_TIMESTAMP('2020-12-31  ?','YYYY-MM-DD ')
2020-12-31 00:00:00.000000
SELECT TO_TIMESTAMP('2020-12 ?31','YYYY-MM DD') FROM DUAL ;
TO_TIMESTAMP('2020-12 ?31','YYYY-MM DD')
2020-12-31 00:00:00.000000
SELECT TO_TIMESTAMP('2020-12 ?31','YYYY-MM-DD') FROM DUAL ;
TO_TIMESTAMP('2020-12 ?31','YYYY-MM-DD')
2020-12-31 00:00:00.000000
SELECT TO_TIMESTAMP('2020 12-31','YYYYMM-DD') FROM DUAL ;
TO_TIMESTAMP('2020 12-31','YYYYMM-DD')
2020-12-31 00:00:00.000000
SELECT TO_TIMESTAMP('2020-12-31 ','YYYYMM-DD') FROM DUAL ;
TO_TIMESTAMP('2020-12-31 ','YYYYMM-DD')
NULL
Warnings:
Warning	1411	Incorrect datetime value: '2020-12-31 ' for function to_timestamp
#
# Format matches the end of the date string
#
SELECT TO_TIMESTAMP('20220101 11:22:33', 'YYYYMMDD HH:MI:SS.FF3') FROM DUAL ;
TO_TIMESTAMP('20220101 11:22:33', 'YYYYMMDD HH:MI:SS.FF3')
2022-01-01 11:22:33.000000
SELECT TO_TIMESTAMP('2003-01-02 10:11:12.123','YYYY-MM-DD HH12:MI:SS.FF PM') FROM DUAL ;
TO_TIMESTAMP('2003-01-02 10:11:12.123','YYYY-MM-DD HH12:MI:SS.FF PM')
2003-01-02 10:11:12.123000
SELECT TO_TIMESTAMP('2003-01-02 10:11+','YYYY-MM-DD HH12:MI PM SS') FROM DUAL ;
TO_TIMESTAMP('2003-01-02 10:11+','YYYY-MM-DD HH12:MI PM SS')
2003-01-02 10:11:00.000000
SELECT TO_TIMESTAMP('2003-01-02 10:11:12.123','YYYY-MM-DD HH24:MI:SS.FF PM') FROM DUAL ;
TO_TIMESTAMP('2003-01-02 10:11:12.123','YYYY-MM-DD HH24:MI:SS.FF PM')
NULL
Warnings:
Warning	1411	Incorrect datetime value: '2003-01-02 10:11:12.123' for function to_timestamp
SELECT TO_TIMESTAMP('2022', 'YYYYMM') FROM DUAL ;
TO_TIMESTAMP('2022', 'YYYYMM')
NULL
Warnings:
Warning	1411	Incorrect datetime value: '2022' for function to_timestamp
SELECT TO_TIMESTAMP('202201', 'YYYYMMDD') FROM DUAL ;
TO_TIMESTAMP('202201', 'YYYYMMDD')
NULL
Warnings:
Warning	1411	Incorrect datetime value: '202201' for function to_timestamp
SELECT TO_TIMESTAMP('20220101', 'YYYYMMDD DDD') FROM DUAL ;
TO_TIMESTAMP('20220101', 'YYYYMMDD DDD')
NULL
Warnings:
Warning	1411	Incorrect datetime value: '20220101' for function to_timestamp
SELECT TO_TIMESTAMP('2003-01-02 10:11:12.123AM','YYYY-MM-DD HH12:MI:SS.FF') FROM DUAL ;
TO_TIMESTAMP('2003-01-02 10:11:12.123AM','YYYY-MM-DD HH12:MI:SS.FF')
NULL
Warnings:
Warning	1411	Incorrect datetime value: '2003-01-02 10:11:12.123AM' for function to_timestamp
SELECT TO_TIMESTAMP('2003-01-02 10:11 01','YYYY-MM-DD HH12:MI PM SS') FROM DUAL ;
TO_TIMESTAMP('2003-01-02 10:11 01','YYYY-MM-DD HH12:MI PM SS')
NULL
Warnings:
Warning	1411	Incorrect datetime value: '2003-01-02 10:11 01' for function to_timestamp
SELECT TO_TIMESTAMP('2003-01-02 10:11:12.123','YYYY-MM-DD HH12:MI:SS.FF mon') FROM DUAL ;
TO_TIMESTAMP('2003-01-02 10:11:12.123','YYYY-MM-DD HH12:MI:SS.FF mon')
NULL
Warnings:
Warning	1411	Incorrect datetime value: '2003-01-02 10:11:12.123' for function to_timestamp
SELECT TO_TIMESTAMP('2003-01-02 10:11:12.123','YYYY-MM-DD HH12:MI:SS.FF month') FROM DUAL ;
TO_TIMESTAMP('2003-01-02 10:11:12.123','YYYY-MM-DD HH12:MI:SS.FF month')
NULL
Warnings:
Warning	1411	Incorrect datetime value: '2003-01-02 10:11:12.123' for function to_timestamp
SELECT TO_TIMESTAMP('2003-01-02 10:11:12.123','YYYY-MM-DD HH12:MI:SS.FF day') FROM DUAL ;
TO_TIMESTAMP('2003-01-02 10:11:12.123','YYYY-MM-DD HH12:MI:SS.FF day')
NULL
Warnings:
Warning	1411	Incorrect datetime value: '2003-01-02 10:11:12.123' for function to_timestamp
SELECT TO_TIMESTAMP('2003-01-02 10:11:12.123','YYYY-MM-DD HH12:MI:SS.FF dy') FROM DUAL ;
TO_TIMESTAMP('2003-01-02 10:11:12.123','YYYY-MM-DD HH12:MI:SS.FF dy')
NULL
Warnings:
Warning	1411	Incorrect datetime value: '2003-01-02 10:11:12.123' for function to_timestamp
#
# SSSSS
#
SELECT TO_TIMESTAMP('', 'SSSSS') FROM DUAL ;
TO_TIMESTAMP('', 'SSSSS')
NULL
SELECT TO_TIMESTAMP('40333', 'SSSSS') FROM DUAL ;
TO_TIMESTAMP('40333', 'SSSSS')
2022-08-01 11:12:13.000000
SELECT TO_TIMESTAMP('1140333', 'HHSSSSS') FROM DUAL ;
TO_TIMESTAMP('1140333', 'HHSSSSS')
2022-08-01 11:12:13.000000
SELECT TO_TIMESTAMP('1240333', 'MISSSSS') FROM DUAL ;
TO_TIMESTAMP('1240333', 'MISSSSS')
2022-08-01 11:12:13.000000
SELECT TO_TIMESTAMP('4033313', 'SSSSSSS') FROM DUAL ;
TO_TIMESTAMP('4033313', 'SSSSSSS')
2022-08-01 11:12:13.000000
SELECT TO_TIMESTAMP('1240333', 'HHSSSSS') FROM DUAL ;
TO_TIMESTAMP('1240333', 'HHSSSSS')
NULL
Warnings:
Warning	1411	Incorrect datetime value: '1240333' for function to_timestamp
SELECT TO_TIMESTAMP('1340333', 'MISSSSS') FROM DUAL ;
TO_TIMESTAMP('1340333', 'MISSSSS')
NULL
Warnings:
Warning	1411	Incorrect datetime value: '1340333' for function to_timestamp
SELECT TO_TIMESTAMP('4033314', 'SSSSSSS') FROM DUAL ;
TO_TIMESTAMP('4033314', 'SSSSSSS')
NULL
Warnings:
Warning	1411	Incorrect datetime value: '4033314' for function to_timestamp
#
# DAY
#
SELECT TO_TIMESTAMP('2022-04-01 FRIDAY', 'YYYY-MM-DD DAY') FROM DUAL ;
TO_TIMESTAMP('2022-04-01 FRIDAY', 'YYYY-MM-DD DAY')
2022-04-01 00:00:00.000000
SELECT TO_TIMESTAMP('2022-04-01 friday', 'YYYY-MM-DD DAY') FROM DUAL ;
TO_TIMESTAMP('2022-04-01 friday', 'YYYY-MM-DD DAY')
2022-04-01 00:00:00.000000
SELECT TO_TIMESTAMP('2022-04-01 Friday', 'YYYY-MM-DD DAY') FROM DUAL ;
TO_TIMESTAMP('2022-04-01 Friday', 'YYYY-MM-DD DAY')
2022-04-01 00:00:00.000000
SELECT TO_TIMESTAMP('2022-04-01 FRiday', 'YYYY-MM-DD DAY') FROM DUAL ;
TO_TIMESTAMP('2022-04-01 FRiday', 'YYYY-MM-DD DAY')
2022-04-01 00:00:00.000000
SELECT TO_TIMESTAMP('2022-04-01 fRiday', 'YYYY-MM-DD DAY') FROM DUAL ;
TO_TIMESTAMP('2022-04-01 fRiday', 'YYYY-MM-DD DAY')
2022-04-01 00:00:00.000000
SELECT TO_TIMESTAMP('2022-04-01 FRIDAY', 'YYYY-MM-DD Day') FROM DUAL ;
TO_TIMESTAMP('2022-04-01 FRIDAY', 'YYYY-MM-DD Day')
2022-04-01 00:00:00.000000
SELECT TO_TIMESTAMP('2022-04-01 friday', 'YYYY-MM-DD Day') FROM DUAL ;
TO_TIMESTAMP('2022-04-01 friday', 'YYYY-MM-DD Day')
2022-04-01 00:00:00.000000
SELECT TO_TIMESTAMP('2022-04-01 Friday', 'YYYY-MM-DD Day') FROM DUAL ;
TO_TIMESTAMP('2022-04-01 Friday', 'YYYY-MM-DD Day')
2022-04-01 00:00:00.000000
SELECT TO_TIMESTAMP('2022-04-01 FRiday', 'YYYY-MM-DD Day') FROM DUAL ;
TO_TIMESTAMP('2022-04-01 FRiday', 'YYYY-MM-DD Day')
2022-04-01 00:00:00.000000
SELECT TO_TIMESTAMP('2022-04-01 fRiday', 'YYYY-MM-DD Day') FROM DUAL ;
TO_TIMESTAMP('2022-04-01 fRiday', 'YYYY-MM-DD Day')
2022-04-01 00:00:00.000000
SELECT TO_TIMESTAMP('2022-04-01 FRIDAY', 'YYYY-MM-DD day') FROM DUAL ;
TO_TIMESTAMP('2022-04-01 FRIDAY', 'YYYY-MM-DD day')
2022-04-01 00:00:00.000000
SELECT TO_TIMESTAMP('2022-04-01 friday', 'YYYY-MM-DD day') FROM DUAL ;
TO_TIMESTAMP('2022-04-01 friday', 'YYYY-MM-DD day')
2022-04-01 00:00:00.000000
SELECT TO_TIMESTAMP('2022-04-01 Friday', 'YYYY-MM-DD day') FROM DUAL ;
TO_TIMESTAMP('2022-04-01 Friday', 'YYYY-MM-DD day')
2022-04-01 00:00:00.000000
SELECT TO_TIMESTAMP('2022-04-01 FRiday', 'YYYY-MM-DD day') FROM DUAL ;
TO_TIMESTAMP('2022-04-01 FRiday', 'YYYY-MM-DD day')
2022-04-01 00:00:00.000000
SELECT TO_TIMESTAMP('2022-04-01 fRiday', 'YYYY-MM-DD day') FROM DUAL ;
TO_TIMESTAMP('2022-04-01 fRiday', 'YYYY-MM-DD day')
2022-04-01 00:00:00.000000
SELECT TO_TIMESTAMP('2022-04-01 FRIDAYA', 'YYYY-MM-DD DAY') FROM DUAL ;
TO_TIMESTAMP('2022-04-01 FRIDAYA', 'YYYY-MM-DD DAY')
NULL
Warnings:
Warning	1411	Incorrect datetime value: '2022-04-01 FRIDAYA' for function to_timestamp
SELECT TO_TIMESTAMP('2022-04-01 MONDAY', 'YYYY-MM-DD DY') FROM DUAL ;
TO_TIMESTAMP('2022-04-01 MONDAY', 'YYYY-MM-DD DY')
NULL
Warnings:
Warning	1411	Incorrect datetime value: '2022-04-01 MONDAY' for function to_timestamp
#
# DY
#
SELECT TO_TIMESTAMP('2022-04-01 FRI', 'YYYY-MM-DD DY') FROM DUAL ;
TO_TIMESTAMP('2022-04-01 FRI', 'YYYY-MM-DD DY')
2022-04-01 00:00:00.000000
SELECT TO_TIMESTAMP('2022-04-01 fri', 'YYYY-MM-DD DY') FROM DUAL ;
TO_TIMESTAMP('2022-04-01 fri', 'YYYY-MM-DD DY')
2022-04-01 00:00:00.000000
SELECT TO_TIMESTAMP('2022-04-01 Fri', 'YYYY-MM-DD DY') FROM DUAL ;
TO_TIMESTAMP('2022-04-01 Fri', 'YYYY-MM-DD DY')
2022-04-01 00:00:00.000000
SELECT TO_TIMESTAMP('2022-04-01 FRi', 'YYYY-MM-DD DY') FROM DUAL ;
TO_TIMESTAMP('2022-04-01 FRi', 'YYYY-MM-DD DY')
2022-04-01 00:00:00.000000
SELECT TO_TIMESTAMP('2022-04-01 fRi', 'YYYY-MM-DD DY') FROM DUAL ;
TO_TIMESTAMP('2022-04-01 fRi', 'YYYY-MM-DD DY')
2022-04-01 00:00:00.000000
SELECT TO_TIMESTAMP('2022-04-01 FRI', 'YYYY-MM-DD Dy') FROM DUAL ;
TO_TIMESTAMP('2022-04-01 FRI', 'YYYY-MM-DD Dy')
2022-04-01 00:00:00.000000
SELECT TO_TIMESTAMP('2022-04-01 fri', 'YYYY-MM-DD Dy') FROM DUAL ;
TO_TIMESTAMP('2022-04-01 fri', 'YYYY-MM-DD Dy')
2022-04-01 00:00:00.000000
SELECT TO_TIMESTAMP('2022-04-01 Fri', 'YYYY-MM-DD Dy') FROM DUAL ;
TO_TIMESTAMP('2022-04-01 Fri', 'YYYY-MM-DD Dy')
2022-04-01 00:00:00.000000
SELECT TO_TIMESTAMP('2022-04-01 FRi', 'YYYY-MM-DD Dy') FROM DUAL ;
TO_TIMESTAMP('2022-04-01 FRi', 'YYYY-MM-DD Dy')
2022-04-01 00:00:00.000000
SELECT TO_TIMESTAMP('2022-04-01 fRi', 'YYYY-MM-DD Dy') FROM DUAL ;
TO_TIMESTAMP('2022-04-01 fRi', 'YYYY-MM-DD Dy')
2022-04-01 00:00:00.000000
SELECT TO_TIMESTAMP('2022-04-01 FRI', 'YYYY-MM-DD dy') FROM DUAL ;
TO_TIMESTAMP('2022-04-01 FRI', 'YYYY-MM-DD dy')
2022-04-01 00:00:00.000000
SELECT TO_TIMESTAMP('2022-04-01 fri', 'YYYY-MM-DD dy') FROM DUAL ;
TO_TIMESTAMP('2022-04-01 fri', 'YYYY-MM-DD dy')
2022-04-01 00:00:00.000000
SELECT TO_TIMESTAMP('2022-04-01 Fri', 'YYYY-MM-DD dy') FROM DUAL ;
TO_TIMESTAMP('2022-04-01 Fri', 'YYYY-MM-DD dy')
2022-04-01 00:00:00.000000
SELECT TO_TIMESTAMP('2022-04-01 FRi', 'YYYY-MM-DD dy') FROM DUAL ;
TO_TIMESTAMP('2022-04-01 FRi', 'YYYY-MM-DD dy')
2022-04-01 00:00:00.000000
SELECT TO_TIMESTAMP('2022-04-01 fRi', 'YYYY-MM-DD dy') FROM DUAL ;
TO_TIMESTAMP('2022-04-01 fRi', 'YYYY-MM-DD dy')
2022-04-01 00:00:00.000000
SELECT TO_TIMESTAMP('2022-04-01 FRID', 'YYYY-MM-DD DY') FROM DUAL ;
TO_TIMESTAMP('2022-04-01 FRID', 'YYYY-MM-DD DY')
NULL
Warnings:
Warning	1411	Incorrect datetime value: '2022-04-01 FRID' for function to_timestamp
SELECT TO_TIMESTAMP('2022-04-01 MON', 'YYYY-MM-DD DY') FROM DUAL ;
TO_TIMESTAMP('2022-04-01 MON', 'YYYY-MM-DD DY')
NULL
Warnings:
Warning	1411	Incorrect datetime value: '2022-04-01 MON' for function to_timestamp
#
# J
#
SELECT TO_TIMESTAMP('1', 'J') FROM DUAL ;
TO_TIMESTAMP('1', 'J')
NULL
Warnings:
Warning	1411	Incorrect datetime value: '1' for function to_timestamp
SELECT TO_TIMESTAMP('2459668', 'J') FROM DUAL ;
TO_TIMESTAMP('2459668', 'J')
2022-03-29 00:00:00.000000
SELECT TO_TIMESTAMP('1721057', 'J') FROM DUAL ;
TO_TIMESTAMP('1721057', 'J')
NULL
Warnings:
Warning	1411	Incorrect datetime value: '1721057' for function to_timestamp
SELECT TO_TIMESTAMP('1721023', 'J') FROM DUAL ;
TO_TIMESTAMP('1721023', 'J')
NULL
Warnings:
Warning	1411	Incorrect datetime value: '1721023' for function to_timestamp
SELECT TO_TIMESTAMP('1721424', 'J') FROM DUAL ;
TO_TIMESTAMP('1721424', 'J')
0001-01-01 00:00:00.000000
SELECT TO_TIMESTAMP('5373484', 'J') FROM DUAL ;
TO_TIMESTAMP('5373484', 'J')
9999-12-31 00:00:00.000000
SELECT TO_TIMESTAMP('5373485', 'J') FROM DUAL ;
TO_TIMESTAMP('5373485', 'J')
NULL
Warnings:
Warning	1411	Incorrect datetime value: '5373485' for function to_timestamp
SELECT TO_TIMESTAMP('356', 'DDD'), TO_TIMESTAMP('2459936', 'J'), TO_TIMESTAMP('2022-12-22 356', 'YYYY-MM-DD DDD') , TO_TIMESTAMP('2022-12-22 2459936', 'YYYY-MM-DD J') FROM DUAL ;
TO_TIMESTAMP('356', 'DDD')	TO_TIMESTAMP('2459936', 'J')	TO_TIMESTAMP('2022-12-22 356', 'YYYY-MM-DD DDD')	TO_TIMESTAMP('2022-12-22 2459936', 'YYYY-MM-DD J')
2022-12-22 00:00:00.000000	2022-12-22 00:00:00.000000	2022-12-22 00:00:00.000000	2022-12-22 00:00:00.000000
SELECT TO_TIMESTAMP('2022-12-22 2459937', 'YYYY-MM-DD J') FROM DUAL ;
TO_TIMESTAMP('2022-12-22 2459937', 'YYYY-MM-DD J')
NULL
Warnings:
Warning	1411	Incorrect datetime value: '2022-12-22 2459937' for function to_timestamp
SELECT TO_TIMESTAMP('0', 'J') FROM DUAL ;
TO_TIMESTAMP('0', 'J')
NULL
Warnings:
Warning	1411	Incorrect datetime value: '0' for function to_timestamp
SELECT TO_TIMESTAMP('5373485', 'J') FROM DUAL ;
TO_TIMESTAMP('5373485', 'J')
NULL
Warnings:
Warning	1411	Incorrect datetime value: '5373485' for function to_timestamp
SELECT TO_TIMESTAMP('356 2459936', 'DDD J') FROM DUAL;
TO_TIMESTAMP('356 2459936', 'DDD J')
NULL
Warnings:
Warning	1411	Incorrect datetime value: '356 2459936' for function to_timestamp
SELECT TO_TIMESTAMP('2459936 356', 'J DDD') FROM DUAL;
TO_TIMESTAMP('2459936 356', 'J DDD')
NULL
Warnings:
Warning	1411	Incorrect datetime value: '2459936 356' for function to_timestamp
#
# RM
#
SELECT TO_TIMESTAMP('IV', 'RM') FROM DUAL ;
TO_TIMESTAMP('IV', 'RM')
2022-04-01 00:00:00.000000
SELECT TO_TIMESTAMP('Iv', 'RM') FROM DUAL ;
TO_TIMESTAMP('Iv', 'RM')
2022-04-01 00:00:00.000000
SELECT TO_TIMESTAMP('iv', 'RM') FROM DUAL ;
TO_TIMESTAMP('iv', 'RM')
2022-04-01 00:00:00.000000
SELECT TO_TIMESTAMP('iV', 'RM') FROM DUAL ;
TO_TIMESTAMP('iV', 'RM')
2022-04-01 00:00:00.000000
SELECT TO_TIMESTAMP('IV', 'rm') FROM DUAL ;
TO_TIMESTAMP('IV', 'rm')
2022-04-01 00:00:00.000000
SELECT TO_TIMESTAMP('Iv', 'rm') FROM DUAL ;
TO_TIMESTAMP('Iv', 'rm')
2022-04-01 00:00:00.000000
SELECT TO_TIMESTAMP('iv', 'rm') FROM DUAL ;
TO_TIMESTAMP('iv', 'rm')
2022-04-01 00:00:00.000000
SELECT TO_TIMESTAMP('iV', 'rm') FROM DUAL ;
TO_TIMESTAMP('iV', 'rm')
2022-04-01 00:00:00.000000
SELECT TO_TIMESTAMP('IV', 'Rm') FROM DUAL ;
TO_TIMESTAMP('IV', 'Rm')
2022-04-01 00:00:00.000000
SELECT TO_TIMESTAMP('Iv', 'Rm') FROM DUAL ;
TO_TIMESTAMP('Iv', 'Rm')
2022-04-01 00:00:00.000000
SELECT TO_TIMESTAMP('iv', 'Rm') FROM DUAL ;
TO_TIMESTAMP('iv', 'Rm')
2022-04-01 00:00:00.000000
SELECT TO_TIMESTAMP('iV', 'Rm') FROM DUAL ;
TO_TIMESTAMP('iV', 'Rm')
2022-04-01 00:00:00.000000
SELECT TO_TIMESTAMP('IV', 'rM') FROM DUAL ;
TO_TIMESTAMP('IV', 'rM')
2022-04-01 00:00:00.000000
SELECT TO_TIMESTAMP('Iv', 'rM') FROM DUAL ;
TO_TIMESTAMP('Iv', 'rM')
2022-04-01 00:00:00.000000
SELECT TO_TIMESTAMP('iv', 'rM') FROM DUAL ;
TO_TIMESTAMP('iv', 'rM')
2022-04-01 00:00:00.000000
SELECT TO_TIMESTAMP('iV', 'rM') FROM DUAL ;
TO_TIMESTAMP('iV', 'rM')
2022-04-01 00:00:00.000000
SELECT TO_TIMESTAMP('356XII', 'DDDRM') FROM DUAL ;
TO_TIMESTAMP('356XII', 'DDDRM')
2022-12-22 00:00:00.000000
SELECT TO_TIMESTAMP('2459936XII', 'JRM') FROM DUAL ;
TO_TIMESTAMP('2459936XII', 'JRM')
2022-12-22 00:00:00.000000
SELECT TO_TIMESTAMP('2022-04-22 IV', 'YYYY-MM-DD RM') FROM DUAL ;
TO_TIMESTAMP('2022-04-22 IV', 'YYYY-MM-DD RM')
NULL
Warnings:
Warning	1411	Incorrect datetime value: '2022-04-22 IV' for function to_timestamp
SELECT TO_TIMESTAMP('356XI', 'DDDRM') FROM DUAL ;
TO_TIMESTAMP('356XI', 'DDDRM')
NULL
Warnings:
Warning	1411	Incorrect datetime value: '356XI' for function to_timestamp
SELECT TO_TIMESTAMP('2459936XI', 'JRM') FROM DUAL ;
TO_TIMESTAMP('2459936XI', 'JRM')
NULL
Warnings:
Warning	1411	Incorrect datetime value: '2459936XI' for function to_timestamp
SELECT TO_TIMESTAMP('I', 'RM') FROM DUAL ;
TO_TIMESTAMP('I', 'RM')
2022-01-01 00:00:00.000000
SELECT TO_TIMESTAMP('II', 'RM') FROM DUAL ;
TO_TIMESTAMP('II', 'RM')
2022-02-01 00:00:00.000000
SELECT TO_TIMESTAMP('III', 'RM') FROM DUAL ;
TO_TIMESTAMP('III', 'RM')
2022-03-01 00:00:00.000000
SELECT TO_TIMESTAMP('IV', 'RM') FROM DUAL ;
TO_TIMESTAMP('IV', 'RM')
2022-04-01 00:00:00.000000
SELECT TO_TIMESTAMP('V', 'RM') FROM DUAL ;
TO_TIMESTAMP('V', 'RM')
2022-05-01 00:00:00.000000
SELECT TO_TIMESTAMP('VI', 'RM') FROM DUAL ;
TO_TIMESTAMP('VI', 'RM')
2022-06-01 00:00:00.000000
SELECT TO_TIMESTAMP('VII', 'RM') FROM DUAL ;
TO_TIMESTAMP('VII', 'RM')
2022-07-01 00:00:00.000000
SELECT TO_TIMESTAMP('VIII', 'RM') FROM DUAL ;
TO_TIMESTAMP('VIII', 'RM')
2022-08-01 00:00:00.000000
SELECT TO_TIMESTAMP('IX', 'RM') FROM DUAL ;
TO_TIMESTAMP('IX', 'RM')
2022-09-01 00:00:00.000000
SELECT TO_TIMESTAMP('X', 'RM') FROM DUAL ;
TO_TIMESTAMP('X', 'RM')
2022-10-01 00:00:00.000000
SELECT TO_TIMESTAMP('XI', 'RM') FROM DUAL ;
TO_TIMESTAMP('XI', 'RM')
2022-11-01 00:00:00.000000
SELECT TO_TIMESTAMP('XII', 'RM') FROM DUAL ;
TO_TIMESTAMP('XII', 'RM')
2022-12-01 00:00:00.000000
SELECT TO_TIMESTAMP('XIII', 'RM') FROM DUAL ;
TO_TIMESTAMP('XIII', 'RM')
NULL
Warnings:
Warning	1411	Incorrect datetime value: 'XIII' for function to_timestamp
#
# Y,YYY
#
SELECT TO_TIMESTAMP ('2022', 'Y,YYY') FROM DUAL ;
TO_TIMESTAMP ('2022', 'Y,YYY')
2022-08-01 00:00:00.000000
SELECT TO_TIMESTAMP ('2,022', 'Y,YYY') FROM DUAL ;
TO_TIMESTAMP ('2,022', 'Y,YYY')
2022-08-01 00:00:00.000000
SELECT TO_TIMESTAMP ('20,22', 'Y,YYY') FROM DUAL ;
TO_TIMESTAMP ('20,22', 'Y,YYY')
2022-08-01 00:00:00.000000
SELECT TO_TIMESTAMP ('202,2', 'Y,YYY') FROM DUAL ;
TO_TIMESTAMP ('202,2', 'Y,YYY')
2022-08-01 00:00:00.000000
SELECT TO_TIMESTAMP ('20,2', 'Y,YYY') FROM DUAL ;
TO_TIMESTAMP ('20,2', 'Y,YYY')
0202-08-01 00:00:00.000000
SELECT TO_TIMESTAMP ('2', 'Y,YYY') FROM DUAL ;
TO_TIMESTAMP ('2', 'Y,YYY')
0002-08-01 00:00:00.000000
SELECT TO_TIMESTAMP ('22,', 'Y,YYY') FROM DUAL ;
TO_TIMESTAMP ('22,', 'Y,YYY')
0022-08-01 00:00:00.000000
SELECT TO_TIMESTAMP ('00011-12', 'Y,YYY,MM') FROM DUAL ;
TO_TIMESTAMP ('00011-12', 'Y,YYY,MM')
0011-12-01 00:00:00.000000
SELECT TO_TIMESTAMP ('0001,-12', 'Y,YYY,MM') FROM DUAL ;
TO_TIMESTAMP ('0001,-12', 'Y,YYY,MM')
0001-12-01 00:00:00.000000
SELECT TO_TIMESTAMP ('0001,0-12', 'Y,YYY,MM') FROM DUAL ;
TO_TIMESTAMP ('0001,0-12', 'Y,YYY,MM')
0010-12-01 00:00:00.000000
SELECT TO_TIMESTAMP ('0001,12', 'Y,YYYMM') FROM DUAL ;
TO_TIMESTAMP ('0001,12', 'Y,YYYMM')
0011-02-01 00:00:00.000000
SELECT TO_TIMESTAMP ('0000,12', 'Y,YYYMM') FROM DUAL ;
TO_TIMESTAMP ('0000,12', 'Y,YYYMM')
0001-02-01 00:00:00.000000
SELECT TO_TIMESTAMP ('000,1211', 'Y,YYYMM') FROM DUAL ;
TO_TIMESTAMP ('000,1211', 'Y,YYYMM')
0012-11-01 00:00:00.000000
SELECT TO_TIMESTAMP ('0001,12', 'Y,YYY') FROM DUAL ;
TO_TIMESTAMP ('0001,12', 'Y,YYY')
NULL
Warnings:
Warning	1411	Incorrect datetime value: '0001,12' for function to_timestamp
SELECT TO_TIMESTAMP ('000112', 'Y,YYYMM') FROM DUAL ;
TO_TIMESTAMP ('000112', 'Y,YYYMM')
0011-02-01 00:00:00.000000
SELECT TO_TIMESTAMP ('00011,2', 'Y,YYYMM') FROM DUAL ;
TO_TIMESTAMP ('00011,2', 'Y,YYYMM')
NULL
Warnings:
Warning	1411	Incorrect datetime value: '00011,2' for function to_timestamp
SELECT TO_TIMESTAMP ('10011', 'Y,YYYMM') FROM DUAL ;
TO_TIMESTAMP ('10011', 'Y,YYYMM')
NULL
Warnings:
Warning	1411	Incorrect datetime value: '10011' for function to_timestamp
SELECT TO_TIMESTAMP ('1001,1', 'Y,YYYMM') FROM DUAL ;
TO_TIMESTAMP ('1001,1', 'Y,YYYMM')
NULL
Warnings:
Warning	1411	Incorrect datetime value: '1001,1' for function to_timestamp
SELECT TO_TIMESTAMP ('2,222-11', 'Y,YYY-MM') FROM DUAL ;
TO_TIMESTAMP ('2,222-11', 'Y,YYY-MM')
2222-11-01 00:00:00.000000
SELECT TO_TIMESTAMP ('00,2211', 'Y,YYYMM') FROM DUAL ;
TO_TIMESTAMP ('00,2211', 'Y,YYYMM')
0221-01-01 00:00:00.000000
SELECT TO_TIMESTAMP ('01,2211', 'Y,YYYMM') FROM DUAL ;
TO_TIMESTAMP ('01,2211', 'Y,YYYMM')
1221-01-01 00:00:00.000000
SELECT TO_TIMESTAMP ('22,2211', 'Y,YYYMM') FROM DUAL ;
TO_TIMESTAMP ('22,2211', 'Y,YYYMM')
NULL
Warnings:
Warning	1411	Incorrect datetime value: '22,2211' for function to_timestamp
SELECT TO_TIMESTAMP ('202-2', 'Y,YYY') FROM DUAL ;
TO_TIMESTAMP ('202-2', 'Y,YYY')
NULL
Warnings:
Warning	1411	Incorrect datetime value: '202-2' for function to_timestamp
#
# X
#
SELECT TO_TIMESTAMP('2003-01-02 10:11:12.123','YYYY-MM-DD HH12:MI:SSXFF') FROM DUAL ;
TO_TIMESTAMP('2003-01-02 10:11:12.123','YYYY-MM-DD HH12:MI:SSXFF')
2003-01-02 10:11:12.123000
SELECT TO_TIMESTAMP('2003-01-02 10:11:12,123','YYYY-MM-DD HH12:MI:SSXFF') FROM DUAL ;
TO_TIMESTAMP('2003-01-02 10:11:12,123','YYYY-MM-DD HH12:MI:SSXFF')
NULL
Warnings:
Warning	1411	Incorrect datetime value: '2003-01-02 10:11:12,123' for function to_timestamp
SELECT TO_TIMESTAMP('2003-01-02 10:11:12..123','YYYY-MM-DD HH12:MI:SSXFF') FROM DUAL ;
TO_TIMESTAMP('2003-01-02 10:11:12..123','YYYY-MM-DD HH12:MI:SSXFF')
NULL
Warnings:
Warning	1411	Incorrect datetime value: '2003-01-02 10:11:12..123' for function to_timestamp
SELECT TO_TIMESTAMP('2003-01-02.123 10:11:12','YYYY-MM-DDXFF HH12:MI:SS') FROM DUAL ;
TO_TIMESTAMP('2003-01-02.123 10:11:12','YYYY-MM-DDXFF HH12:MI:SS')
2003-01-02 10:11:12.123000
SELECT TO_TIMESTAMP('2003-01-02.123 10:11:12','YYYY-MM-DD.FF HH12:MI:SS') FROM DUAL ;
TO_TIMESTAMP('2003-01-02.123 10:11:12','YYYY-MM-DD.FF HH12:MI:SS')
2003-01-02 10:11:12.123000
SELECT TO_TIMESTAMP('2003-01-02-123 10:11:12','YYYY-MM-DDXFF HH12:MI:SS') FROM DUAL ;
TO_TIMESTAMP('2003-01-02-123 10:11:12','YYYY-MM-DDXFF HH12:MI:SS')
NULL
Warnings:
Warning	1411	Incorrect datetime value: '2003-01-02-123 10:11:12' for function to_timestamp
SELECT TO_TIMESTAMP('2003-01-02.12 10:11','YYYY-MM-DDXSS HH12:MI') FROM DUAL ;
TO_TIMESTAMP('2003-01-02.12 10:11','YYYY-MM-DDXSS HH12:MI')
2003-01-02 10:11:12.000000
SELECT TO_TIMESTAMP('2003-01-02.10:11:12','YYYY-MM-DDXHH12:MI:SS') FROM DUAL ;
TO_TIMESTAMP('2003-01-02.10:11:12','YYYY-MM-DDXHH12:MI:SS')
2003-01-02 10:11:12.000000
#
# TH
#
SELECT TO_TIMESTAMP('2012', 'YYYYTH') FROM DUAL;
TO_TIMESTAMP('2012', 'YYYYTH')
2012-08-01 00:00:00.000000
SELECT TO_TIMESTAMP('11', 'MMTH') FROM DUAL;
TO_TIMESTAMP('11', 'MMTH')
2022-11-01 00:00:00.000000
SELECT TO_TIMESTAMP('11', 'DDTH') FROM DUAL;
TO_TIMESTAMP('11', 'DDTH')
2022-08-11 00:00:00.000000
SELECT TO_TIMESTAMP('11', 'HHTH') FROM DUAL;
TO_TIMESTAMP('11', 'HHTH')
2022-08-01 11:00:00.000000
SELECT TO_TIMESTAMP('11', 'MITH') FROM DUAL;
TO_TIMESTAMP('11', 'MITH')
2022-08-01 00:11:00.000000
SELECT TO_TIMESTAMP('11', 'SSTH') FROM DUAL;
TO_TIMESTAMP('11', 'SSTH')
2022-08-01 00:00:11.000000
SELECT TO_TIMESTAMP('2012-03-04 11:12:13', 'YYYYTH-MMTH-DDTH HHTH:MITH:SSTH') FROM DUAL;
TO_TIMESTAMP('2012-03-04 11:12:13', 'YYYYTH-MMTH-DDTH HHTH:MITH:SSTH')
2012-03-04 11:12:13.000000
#
# Format code appears twice
#
SELECT TO_TIMESTAMP('2022-2022', 'YYYY-YYYY') FROM DUAL;
ERROR HY000: Incorrect string value: 'format code appears twice'
SELECT TO_TIMESTAMP('11-11', 'MM-MM') FROM DUAL;
ERROR HY000: Incorrect string value: 'format code appears twice'
SELECT TO_TIMESTAMP('11-11', 'DD-DD') FROM DUAL;
ERROR HY000: Incorrect string value: 'format code appears twice'
SELECT TO_TIMESTAMP('11-11', 'HH12-HH12') FROM DUAL;
ERROR HY000: Incorrect string value: 'format code appears twice'
SELECT TO_TIMESTAMP('11-11', 'MI-MI') FROM DUAL;
ERROR HY000: Incorrect string value: 'format code appears twice'
SELECT TO_TIMESTAMP('11-11', 'SS-SS') FROM DUAL;
ERROR HY000: Incorrect string value: 'format code appears twice'
SELECT TO_TIMESTAMP('2022-12-23 17:19:21', 'YYYY-MM-DD HH24:MI:SS') FROM DUAL;
TO_TIMESTAMP('2022-12-23 17:19:21', 'YYYY-MM-DD HH24:MI:SS')
2022-12-23 17:19:21.000000
SELECT TO_TIMESTAMP('2022-022', 'YYYY-YYY') FROM DUAL;
TO_TIMESTAMP('2022-022', 'YYYY-YYY')
NULL
Warnings:
Warning	1411	Incorrect datetime value: '2022-022' for function to_timestamp
SELECT TO_TIMESTAMP('2022-22', 'YYYY-YY') FROM DUAL;
TO_TIMESTAMP('2022-22', 'YYYY-YY')
NULL
Warnings:
Warning	1411	Incorrect datetime value: '2022-22' for function to_timestamp
SELECT TO_TIMESTAMP('2022-22', 'YYYY-Y') FROM DUAL;
TO_TIMESTAMP('2022-22', 'YYYY-Y')
NULL
Warnings:
Warning	1411	Incorrect datetime value: '2022-22' for function to_timestamp
SELECT TO_TIMESTAMP('2022-2,022', 'YYYY-Y,YYY') FROM DUAL;
TO_TIMESTAMP('2022-2,022', 'YYYY-Y,YYY')
NULL
Warnings:
Warning	1411	Incorrect datetime value: '2022-2,022' for function to_timestamp
SELECT TO_TIMESTAMP('2022-22', 'YYYY-RR') FROM DUAL;
TO_TIMESTAMP('2022-22', 'YYYY-RR')
NULL
Warnings:
Warning	1411	Incorrect datetime value: '2022-22' for function to_timestamp
SELECT TO_TIMESTAMP('2022-2202', 'YYYY-RRRR') FROM DUAL;
TO_TIMESTAMP('2022-2202', 'YYYY-RRRR')
NULL
Warnings:
Warning	1411	Incorrect datetime value: '2022-2202' for function to_timestamp
SELECT TO_TIMESTAMP('022-22', 'YYY-YY') FROM DUAL;
TO_TIMESTAMP('022-22', 'YYY-YY')
NULL
Warnings:
Warning	1411	Incorrect datetime value: '022-22' for function to_timestamp
SELECT TO_TIMESTAMP('022-2', 'YYY-Y') FROM DUAL;
TO_TIMESTAMP('022-2', 'YYY-Y')
NULL
Warnings:
Warning	1411	Incorrect datetime value: '022-2' for function to_timestamp
SELECT TO_TIMESTAMP('022-2,022', 'YYY-Y,YYY') FROM DUAL;
TO_TIMESTAMP('022-2,022', 'YYY-Y,YYY')
NULL
Warnings:
Warning	1411	Incorrect datetime value: '022-2,022' for function to_timestamp
SELECT TO_TIMESTAMP('022-22', 'YYY-RR') FROM DUAL;
TO_TIMESTAMP('022-22', 'YYY-RR')
NULL
Warnings:
Warning	1411	Incorrect datetime value: '022-22' for function to_timestamp
SELECT TO_TIMESTAMP('022-2202', 'YYY-RRRR') FROM DUAL;
TO_TIMESTAMP('022-2202', 'YYY-RRRR')
NULL
Warnings:
Warning	1411	Incorrect datetime value: '022-2202' for function to_timestamp
SELECT TO_TIMESTAMP('22-2', 'YY-Y') FROM DUAL;
TO_TIMESTAMP('22-2', 'YY-Y')
NULL
Warnings:
Warning	1411	Incorrect datetime value: '22-2' for function to_timestamp
SELECT TO_TIMESTAMP('22-2,022', 'YY-Y,YYY') FROM DUAL;
TO_TIMESTAMP('22-2,022', 'YY-Y,YYY')
NULL
Warnings:
Warning	1411	Incorrect datetime value: '22-2,022' for function to_timestamp
SELECT TO_TIMESTAMP('22-22', 'YY-RR') FROM DUAL;
TO_TIMESTAMP('22-22', 'YY-RR')
NULL
Warnings:
Warning	1411	Incorrect datetime value: '22-22' for function to_timestamp
SELECT TO_TIMESTAMP('22-2202', 'YY-RRRR') FROM DUAL;
TO_TIMESTAMP('22-2202', 'YY-RRRR')
NULL
Warnings:
Warning	1411	Incorrect datetime value: '22-2202' for function to_timestamp
SELECT TO_TIMESTAMP('2-2,022', 'Y-Y,YYY') FROM DUAL;
TO_TIMESTAMP('2-2,022', 'Y-Y,YYY')
NULL
Warnings:
Warning	1411	Incorrect datetime value: '2-2,022' for function to_timestamp
SELECT TO_TIMESTAMP('2-22', 'Y-RR') FROM DUAL;
TO_TIMESTAMP('2-22', 'Y-RR')
NULL
Warnings:
Warning	1411	Incorrect datetime value: '2-22' for function to_timestamp
SELECT TO_TIMESTAMP('2-2202', 'Y-RRRR') FROM DUAL;
TO_TIMESTAMP('2-2202', 'Y-RRRR')
NULL
Warnings:
Warning	1411	Incorrect datetime value: '2-2202' for function to_timestamp
SELECT TO_TIMESTAMP('2022-22', 'RRRR-RR') FROM DUAL;
TO_TIMESTAMP('2022-22', 'RRRR-RR')
NULL
Warnings:
Warning	1411	Incorrect datetime value: '2022-22' for function to_timestamp
SELECT TO_TIMESTAMP('05-MAY', 'MM-MONTH') FROM DUAL;
TO_TIMESTAMP('05-MAY', 'MM-MONTH')
NULL
Warnings:
Warning	1411	Incorrect datetime value: '05-MAY' for function to_timestamp
SELECT TO_TIMESTAMP('05-MAY', 'MM-MON') FROM DUAL;
TO_TIMESTAMP('05-MAY', 'MM-MON')
NULL
Warnings:
Warning	1411	Incorrect datetime value: '05-MAY' for function to_timestamp
SELECT TO_TIMESTAMP('05-V', 'MM-RM') FROM DUAL;
TO_TIMESTAMP('05-V', 'MM-RM')
NULL
Warnings:
Warning	1411	Incorrect datetime value: '05-V' for function to_timestamp
SELECT TO_TIMESTAMP('MAY-MAY', 'MONTH-MON') FROM DUAL;
TO_TIMESTAMP('MAY-MAY', 'MONTH-MON')
NULL
Warnings:
Warning	1411	Incorrect datetime value: 'MAY-MAY' for function to_timestamp
SELECT TO_TIMESTAMP('MAY-V', 'MONTH-RM') FROM DUAL;
TO_TIMESTAMP('MAY-V', 'MONTH-RM')
NULL
Warnings:
Warning	1411	Incorrect datetime value: 'MAY-V' for function to_timestamp
SELECT TO_TIMESTAMP('MAY-V', 'MON-RM') FROM DUAL;
TO_TIMESTAMP('MAY-V', 'MON-RM')
NULL
Warnings:
Warning	1411	Incorrect datetime value: 'MAY-V' for function to_timestamp
SELECT TO_TIMESTAMP('11-11', 'HH24-HH12') FROM DUAL;
TO_TIMESTAMP('11-11', 'HH24-HH12')
NULL
Warnings:
Warning	1411	Incorrect datetime value: '11-11' for function to_timestamp
SELECT TO_TIMESTAMP('11-11', 'HH24-HH') FROM DUAL;
TO_TIMESTAMP('11-11', 'HH24-HH')
NULL
Warnings:
Warning	1411	Incorrect datetime value: '11-11' for function to_timestamp
SELECT TO_TIMESTAMP('11-11', 'HH12-HH') FROM DUAL;
TO_TIMESTAMP('11-11', 'HH12-HH')
NULL
Warnings:
Warning	1411	Incorrect datetime value: '11-11' for function to_timestamp
#
# FX FM
#
SELECT TO_TIMESTAMP('22', 'YYYY') FROM DUAL;
TO_TIMESTAMP('22', 'YYYY')
0022-08-01 00:00:00.000000
SELECT TO_TIMESTAMP('22', 'FMYYYY') FROM DUAL;
TO_TIMESTAMP('22', 'FMYYYY')
0022-08-01 00:00:00.000000
SELECT TO_TIMESTAMP('22', 'FXYYYY') FROM DUAL;
TO_TIMESTAMP('22', 'FXYYYY')
NULL
Warnings:
Warning	1411	Incorrect datetime value: '22' for function to_timestamp
SELECT TO_TIMESTAMP('2022', 'FXYYYY') FROM DUAL;
TO_TIMESTAMP('2022', 'FXYYYY')
2022-08-01 00:00:00.000000
SELECT TO_TIMESTAMP('2022', 'FXYYYYTH') FROM DUAL;
TO_TIMESTAMP('2022', 'FXYYYYTH')
2022-08-01 00:00:00.000000
SELECT TO_TIMESTAMP('22', 'FXFMYYYY') FROM DUAL;
TO_TIMESTAMP('22', 'FXFMYYYY')
0022-08-01 00:00:00.000000
SELECT TO_TIMESTAMP('22', 'YYY') FROM DUAL;
TO_TIMESTAMP('22', 'YYY')
2022-08-01 00:00:00.000000
SELECT TO_TIMESTAMP('22', 'FMYYY') FROM DUAL;
TO_TIMESTAMP('22', 'FMYYY')
2022-08-01 00:00:00.000000
SELECT TO_TIMESTAMP('22', 'FXYYY') FROM DUAL;
TO_TIMESTAMP('22', 'FXYYY')
NULL
Warnings:
Warning	1411	Incorrect datetime value: '22' for function to_timestamp
SELECT TO_TIMESTAMP('022', 'FXYYY') FROM DUAL;
TO_TIMESTAMP('022', 'FXYYY')
2022-08-01 00:00:00.000000
SELECT TO_TIMESTAMP('22', 'FXFMYYY') FROM DUAL;
TO_TIMESTAMP('22', 'FXFMYYY')
2022-08-01 00:00:00.000000
SELECT TO_TIMESTAMP('2', 'YY') FROM DUAL;
TO_TIMESTAMP('2', 'YY')
2002-08-01 00:00:00.000000
SELECT TO_TIMESTAMP('2', 'FMYY') FROM DUAL;
TO_TIMESTAMP('2', 'FMYY')
2002-08-01 00:00:00.000000
SELECT TO_TIMESTAMP('2', 'FXYY') FROM DUAL;
TO_TIMESTAMP('2', 'FXYY')
NULL
Warnings:
Warning	1411	Incorrect datetime value: '2' for function to_timestamp
SELECT TO_TIMESTAMP('22', 'FXYY') FROM DUAL;
TO_TIMESTAMP('22', 'FXYY')
2022-08-01 00:00:00.000000
SELECT TO_TIMESTAMP('2', 'FXFMYY') FROM DUAL;
TO_TIMESTAMP('2', 'FXFMYY')
2002-08-01 00:00:00.000000
SELECT TO_TIMESTAMP('2', 'Y') FROM DUAL;
TO_TIMESTAMP('2', 'Y')
2022-08-01 00:00:00.000000
SELECT TO_TIMESTAMP('2', 'FMY') FROM DUAL;
TO_TIMESTAMP('2', 'FMY')
2022-08-01 00:00:00.000000
SELECT TO_TIMESTAMP('2', 'FXY') FROM DUAL;
TO_TIMESTAMP('2', 'FXY')
2022-08-01 00:00:00.000000
SELECT TO_TIMESTAMP('22', 'FXY') FROM DUAL;
TO_TIMESTAMP('22', 'FXY')
NULL
Warnings:
Warning	1411	Incorrect datetime value: '22' for function to_timestamp
SELECT TO_TIMESTAMP('2', 'FXFMY') FROM DUAL;
TO_TIMESTAMP('2', 'FXFMY')
2022-08-01 00:00:00.000000
SELECT TO_TIMESTAMP('2', 'RR') FROM DUAL;
TO_TIMESTAMP('2', 'RR')
2002-08-01 00:00:00.000000
SELECT TO_TIMESTAMP('2', 'FMRR') FROM DUAL;
TO_TIMESTAMP('2', 'FMRR')
2002-08-01 00:00:00.000000
SELECT TO_TIMESTAMP('2', 'FXRR') FROM DUAL;
TO_TIMESTAMP('2', 'FXRR')
NULL
Warnings:
Warning	1411	Incorrect datetime value: '2' for function to_timestamp
SELECT TO_TIMESTAMP('22', 'FXRR') FROM DUAL;
TO_TIMESTAMP('22', 'FXRR')
2022-08-01 00:00:00.000000
SELECT TO_TIMESTAMP('2', 'FXFMRR') FROM DUAL;
TO_TIMESTAMP('2', 'FXFMRR')
2002-08-01 00:00:00.000000
SELECT TO_TIMESTAMP('22', 'RRRR') FROM DUAL;
TO_TIMESTAMP('22', 'RRRR')
2022-08-01 00:00:00.000000
SELECT TO_TIMESTAMP('22', 'FMRRRR') FROM DUAL;
TO_TIMESTAMP('22', 'FMRRRR')
2022-08-01 00:00:00.000000
SELECT TO_TIMESTAMP('22', 'FXRRRR') FROM DUAL;
TO_TIMESTAMP('22', 'FXRRRR')
NULL
Warnings:
Warning	1411	Incorrect datetime value: '22' for function to_timestamp
SELECT TO_TIMESTAMP('2022', 'FXRRRR') FROM DUAL;
TO_TIMESTAMP('2022', 'FXRRRR')
2022-08-01 00:00:00.000000
SELECT TO_TIMESTAMP('2022', 'FXRRRRTH') FROM DUAL;
TO_TIMESTAMP('2022', 'FXRRRRTH')
2022-08-01 00:00:00.000000
SELECT TO_TIMESTAMP('22', 'FXFMRRRR') FROM DUAL;
TO_TIMESTAMP('22', 'FXFMRRRR')
2022-08-01 00:00:00.000000
SELECT TO_TIMESTAMP('2', 'MM') FROM DUAL;
TO_TIMESTAMP('2', 'MM')
2022-02-01 00:00:00.000000
SELECT TO_TIMESTAMP('02', 'MM') FROM DUAL;
TO_TIMESTAMP('02', 'MM')
2022-02-01 00:00:00.000000
SELECT TO_TIMESTAMP('2', 'FMMM') FROM DUAL;
TO_TIMESTAMP('2', 'FMMM')
2022-02-01 00:00:00.000000
SELECT TO_TIMESTAMP('2', 'FXMM') FROM DUAL;
TO_TIMESTAMP('2', 'FXMM')
NULL
Warnings:
Warning	1411	Incorrect datetime value: '2' for function to_timestamp
SELECT TO_TIMESTAMP('02', 'FXMM') FROM DUAL;
TO_TIMESTAMP('02', 'FXMM')
2022-02-01 00:00:00.000000
SELECT TO_TIMESTAMP('2', 'FXFMMM') FROM DUAL;
TO_TIMESTAMP('2', 'FXFMMM')
2022-02-01 00:00:00.000000
SELECT TO_TIMESTAMP('MAR', 'MONTH') FROM DUAL;
TO_TIMESTAMP('MAR', 'MONTH')
2022-03-01 00:00:00.000000
SELECT TO_TIMESTAMP('MAR', 'FMMONTH') FROM DUAL;
TO_TIMESTAMP('MAR', 'FMMONTH')
2022-03-01 00:00:00.000000
SELECT TO_TIMESTAMP('MAR', 'FXMONTH') FROM DUAL;
TO_TIMESTAMP('MAR', 'FXMONTH')
NULL
Warnings:
Warning	1411	Incorrect datetime value: 'MAR' for function to_timestamp
SELECT TO_TIMESTAMP('MARCH', 'FXMONTH') FROM DUAL;
TO_TIMESTAMP('MARCH', 'FXMONTH')
2022-03-01 00:00:00.000000
SELECT TO_TIMESTAMP('MARCH', 'FXmonth') FROM DUAL;
TO_TIMESTAMP('MARCH', 'FXmonth')
2022-03-01 00:00:00.000000
SELECT TO_TIMESTAMP('MARCH', 'FXMonth') FROM DUAL;
TO_TIMESTAMP('MARCH', 'FXMonth')
2022-03-01 00:00:00.000000
SELECT TO_TIMESTAMP('march', 'FXMONTH') FROM DUAL;
TO_TIMESTAMP('march', 'FXMONTH')
2022-03-01 00:00:00.000000
SELECT TO_TIMESTAMP('MAR', 'MON') FROM DUAL;
TO_TIMESTAMP('MAR', 'MON')
2022-03-01 00:00:00.000000
SELECT TO_TIMESTAMP('MAR', 'FMMON') FROM DUAL;
TO_TIMESTAMP('MAR', 'FMMON')
2022-03-01 00:00:00.000000
SELECT TO_TIMESTAMP('MARTH', 'MON') FROM DUAL;
TO_TIMESTAMP('MARTH', 'MON')
NULL
Warnings:
Warning	1411	Incorrect datetime value: 'MARTH' for function to_timestamp
SELECT TO_TIMESTAMP('MARTH', 'FXMON') FROM DUAL;
TO_TIMESTAMP('MARTH', 'FXMON')
NULL
Warnings:
Warning	1411	Incorrect datetime value: 'MARTH' for function to_timestamp
SELECT TO_TIMESTAMP('MAR', 'FXMON') FROM DUAL;
TO_TIMESTAMP('MAR', 'FXMON')
2022-03-01 00:00:00.000000
SELECT TO_TIMESTAMP('MAR', 'FXmon') FROM DUAL;
TO_TIMESTAMP('MAR', 'FXmon')
2022-03-01 00:00:00.000000
SELECT TO_TIMESTAMP('MAR', 'FXMon') FROM DUAL;
TO_TIMESTAMP('MAR', 'FXMon')
2022-03-01 00:00:00.000000
SELECT TO_TIMESTAMP('mar', 'FXMON') FROM DUAL;
TO_TIMESTAMP('mar', 'FXMON')
2022-03-01 00:00:00.000000
SELECT TO_TIMESTAMP('2', 'D') FROM DUAL;
TO_TIMESTAMP('2', 'D')
2022-08-01 00:00:00.000000
SELECT TO_TIMESTAMP('2', 'FMD') FROM DUAL;
TO_TIMESTAMP('2', 'FMD')
2022-08-01 00:00:00.000000
SELECT TO_TIMESTAMP('2', 'FXD') FROM DUAL;
TO_TIMESTAMP('2', 'FXD')
2022-08-01 00:00:00.000000
SELECT TO_TIMESTAMP('22', 'FXD') FROM DUAL;
TO_TIMESTAMP('22', 'FXD')
NULL
Warnings:
Warning	1411	Incorrect datetime value: '22' for function to_timestamp
SELECT TO_TIMESTAMP('2', 'FXFMD') FROM DUAL;
TO_TIMESTAMP('2', 'FXFMD')
2022-08-01 00:00:00.000000
SELECT TO_TIMESTAMP('2', 'DD') FROM DUAL;
TO_TIMESTAMP('2', 'DD')
2022-08-02 00:00:00.000000
SELECT TO_TIMESTAMP('2', 'FMDD') FROM DUAL;
TO_TIMESTAMP('2', 'FMDD')
2022-08-02 00:00:00.000000
SELECT TO_TIMESTAMP('2', 'FXDD') FROM DUAL;
TO_TIMESTAMP('2', 'FXDD')
NULL
Warnings:
Warning	1411	Incorrect datetime value: '2' for function to_timestamp
SELECT TO_TIMESTAMP('02', 'FXDD') FROM DUAL;
TO_TIMESTAMP('02', 'FXDD')
2022-08-02 00:00:00.000000
SELECT TO_TIMESTAMP('2', 'FXFMDD') FROM DUAL;
TO_TIMESTAMP('2', 'FXFMDD')
2022-08-02 00:00:00.000000
SELECT TO_TIMESTAMP('2', 'HH') FROM DUAL;
TO_TIMESTAMP('2', 'HH')
2022-08-01 02:00:00.000000
SELECT TO_TIMESTAMP('2', 'FMHH') FROM DUAL;
TO_TIMESTAMP('2', 'FMHH')
2022-08-01 02:00:00.000000
SELECT TO_TIMESTAMP('2', 'FXHH') FROM DUAL;
TO_TIMESTAMP('2', 'FXHH')
NULL
Warnings:
Warning	1411	Incorrect datetime value: '2' for function to_timestamp
SELECT TO_TIMESTAMP('02', 'FXHH') FROM DUAL;
TO_TIMESTAMP('02', 'FXHH')
2022-08-01 02:00:00.000000
SELECT TO_TIMESTAMP('2', 'FXFMHH') FROM DUAL;
TO_TIMESTAMP('2', 'FXFMHH')
2022-08-01 02:00:00.000000
SELECT TO_TIMESTAMP('2', 'HH12') FROM DUAL;
TO_TIMESTAMP('2', 'HH12')
2022-08-01 02:00:00.000000
SELECT TO_TIMESTAMP('2', 'FMHH12') FROM DUAL;
TO_TIMESTAMP('2', 'FMHH12')
2022-08-01 02:00:00.000000
SELECT TO_TIMESTAMP('2', 'FXHH12') FROM DUAL;
TO_TIMESTAMP('2', 'FXHH12')
NULL
Warnings:
Warning	1411	Incorrect datetime value: '2' for function to_timestamp
SELECT TO_TIMESTAMP('02', 'FXHH12') FROM DUAL;
TO_TIMESTAMP('02', 'FXHH12')
2022-08-01 02:00:00.000000
SELECT TO_TIMESTAMP('2', 'FXFMHH12') FROM DUAL;
TO_TIMESTAMP('2', 'FXFMHH12')
2022-08-01 02:00:00.000000
SELECT TO_TIMESTAMP('2', 'HH24') FROM DUAL;
TO_TIMESTAMP('2', 'HH24')
2022-08-01 02:00:00.000000
SELECT TO_TIMESTAMP('2', 'FMHH24') FROM DUAL;
TO_TIMESTAMP('2', 'FMHH24')
2022-08-01 02:00:00.000000
SELECT TO_TIMESTAMP('2', 'FXHH24') FROM DUAL;
TO_TIMESTAMP('2', 'FXHH24')
NULL
Warnings:
Warning	1411	Incorrect datetime value: '2' for function to_timestamp
SELECT TO_TIMESTAMP('02', 'FXHH24') FROM DUAL;
TO_TIMESTAMP('02', 'FXHH24')
2022-08-01 02:00:00.000000
SELECT TO_TIMESTAMP('2', 'FXFMHH24') FROM DUAL;
TO_TIMESTAMP('2', 'FXFMHH24')
2022-08-01 02:00:00.000000
SELECT TO_TIMESTAMP('2', 'MI') FROM DUAL;
TO_TIMESTAMP('2', 'MI')
2022-08-01 00:02:00.000000
SELECT TO_TIMESTAMP('2', 'FMMI') FROM DUAL;
TO_TIMESTAMP('2', 'FMMI')
2022-08-01 00:02:00.000000
SELECT TO_TIMESTAMP('2', 'FXMI') FROM DUAL;
TO_TIMESTAMP('2', 'FXMI')
NULL
Warnings:
Warning	1411	Incorrect datetime value: '2' for function to_timestamp
SELECT TO_TIMESTAMP('02', 'FXMI') FROM DUAL;
TO_TIMESTAMP('02', 'FXMI')
2022-08-01 00:02:00.000000
SELECT TO_TIMESTAMP('2', 'FXFMMI') FROM DUAL;
TO_TIMESTAMP('2', 'FXFMMI')
2022-08-01 00:02:00.000000
SELECT TO_TIMESTAMP('2', 'SS') FROM DUAL;
TO_TIMESTAMP('2', 'SS')
2022-08-01 00:00:02.000000
SELECT TO_TIMESTAMP('2', 'FMSS') FROM DUAL;
TO_TIMESTAMP('2', 'FMSS')
2022-08-01 00:00:02.000000
SELECT TO_TIMESTAMP('2', 'FXSS') FROM DUAL;
TO_TIMESTAMP('2', 'FXSS')
NULL
Warnings:
Warning	1411	Incorrect datetime value: '2' for function to_timestamp
SELECT TO_TIMESTAMP('02', 'FXSS') FROM DUAL;
TO_TIMESTAMP('02', 'FXSS')
2022-08-01 00:00:02.000000
SELECT TO_TIMESTAMP('2', 'FXFMSS') FROM DUAL;
TO_TIMESTAMP('2', 'FXFMSS')
2022-08-01 00:00:02.000000
SELECT TO_TIMESTAMP('2003-01-02 10:11:12.123','YYYY-MM-DD HH12:MI:SS.FF3') FROM DUAL ;
TO_TIMESTAMP('2003-01-02 10:11:12.123','YYYY-MM-DD HH12:MI:SS.FF3')
2003-01-02 10:11:12.123000
SELECT TO_TIMESTAMP('2003-01-02 10:11:12.123456','YYYY-MM-DD HH12:MI:SS.FF6') FROM DUAL ;
TO_TIMESTAMP('2003-01-02 10:11:12.123456','YYYY-MM-DD HH12:MI:SS.FF6')
2003-01-02 10:11:12.123456
SELECT TO_TIMESTAMP('2003-01-02 10:11:12.123','YYYY-MM-DD HH12:MI:SS.FMFF6') FROM DUAL ;
TO_TIMESTAMP('2003-01-02 10:11:12.123','YYYY-MM-DD HH12:MI:SS.FMFF6')
2003-01-02 10:11:12.123000
SELECT TO_TIMESTAMP('2003-01-02 10:11:12.123','YYYY-MM-DD HH12:MI:SS.FXFF') FROM DUAL ;
TO_TIMESTAMP('2003-01-02 10:11:12.123','YYYY-MM-DD HH12:MI:SS.FXFF')
NULL
Warnings:
Warning	1411	Incorrect datetime value: '2003-01-02 10:11:12.123' for function to_timestamp
SELECT TO_TIMESTAMP('2003-01-02 10:11:12.123456','YYYY-MM-DD HH12:MI:SS.FXFF') FROM DUAL ;
TO_TIMESTAMP('2003-01-02 10:11:12.123456','YYYY-MM-DD HH12:MI:SS.FXFF')
2003-01-02 10:11:12.123456
SELECT TO_TIMESTAMP('2003-01-02 10:11:12.123','YYYY-MM-DD HH12:MI:SS.FXFMFF') FROM DUAL ;
TO_TIMESTAMP('2003-01-02 10:11:12.123','YYYY-MM-DD HH12:MI:SS.FXFMFF')
2003-01-02 10:11:12.123000
SELECT TO_TIMESTAMP('11 PM', 'HH12 PM') FROM DUAL ;
TO_TIMESTAMP('11 PM', 'HH12 PM')
2022-08-01 23:00:00.000000
SELECT TO_TIMESTAMP('11 P.M.', 'HH12 P.M.') FROM DUAL ;
TO_TIMESTAMP('11 P.M.', 'HH12 P.M.')
2022-08-01 23:00:00.000000
SELECT TO_TIMESTAMP('11 PM', 'HH12 AM') FROM DUAL ;
TO_TIMESTAMP('11 PM', 'HH12 AM')
2022-08-01 23:00:00.000000
SELECT TO_TIMESTAMP('11 P.M.', 'HH12 A.M.') FROM DUAL ;
TO_TIMESTAMP('11 P.M.', 'HH12 A.M.')
2022-08-01 23:00:00.000000
SELECT TO_TIMESTAMP('11 PM', 'HH12 FXAM') FROM DUAL ;
TO_TIMESTAMP('11 PM', 'HH12 FXAM')
2022-08-01 23:00:00.000000
SELECT TO_TIMESTAMP('11 P.M.', 'HH12 FXA.M.') FROM DUAL ;
TO_TIMESTAMP('11 P.M.', 'HH12 FXA.M.')
2022-08-01 23:00:00.000000
SELECT TO_TIMESTAMP('mon', 'DY') FROM DUAL ;
TO_TIMESTAMP('mon', 'DY')
2022-08-01 00:00:00.000000
SELECT TO_TIMESTAMP('mon', 'Dy') FROM DUAL ;
TO_TIMESTAMP('mon', 'Dy')
2022-08-01 00:00:00.000000
SELECT TO_TIMESTAMP('mon', 'dy') FROM DUAL ;
TO_TIMESTAMP('mon', 'dy')
2022-08-01 00:00:00.000000
SELECT TO_TIMESTAMP('mon', 'FMDY') FROM DUAL ;
TO_TIMESTAMP('mon', 'FMDY')
2022-08-01 00:00:00.000000
SELECT TO_TIMESTAMP('mon', 'FXDY') FROM DUAL ;
TO_TIMESTAMP('mon', 'FXDY')
2022-08-01 00:00:00.000000
SELECT TO_TIMESTAMP('mon', 'FXFMDY') FROM DUAL ;
TO_TIMESTAMP('mon', 'FXFMDY')
2022-08-01 00:00:00.000000
SELECT TO_TIMESTAMP('monday', 'DAY') FROM DUAL ;
TO_TIMESTAMP('monday', 'DAY')
2022-08-01 00:00:00.000000
SELECT TO_TIMESTAMP('monday', 'Day') FROM DUAL ;
TO_TIMESTAMP('monday', 'Day')
2022-08-01 00:00:00.000000
SELECT TO_TIMESTAMP('monday', 'day') FROM DUAL ;
TO_TIMESTAMP('monday', 'day')
2022-08-01 00:00:00.000000
SELECT TO_TIMESTAMP('monday', 'FMDAY') FROM DUAL ;
TO_TIMESTAMP('monday', 'FMDAY')
2022-08-01 00:00:00.000000
SELECT TO_TIMESTAMP('monday', 'FXDAY') FROM DUAL ;
TO_TIMESTAMP('monday', 'FXDAY')
2022-08-01 00:00:00.000000
SELECT TO_TIMESTAMP('monday', 'FXFMDAY') FROM DUAL ;
TO_TIMESTAMP('monday', 'FXFMDAY')
2022-08-01 00:00:00.000000
SELECT TO_TIMESTAMP('2459949', 'J') FROM DUAL ;
TO_TIMESTAMP('2459949', 'J')
2023-01-04 00:00:00.000000
SELECT TO_TIMESTAMP('2459949', 'FMJ') FROM DUAL ;
TO_TIMESTAMP('2459949', 'FMJ')
2023-01-04 00:00:00.000000
SELECT TO_TIMESTAMP('2459949', 'FXJ') FROM DUAL ;
TO_TIMESTAMP('2459949', 'FXJ')
2023-01-04 00:00:00.000000
SELECT TO_TIMESTAMP('2459949', 'FXJ') FROM DUAL ;
TO_TIMESTAMP('2459949', 'FXJ')
2023-01-04 00:00:00.000000
SELECT TO_TIMESTAMP('2459949', 'FXFMJ') FROM DUAL ;
TO_TIMESTAMP('2459949', 'FXFMJ')
2023-01-04 00:00:00.000000
SELECT TO_TIMESTAMP('9999', 'SSSSS') FROM DUAL ;
TO_TIMESTAMP('9999', 'SSSSS')
2022-08-01 02:46:39.000000
SELECT TO_TIMESTAMP('9999', 'FMSSSSS') FROM DUAL ;
TO_TIMESTAMP('9999', 'FMSSSSS')
2022-08-01 02:46:39.000000
SELECT TO_TIMESTAMP('9999', 'FXSSSSS') FROM DUAL ;
TO_TIMESTAMP('9999', 'FXSSSSS')
NULL
Warnings:
Warning	1411	Incorrect datetime value: '9999' for function to_timestamp
SELECT TO_TIMESTAMP('09999', 'FXSSSSS') FROM DUAL ;
TO_TIMESTAMP('09999', 'FXSSSSS')
2022-08-01 02:46:39.000000
SELECT TO_TIMESTAMP('9999', 'FXFMSSSSS') FROM DUAL ;
TO_TIMESTAMP('9999', 'FXFMSSSSS')
2022-08-01 02:46:39.000000
SELECT TO_TIMESTAMP ('2022', 'Y,YYY') FROM DUAL ;
TO_TIMESTAMP ('2022', 'Y,YYY')
2022-08-01 00:00:00.000000
SELECT TO_TIMESTAMP ('2022', 'FMY,YYY') FROM DUAL ;
TO_TIMESTAMP ('2022', 'FMY,YYY')
2022-08-01 00:00:00.000000
SELECT TO_TIMESTAMP ('2022', 'FXY,YYY') FROM DUAL ;
TO_TIMESTAMP ('2022', 'FXY,YYY')
NULL
Warnings:
Warning	1411	Incorrect datetime value: '2022' for function to_timestamp
SELECT TO_TIMESTAMP ('2022', 'FXFMY,YYY') FROM DUAL ;
TO_TIMESTAMP ('2022', 'FXFMY,YYY')
2022-08-01 00:00:00.000000
SELECT TO_TIMESTAMP ('2,022', 'Y,YYY') FROM DUAL ;
TO_TIMESTAMP ('2,022', 'Y,YYY')
2022-08-01 00:00:00.000000
SELECT TO_TIMESTAMP ('2,022', 'FMY,YYY') FROM DUAL ;
TO_TIMESTAMP ('2,022', 'FMY,YYY')
2022-08-01 00:00:00.000000
SELECT TO_TIMESTAMP ('2,022', 'FXY,YYY') FROM DUAL ;
TO_TIMESTAMP ('2,022', 'FXY,YYY')
2022-08-01 00:00:00.000000
SELECT TO_TIMESTAMP ('2,022', 'FXFMY,YYY') FROM DUAL ;
TO_TIMESTAMP ('2,022', 'FXFMY,YYY')
2022-08-01 00:00:00.000000
SELECT TO_TIMESTAMP ('20,22', 'Y,YYY') FROM DUAL ;
TO_TIMESTAMP ('20,22', 'Y,YYY')
2022-08-01 00:00:00.000000
SELECT TO_TIMESTAMP ('20,22', 'FMY,YYY') FROM DUAL ;
TO_TIMESTAMP ('20,22', 'FMY,YYY')
2022-08-01 00:00:00.000000
SELECT TO_TIMESTAMP ('20,22', 'FXY,YYY') FROM DUAL ;
TO_TIMESTAMP ('20,22', 'FXY,YYY')
2022-08-01 00:00:00.000000
SELECT TO_TIMESTAMP ('20,22', 'FXFMY,YYY') FROM DUAL ;
TO_TIMESTAMP ('20,22', 'FXFMY,YYY')
2022-08-01 00:00:00.000000
SELECT TO_TIMESTAMP ('202,2', 'Y,YYY') FROM DUAL ;
TO_TIMESTAMP ('202,2', 'Y,YYY')
2022-08-01 00:00:00.000000
SELECT TO_TIMESTAMP ('202,2', 'FMY,YYY') FROM DUAL ;
TO_TIMESTAMP ('202,2', 'FMY,YYY')
2022-08-01 00:00:00.000000
SELECT TO_TIMESTAMP ('202,2', 'FXY,YYY') FROM DUAL ;
TO_TIMESTAMP ('202,2', 'FXY,YYY')
2022-08-01 00:00:00.000000
SELECT TO_TIMESTAMP ('202,2', 'FXFMY,YYY') FROM DUAL ;
TO_TIMESTAMP ('202,2', 'FXFMY,YYY')
2022-08-01 00:00:00.000000
SELECT TO_TIMESTAMP ('20,2', 'Y,YYY') FROM DUAL ;
TO_TIMESTAMP ('20,2', 'Y,YYY')
0202-08-01 00:00:00.000000
SELECT TO_TIMESTAMP ('20,2', 'FMY,YYY') FROM DUAL ;
TO_TIMESTAMP ('20,2', 'FMY,YYY')
0202-08-01 00:00:00.000000
SELECT TO_TIMESTAMP ('20,2', 'FXY,YYY') FROM DUAL ;
TO_TIMESTAMP ('20,2', 'FXY,YYY')
NULL
Warnings:
Warning	1411	Incorrect datetime value: '20,2' for function to_timestamp
SELECT TO_TIMESTAMP ('20,2', 'FXFMY,YYY') FROM DUAL ;
TO_TIMESTAMP ('20,2', 'FXFMY,YYY')
0202-08-01 00:00:00.000000
SELECT TO_TIMESTAMP ('2', 'Y,YYY') FROM DUAL ;
TO_TIMESTAMP ('2', 'Y,YYY')
0002-08-01 00:00:00.000000
SELECT TO_TIMESTAMP ('2', 'FMY,YYY') FROM DUAL ;
TO_TIMESTAMP ('2', 'FMY,YYY')
0002-08-01 00:00:00.000000
SELECT TO_TIMESTAMP ('2', 'FXY,YYY') FROM DUAL ;
TO_TIMESTAMP ('2', 'FXY,YYY')
NULL
Warnings:
Warning	1411	Incorrect datetime value: '2' for function to_timestamp
SELECT TO_TIMESTAMP ('2', 'FXFMY,YYY') FROM DUAL ;
TO_TIMESTAMP ('2', 'FXFMY,YYY')
0002-08-01 00:00:00.000000
SELECT TO_TIMESTAMP ('22,', 'Y,YYY') FROM DUAL ;
TO_TIMESTAMP ('22,', 'Y,YYY')
0022-08-01 00:00:00.000000
SELECT TO_TIMESTAMP ('22,', 'FMY,YYY') FROM DUAL ;
TO_TIMESTAMP ('22,', 'FMY,YYY')
0022-08-01 00:00:00.000000
SELECT TO_TIMESTAMP ('22,', 'FXY,YYY') FROM DUAL ;
TO_TIMESTAMP ('22,', 'FXY,YYY')
NULL
Warnings:
Warning	1411	Incorrect datetime value: '22,' for function to_timestamp
SELECT TO_TIMESTAMP ('22,', 'FXFMY,YYY') FROM DUAL ;
TO_TIMESTAMP ('22,', 'FXFMY,YYY')
0022-08-01 00:00:00.000000
SELECT TO_TIMESTAMP ('00011-12', 'Y,YYY-MM') FROM DUAL ;
TO_TIMESTAMP ('00011-12', 'Y,YYY-MM')
0011-12-01 00:00:00.000000
SELECT TO_TIMESTAMP ('00011-12', 'FMY,YYY-MM') FROM DUAL ;
TO_TIMESTAMP ('00011-12', 'FMY,YYY-MM')
0011-12-01 00:00:00.000000
SELECT TO_TIMESTAMP ('00011-12', 'FXY,YYY-MM') FROM DUAL ;
TO_TIMESTAMP ('00011-12', 'FXY,YYY-MM')
0011-12-01 00:00:00.000000
SELECT TO_TIMESTAMP ('00011-12', 'FXFMY,YYY-MM') FROM DUAL ;
TO_TIMESTAMP ('00011-12', 'FXFMY,YYY-MM')
0011-12-01 00:00:00.000000
SELECT TO_TIMESTAMP ('0001112', 'Y,YYYMM') FROM DUAL ;
TO_TIMESTAMP ('0001112', 'Y,YYYMM')
0011-12-01 00:00:00.000000
SELECT TO_TIMESTAMP ('0001112', 'FMY,YYYMM') FROM DUAL ;
TO_TIMESTAMP ('0001112', 'FMY,YYYMM')
0011-12-01 00:00:00.000000
SELECT TO_TIMESTAMP ('0001112', 'FXY,YYYMM') FROM DUAL ;
TO_TIMESTAMP ('0001112', 'FXY,YYYMM')
0011-12-01 00:00:00.000000
SELECT TO_TIMESTAMP ('0001112', 'FXFMY,YYYMM') FROM DUAL ;
TO_TIMESTAMP ('0001112', 'FXFMY,YYYMM')
0011-12-01 00:00:00.000000
SELECT TO_TIMESTAMP ('0001,-12', 'Y,YYY-MM') FROM DUAL ;
TO_TIMESTAMP ('0001,-12', 'Y,YYY-MM')
0001-12-01 00:00:00.000000
SELECT TO_TIMESTAMP ('0001,-12', 'FMY,YYY-MM') FROM DUAL ;
TO_TIMESTAMP ('0001,-12', 'FMY,YYY-MM')
0001-12-01 00:00:00.000000
SELECT TO_TIMESTAMP ('0001,-12', 'FXY,YYY-MM') FROM DUAL ;
TO_TIMESTAMP ('0001,-12', 'FXY,YYY-MM')
0001-12-01 00:00:00.000000
SELECT TO_TIMESTAMP ('0001,-12', 'FXFMY,YYY-MM') FROM DUAL ;
TO_TIMESTAMP ('0001,-12', 'FXFMY,YYY-MM')
0001-12-01 00:00:00.000000
SELECT TO_TIMESTAMP ('0001,0-12', 'Y,YYY-MM') FROM DUAL ;
TO_TIMESTAMP ('0001,0-12', 'Y,YYY-MM')
0010-12-01 00:00:00.000000
SELECT TO_TIMESTAMP ('0001,0-12', 'FMY,YYY-MM') FROM DUAL ;
TO_TIMESTAMP ('0001,0-12', 'FMY,YYY-MM')
0010-12-01 00:00:00.000000
SELECT TO_TIMESTAMP ('0001,0-12', 'FXY,YYY-MM') FROM DUAL ;
TO_TIMESTAMP ('0001,0-12', 'FXY,YYY-MM')
NULL
Warnings:
Warning	1411	Incorrect datetime value: '0001,0-12' for function to_timestamp
SELECT TO_TIMESTAMP ('0001,0-12', 'FXFMY,YYY-MM') FROM DUAL ;
TO_TIMESTAMP ('0001,0-12', 'FXFMY,YYY-MM')
0010-12-01 00:00:00.000000
SELECT TO_TIMESTAMP ('0001,12', 'Y,YYYMM') FROM DUAL ;
TO_TIMESTAMP ('0001,12', 'Y,YYYMM')
0011-02-01 00:00:00.000000
SELECT TO_TIMESTAMP ('0001,12', 'FMY,YYYMM') FROM DUAL ;
TO_TIMESTAMP ('0001,12', 'FMY,YYYMM')
0011-02-01 00:00:00.000000
SELECT TO_TIMESTAMP ('0001,12', 'FXY,YYYMM') FROM DUAL ;
TO_TIMESTAMP ('0001,12', 'FXY,YYYMM')
NULL
Warnings:
Warning	1411	Incorrect datetime value: '0001,12' for function to_timestamp
SELECT TO_TIMESTAMP ('0001,12', 'FXFMY,YYYMM') FROM DUAL ;
TO_TIMESTAMP ('0001,12', 'FXFMY,YYYMM')
0011-02-01 00:00:00.000000
SELECT TO_TIMESTAMP ('0000,12', 'Y,YYYMM') FROM DUAL ;
TO_TIMESTAMP ('0000,12', 'Y,YYYMM')
0001-02-01 00:00:00.000000
SELECT TO_TIMESTAMP ('0000,12', 'FMY,YYYMM') FROM DUAL ;
TO_TIMESTAMP ('0000,12', 'FMY,YYYMM')
0001-02-01 00:00:00.000000
SELECT TO_TIMESTAMP ('0000,12', 'FXY,YYYMM') FROM DUAL ;
TO_TIMESTAMP ('0000,12', 'FXY,YYYMM')
NULL
Warnings:
Warning	1411	Incorrect datetime value: '0000,12' for function to_timestamp
SELECT TO_TIMESTAMP ('0000,12', 'FXFMY,YYYMM') FROM DUAL ;
TO_TIMESTAMP ('0000,12', 'FXFMY,YYYMM')
0001-02-01 00:00:00.000000
SELECT TO_TIMESTAMP ('000,1211', 'Y,YYYMM') FROM DUAL ;
TO_TIMESTAMP ('000,1211', 'Y,YYYMM')
0012-11-01 00:00:00.000000
SELECT TO_TIMESTAMP ('000,1211', 'FMY,YYYMM') FROM DUAL ;
TO_TIMESTAMP ('000,1211', 'FMY,YYYMM')
0012-11-01 00:00:00.000000
SELECT TO_TIMESTAMP ('000,11-01', 'FXY,YYY-MM') FROM DUAL ;
TO_TIMESTAMP ('000,11-01', 'FXY,YYY-MM')
NULL
Warnings:
Warning	1411	Incorrect datetime value: '000,11-01' for function to_timestamp
SELECT TO_TIMESTAMP ('000,1211', 'FXFMY,YYYMM') FROM DUAL ;
TO_TIMESTAMP ('000,1211', 'FXFMY,YYYMM')
0012-11-01 00:00:00.000000
SELECT TO_TIMESTAMP ('000112', 'Y,YYYMM') FROM DUAL ;
TO_TIMESTAMP ('000112', 'Y,YYYMM')
0011-02-01 00:00:00.000000
SELECT TO_TIMESTAMP ('000112', 'FMY,YYYMM') FROM DUAL ;
TO_TIMESTAMP ('000112', 'FMY,YYYMM')
0011-02-01 00:00:00.000000
SELECT TO_TIMESTAMP ('000112', 'FXY,YYYMM') FROM DUAL ;
TO_TIMESTAMP ('000112', 'FXY,YYYMM')
NULL
Warnings:
Warning	1411	Incorrect datetime value: '000112' for function to_timestamp
SELECT TO_TIMESTAMP ('000112', 'FXFMY,YYYMM') FROM DUAL ;
TO_TIMESTAMP ('000112', 'FXFMY,YYYMM')
0011-02-01 00:00:00.000000
SELECT TO_TIMESTAMP ('2,222-11', 'Y,YYY-MM') FROM DUAL ;
TO_TIMESTAMP ('2,222-11', 'Y,YYY-MM')
2222-11-01 00:00:00.000000
SELECT TO_TIMESTAMP ('2,222-11', 'FMY,YYY-MM') FROM DUAL ;
TO_TIMESTAMP ('2,222-11', 'FMY,YYY-MM')
2222-11-01 00:00:00.000000
SELECT TO_TIMESTAMP ('2,222-11', 'FXY,YYY-MM') FROM DUAL ;
TO_TIMESTAMP ('2,222-11', 'FXY,YYY-MM')
2222-11-01 00:00:00.000000
SELECT TO_TIMESTAMP ('2,222-11', 'FXFMY,YYY-MM') FROM DUAL ;
TO_TIMESTAMP ('2,222-11', 'FXFMY,YYY-MM')
2222-11-01 00:00:00.000000
SELECT TO_TIMESTAMP ('00,2211', 'Y,YYYMM') FROM DUAL ;
TO_TIMESTAMP ('00,2211', 'Y,YYYMM')
0221-01-01 00:00:00.000000
SELECT TO_TIMESTAMP ('00,2211', 'FMY,YYYMM') FROM DUAL ;
TO_TIMESTAMP ('00,2211', 'FMY,YYYMM')
0221-01-01 00:00:00.000000
SELECT TO_TIMESTAMP ('00,2211', 'FXY,YYYMM') FROM DUAL ;
TO_TIMESTAMP ('00,2211', 'FXY,YYYMM')
NULL
Warnings:
Warning	1411	Incorrect datetime value: '00,2211' for function to_timestamp
SELECT TO_TIMESTAMP ('00,2211', 'FXFMY,YYYMM') FROM DUAL ;
TO_TIMESTAMP ('00,2211', 'FXFMY,YYYMM')
0221-01-01 00:00:00.000000
SELECT TO_TIMESTAMP ('01,2211', 'Y,YYYMM') FROM DUAL ;
TO_TIMESTAMP ('01,2211', 'Y,YYYMM')
1221-01-01 00:00:00.000000
SELECT TO_TIMESTAMP ('01,2211', 'FMY,YYYMM') FROM DUAL ;
TO_TIMESTAMP ('01,2211', 'FMY,YYYMM')
1221-01-01 00:00:00.000000
SELECT TO_TIMESTAMP ('01,2211', 'FXY,YYYMM') FROM DUAL ;
TO_TIMESTAMP ('01,2211', 'FXY,YYYMM')
NULL
Warnings:
Warning	1411	Incorrect datetime value: '01,2211' for function to_timestamp
SELECT TO_TIMESTAMP ('01,2211', 'FXFMY,YYYMM') FROM DUAL ;
TO_TIMESTAMP ('01,2211', 'FXFMY,YYYMM')
1221-01-01 00:00:00.000000
SELECT TO_TIMESTAMP ('2023-01-04', 'YYYY-MM-DD') FROM DUAL ;
TO_TIMESTAMP ('2023-01-04', 'YYYY-MM-DD')
2023-01-04 00:00:00.000000
SELECT TO_TIMESTAMP ('2023/01/04', 'YYYY-MM-DD') FROM DUAL ;
TO_TIMESTAMP ('2023/01/04', 'YYYY-MM-DD')
2023-01-04 00:00:00.000000
SELECT TO_TIMESTAMP ('2023/01/04', 'FXYYYY-MM-DD') FROM DUAL ;
TO_TIMESTAMP ('2023/01/04', 'FXYYYY-MM-DD')
NULL
Warnings:
Warning	1411	Incorrect datetime value: '2023/01/04' for function to_timestamp
SELECT TO_TIMESTAMP ('2023/01/04', 'FMYYYY-MM-DD') FROM DUAL ;
TO_TIMESTAMP ('2023/01/04', 'FMYYYY-MM-DD')
2023-01-04 00:00:00.000000
SELECT TO_TIMESTAMP ('2023/01/04', 'FXFMYYYY-MM-DD') FROM DUAL ;
TO_TIMESTAMP ('2023/01/04', 'FXFMYYYY-MM-DD')
NULL
Warnings:
Warning	1411	Incorrect datetime value: '2023/01/04' for function to_timestamp
SELECT TO_TIMESTAMP ('2023-01-04', 'YYYY--MM-DD') FROM DUAL ;
TO_TIMESTAMP ('2023-01-04', 'YYYY--MM-DD')
2023-01-04 00:00:00.000000
SELECT TO_TIMESTAMP ('2023-01-04', 'FXYYYY--MM-DD') FROM DUAL ;
TO_TIMESTAMP ('2023-01-04', 'FXYYYY--MM-DD')
NULL
Warnings:
Warning	1411	Incorrect datetime value: '2023-01-04' for function to_timestamp
SELECT TO_TIMESTAMP ('  2023-01-04', 'YYYY-MM-DD') FROM DUAL ;
TO_TIMESTAMP ('  2023-01-04', 'YYYY-MM-DD')
2023-01-04 00:00:00.000000
SELECT TO_TIMESTAMP ('  2023-01-04', 'FXYYYY-MM-DD') FROM DUAL ;
TO_TIMESTAMP ('  2023-01-04', 'FXYYYY-MM-DD')
NULL
Warnings:
Warning	1411	Incorrect datetime value: '  2023-01-04' for function to_timestamp
SELECT TO_TIMESTAMP ('  2023-01-04', 'FXFMYYYY-MM-DD') FROM DUAL ;
TO_TIMESTAMP ('  2023-01-04', 'FXFMYYYY-MM-DD')
NULL
Warnings:
Warning	1411	Incorrect datetime value: '  2023-01-04' for function to_timestamp
SELECT TO_TIMESTAMP ('  2023-01-04', 'FMFXYYYY-MM-DD') FROM DUAL ;
TO_TIMESTAMP ('  2023-01-04', 'FMFXYYYY-MM-DD')
NULL
Warnings:
Warning	1411	Incorrect datetime value: '  2023-01-04' for function to_timestamp
SELECT TO_TIMESTAMP ('  2023-01-04', 'FMYYYY-FXMM-DD') FROM DUAL ;
TO_TIMESTAMP ('  2023-01-04', 'FMYYYY-FXMM-DD')
2023-01-04 00:00:00.000000
SELECT TO_TIMESTAMP ('2023- 01-04', 'YYYY-MM-DD') FROM DUAL ;
TO_TIMESTAMP ('2023- 01-04', 'YYYY-MM-DD')
2023-01-04 00:00:00.000000
SELECT TO_TIMESTAMP ('2023- 01-04', 'FMFXYYYY-MM-DD') FROM DUAL ;
TO_TIMESTAMP ('2023- 01-04', 'FMFXYYYY-MM-DD')
NULL
Warnings:
Warning	1411	Incorrect datetime value: '2023- 01-04' for function to_timestamp
SET sql_mode = 'NO_ENGINE_SUBSTITUTION';
create table t1 (date char(60), format char(60) not null);
insert into t1 values
('22-12-21', 'RR-MM-DD'),
('22-DEC-21', 'RR-MON-DD'),
('99-12-21', 'RR-MM-DD'),
('99-DEC-21', 'RR-MON-DD'),
('22-12-12','RRRR-MM-DD'),
('99-12-12','RRRR-MM-DD'),
('49','RR'),
('51','RR'),
('49','RRRR'),
('51','RRRR');
current year '2022'
SET timestamp=UNIX_TIMESTAMP('2022-12-22 00:00:00');
SELECT date,format,to_timestamp(date, format) as to_timestamp from t1;
date	format	to_timestamp
22-12-21	RR-MM-DD	2022-12-21 00:00:00.000000
22-DEC-21	RR-MON-DD	2022-12-21 00:00:00.000000
99-12-21	RR-MM-DD	1999-12-21 00:00:00.000000
99-DEC-21	RR-MON-DD	1999-12-21 00:00:00.000000
22-12-12	RRRR-MM-DD	2022-12-12 00:00:00.000000
99-12-12	RRRR-MM-DD	1999-12-12 00:00:00.000000
49	RR	2049-12-01 00:00:00.000000
51	RR	1951-12-01 00:00:00.000000
49	RRRR	2049-12-01 00:00:00.000000
51	RRRR	1951-12-01 00:00:00.000000
SELECT to_timestamp('221202','RRMMDD');
to_timestamp('221202','RRMMDD')
2022-12-02 00:00:00.000000
SELECT to_timestamp('22JAN02','RRMONDD');
to_timestamp('22JAN02','RRMONDD')
2022-01-02 00:00:00.000000
SELECT to_timestamp('00','RR');
to_timestamp('00','RR')
2000-12-01 00:00:00.000000
SELECT to_timestamp('01','RR');
to_timestamp('01','RR')
2001-12-01 00:00:00.000000
SELECT to_timestamp('99','RR');
to_timestamp('99','RR')
1999-12-01 00:00:00.000000
current year '1998'
set timestamp=UNIX_TIMESTAMP('1998-12-22 00:00:00');
SELECT date,format,to_timestamp(date, format) as to_timestamp from t1;
date	format	to_timestamp
22-12-21	RR-MM-DD	2022-12-21 00:00:00.000000
22-DEC-21	RR-MON-DD	2022-12-21 00:00:00.000000
99-12-21	RR-MM-DD	1999-12-21 00:00:00.000000
99-DEC-21	RR-MON-DD	1999-12-21 00:00:00.000000
22-12-12	RRRR-MM-DD	2022-12-12 00:00:00.000000
99-12-12	RRRR-MM-DD	1999-12-12 00:00:00.000000
49	RR	2049-12-01 00:00:00.000000
51	RR	1951-12-01 00:00:00.000000
49	RRRR	2049-12-01 00:00:00.000000
51	RRRR	1951-12-01 00:00:00.000000
SELECT to_timestamp('221202','RRMMDD');
to_timestamp('221202','RRMMDD')
2022-12-02 00:00:00.000000
SELECT to_timestamp('22JAN02','RRMONDD');
to_timestamp('22JAN02','RRMONDD')
2022-01-02 00:00:00.000000
SELECT to_timestamp('00','RR');
to_timestamp('00','RR')
2000-12-01 00:00:00.000000
SELECT to_timestamp('01','RR');
to_timestamp('01','RR')
2001-12-01 00:00:00.000000
SELECT to_timestamp('99','RR');
to_timestamp('99','RR')
1999-12-01 00:00:00.000000
drop table t1;
