SET  sql_mode=oracle;
SET @@udt_format_result=dba;
CREATE DATABASE tt1;
CREATE DATABASE tt2;
USE tt1;
CREATE OR REPLACE TYPE mydata AS OBJECT(x int, y int);
create or replace function fr_object1(x int, y int) return mydata
as
begin
return mydata(x,y);
end;
//
create or replace function fr_object2(x int, y int) return mydata
as
begin
return tt1.mydata(x,y);
end;
//
USE tt2;
select tt1.fr_object1(5,6) from dual;
tt1.fr_object1(5,6)
x:5 | y:6
select tt1.fr_object2(5,6) from dual;
tt1.fr_object2(5,6)
x:5 | y:6
select tt1.fr_object1(5,6), tt1.fr_object1(3,4)  from dual ;
tt1.fr_object1(5,6)	tt1.fr_object1(3,4)
x:5 | y:6	x:3 | y:4
select tt1.fr_object1(5,6), tt1.fr_object1(3,4)  from dual ;
tt1.fr_object1(5,6)	tt1.fr_object1(3,4)
x:5 | y:6	x:3 | y:4
select tt1.fr_object2(5,6) from dual;
tt1.fr_object2(5,6)
x:5 | y:6
select tt1.fr_object1(5,6) from dual;
tt1.fr_object1(5,6)
x:5 | y:6
use test;
drop DATABASE tt1;
drop DATABASE tt2;
