SET sql_mode=ORACLE;
CREATE OR REPLACE TYPE intarr IS varray(3) OF int;
declare
v intarr;
v1 int;
begin
v := intarr(1,3,5);
v1 := v(2);
SELECT v1 + 5;
end;
//
v1 + 5
8
drop type intarr;
CREATE OR REPLACE TYPE mydata AS OBJECT(x int, y int);
CREATE OR REPLACE TYPE mydataarr IS  varray(3) OF  mydata;
declare
v mydataarr;
v1 mydata;
begin
v := mydataarr(mydata(1,2), mydata(3,4));
v1 := v(2);
SELECT v1.x, v1.y;
end;
//
v1.x	v1.y
3	4
drop type mydataarr;
drop type mydata;
declare
type intarrt25 IS TABLE OF int;
v1 intarrt25;
val intarrt25;
v int;
begin
v1 := intarrt25(2,7,4);
val := v1;
v := val(2);
SELECT v;
end;
//
v
7
